{"type": "FeatureCollection", "features": [{"type": "Feature", "properties": {"id": "0", "name": "Ponto 0"}, "geometry": {"type": "Point", "coordinates": [-39.031677766379474, -4.965200407592772]}}, {"type": "Feature", "properties": {"id": "1", "name": "Ponto 1"}, "geometry": {"type": "Point", "coordinates": [-39.017299313216036, -4.963413777460704]}}, {"type": "Feature", "properties": {"id": "2", "name": "Ponto 2"}, "geometry": {"type": "Point", "coordinates": [-39.01631057615566, -4.970498250982284]}}, {"type": "Feature", "properties": {"id": "3", "name": "Ponto 3"}, "geometry": {"type": "Point", "coordinates": [-39.02945125244539, -4.973204006722459]}}, {"type": "Feature", "properties": {"id": "4", "name": "Ponto 4"}, "geometry": {"type": "Point", "coordinates": [-39.030997518971894, -4.970382815893147]}}, {"type": "Feature", "properties": {"id": "5", "name": "Ponto 5"}, "geometry": {"type": "Point", "coordinates": [-39.022201426285, -4.9667446469755]}}, {"type": "Feature", "properties": {"id": "6", "name": "Ponto 6"}, "geometry": {"type": "Point", "coordinates": [-39.03015898223599, -4.968387112715773]}}, {"type": "Feature", "properties": {"id": "7", "name": "Ponto 7"}, "geometry": {"type": "Point", "coordinates": [-39.011046017092866, -4.968049846245154]}}, {"type": "Feature", "properties": {"id": "8", "name": "Ponto 8"}, "geometry": {"type": "Point", "coordinates": [-39.01137350067386, -4.964336153873969]}}, {"type": "Feature", "properties": {"id": "9", "name": "Ponto 9"}, "geometry": {"type": "Point", "coordinates": [-39.03222467940737, -4.961645632759738]}}, {"type": "Feature", "properties": {"id": "10", "name": "Ponto 10"}, "geometry": {"type": "Point", "coordinates": [-39.01342560449695, -4.974060319526532]}}, {"type": "Feature", "properties": {"id": "11", "name": "Ponto 11"}, "geometry": {"type": "Point", "coordinates": [-39.0218538602422, -4.966172350857438]}}, {"type": "Feature", "properties": {"id": "12", "name": "Ponto 12"}, "geometry": {"type": "Point", "coordinates": [-39.02989381309045, -4.9617352888586215]}}, {"type": "Feature", "properties": {"id": "13", "name": "Ponto 13"}, "geometry": {"type": "Point", "coordinates": [-39.029102901230345, -4.97088481800551]}}, {"type": "Feature", "properties": {"id": "14", "name": "Ponto 14"}, "geometry": {"type": "Point", "coordinates": [-39.021617360618436, -4.963838664741603]}}, {"type": "Feature", "properties": {"id": "15", "name": "Ponto 15"}, "geometry": {"type": "Point", "coordinates": [-39.01113324927353, -4.9714597776422815]}}, {"type": "Feature", "properties": {"id": "16", "name": "Ponto 16"}, "geometry": {"type": "Point", "coordinates": [-39.02635542485932, -4.970329915496549]}}, {"type": "Feature", "properties": {"id": "17", "name": "Ponto 17"}, "geometry": {"type": "Point", "coordinates": [-39.01177915396681, -4.973834894351241]}}, {"type": "Feature", "properties": {"id": "18", "name": "Ponto 18"}, "geometry": {"type": "Point", "coordinates": [-39.02423438976874, -4.9648091078323535]}}, {"type": "Feature", "properties": {"id": "19", "name": "Ponto 19"}, "geometry": {"type": "Point", "coordinates": [-39.017192703967055, -4.962008307437339]}}, {"type": "Feature", "properties": {"id": "20", "name": "Ponto 20"}, "geometry": {"type": "Point", "coordinates": [-39.01712450595114, -4.96271199099504]}}, {"type": "Feature", "properties": {"id": "21", "name": "Ponto 21"}, "geometry": {"type": "Point", "coordinates": [-39.03067177254696, -4.966468924397112]}}, {"type": "Feature", "properties": {"id": "22", "name": "Ponto 22"}, "geometry": {"type": "Point", "coordinates": [-39.010112400890804, -4.961393976558529]}}, {"type": "Feature", "properties": {"id": "23", "name": "Ponto 23"}, "geometry": {"type": "Point", "coordinates": [-39.026501923508846, -4.961340877412048]}}, {"type": "Feature", "properties": {"id": "24", "name": "Ponto 24"}, "geometry": {"type": "Point", "coordinates": [-39.01643374683122, -4.966602823360257]}}, {"type": "Feature", "properties": {"id": "25", "name": "Ponto 25"}, "geometry": {"type": "Point", "coordinates": [-39.02777692041754, -4.9658138716478835]}}, {"type": "Feature", "properties": {"id": "26", "name": "Ponto 26"}, "geometry": {"type": "Point", "coordinates": [-39.02119736671757, -4.962625537556042]}}, {"type": "Feature", "properties": {"id": "27", "name": "Ponto 27"}, "geometry": {"type": "Point", "coordinates": [-39.032452975415744, -4.971450305580414]}}, {"type": "Feature", "properties": {"id": "28", "name": "Ponto 28"}, "geometry": {"type": "Point", "coordinates": [-39.02251791783167, -4.963804938007486]}}, {"type": "Feature", "properties": {"id": "29", "name": "Ponto 29"}, "geometry": {"type": "Point", "coordinates": [-39.01194076134607, -4.973832988851791]}}, {"type": "Feature", "properties": {"id": "30", "name": "Ponto 30"}, "geometry": {"type": "Point", "coordinates": [-39.00971770570047, -4.96219049879535]}}, {"type": "Feature", "properties": {"id": "31", "name": "Ponto 31"}, "geometry": {"type": "Point", "coordinates": [-39.011560623620376, -4.961650572310406]}}, {"type": "Feature", "properties": {"id": "32", "name": "Ponto 32"}, "geometry": {"type": "Point", "coordinates": [-39.02022055455724, -4.962362159619878]}}, {"type": "Feature", "properties": {"id": "33", "name": "Ponto 33"}, "geometry": {"type": "Point", "coordinates": [-39.01792755762635, -4.969464323887548]}}, {"type": "Feature", "properties": {"id": "34", "name": "Ponto 34"}, "geometry": {"type": "Point", "coordinates": [-39.02204385594647, -4.971251939350753]}}, {"type": "Feature", "properties": {"id": "35", "name": "Ponto 35"}, "geometry": {"type": "Point", "coordinates": [-39.00724567376501, -4.969275152787115]}}, {"type": "Feature", "properties": {"id": "36", "name": "Ponto 36"}, "geometry": {"type": "Point", "coordinates": [-39.007374486589086, -4.964930909273161]}}, {"type": "Feature", "properties": {"id": "37", "name": "Ponto 37"}, "geometry": {"type": "Point", "coordinates": [-39.00783317142679, -4.968742347728486]}}, {"type": "Feature", "properties": {"id": "38", "name": "Ponto 38"}, "geometry": {"type": "Point", "coordinates": [-39.01574919553998, -4.961540151137408]}}, {"type": "Feature", "properties": {"id": "39", "name": "Ponto 39"}, "geometry": {"type": "Point", "coordinates": [-39.014330135523146, -4.96658630620587]}}, {"type": "Feature", "properties": {"id": "40", "name": "Ponto 40"}, "geometry": {"type": "Point", "coordinates": [-39.03006881371397, -4.968237512605041]}}, {"type": "Feature", "properties": {"id": "41", "name": "Ponto 41"}, "geometry": {"type": "Point", "coordinates": [-39.02740443844763, -4.969385840083147]}}, {"type": "Feature", "properties": {"id": "42", "name": "Ponto 42"}, "geometry": {"type": "Point", "coordinates": [-39.02294372867981, -4.963143792931689]}}, {"type": "Feature", "properties": {"id": "43", "name": "Ponto 43"}, "geometry": {"type": "Point", "coordinates": [-39.02461441259344, -4.963365560696446]}}, {"type": "Feature", "properties": {"id": "44", "name": "Ponto 44"}, "geometry": {"type": "Point", "coordinates": [-39.02509381626945, -4.968945310936777]}}, {"type": "Feature", "properties": {"id": "45", "name": "Ponto 45"}, "geometry": {"type": "Point", "coordinates": [-39.02728606456894, -4.969587773067932]}}, {"type": "Feature", "properties": {"id": "46", "name": "Ponto 46"}, "geometry": {"type": "Point", "coordinates": [-39.01682125648131, -4.968155816281629]}}, {"type": "Feature", "properties": {"id": "47", "name": "Ponto 47"}, "geometry": {"type": "Point", "coordinates": [-39.02729974691725, -4.9652086451035515]}}, {"type": "Feature", "properties": {"id": "48", "name": "Ponto 48"}, "geometry": {"type": "Point", "coordinates": [-39.022727107408045, -4.968249797883785]}}, {"type": "Feature", "properties": {"id": "49", "name": "Ponto 49"}, "geometry": {"type": "Point", "coordinates": [-39.02674400092277, -4.970644477610331]}}, {"type": "Feature", "properties": {"id": "50", "name": "Ponto 50"}, "geometry": {"type": "Point", "coordinates": [-39.02375980251724, -4.969913078032304]}}, {"type": "Feature", "properties": {"id": "51", "name": "Ponto 51"}, "geometry": {"type": "Point", "coordinates": [-39.00722855514226, -4.971064129188027]}}, {"type": "Feature", "properties": {"id": "52", "name": "Ponto 52"}, "geometry": {"type": "Point", "coordinates": [-39.02221934881798, -4.961878503023597]}}, {"type": "Feature", "properties": {"id": "53", "name": "Ponto 53"}, "geometry": {"type": "Point", "coordinates": [-39.01143198043581, -4.9654220161985965]}}, {"type": "Feature", "properties": {"id": "54", "name": "Ponto 54"}, "geometry": {"type": "Point", "coordinates": [-39.01838967010685, -4.973358096130097]}}, {"type": "Feature", "properties": {"id": "55", "name": "Ponto 55"}, "geometry": {"type": "Point", "coordinates": [-39.01340756576192, -4.971241543548075]}}, {"type": "Feature", "properties": {"id": "56", "name": "Ponto 56"}, "geometry": {"type": "Point", "coordinates": [-39.01537218303959, -4.969885524764926]}}, {"type": "Feature", "properties": {"id": "57", "name": "Ponto 57"}, "geometry": {"type": "Point", "coordinates": [-39.018051266545314, -4.969973820361926]}}, {"type": "Feature", "properties": {"id": "58", "name": "Ponto 58"}, "geometry": {"type": "Point", "coordinates": [-39.00973310667769, -4.961108314240115]}}, {"type": "Feature", "properties": {"id": "59", "name": "Ponto 59"}, "geometry": {"type": "Point", "coordinates": [-39.02544415522745, -4.962775107509742]}}, {"type": "Feature", "properties": {"id": "60", "name": "Ponto 60"}, "geometry": {"type": "Point", "coordinates": [-39.023771491758616, -4.96189733614736]}}, {"type": "Feature", "properties": {"id": "61", "name": "Ponto 61"}, "geometry": {"type": "Point", "coordinates": [-39.027080330871655, -4.963600290643321]}}, {"type": "Feature", "properties": {"id": "62", "name": "Ponto 62"}, "geometry": {"type": "Point", "coordinates": [-39.01136066361242, -4.965804976255276]}}, {"type": "Feature", "properties": {"id": "63", "name": "Ponto 63"}, "geometry": {"type": "Point", "coordinates": [-39.018903690483896, -4.96323553360318]}}, {"type": "Feature", "properties": {"id": "64", "name": "Ponto 64"}, "geometry": {"type": "Point", "coordinates": [-39.029593362166224, -4.971049990812962]}}, {"type": "Feature", "properties": {"id": "65", "name": "Ponto 65"}, "geometry": {"type": "Point", "coordinates": [-39.018300559036575, -4.974276636887182]}}, {"type": "Feature", "properties": {"id": "66", "name": "Ponto 66"}, "geometry": {"type": "Point", "coordinates": [-39.00666290570931, -4.969817043256724]}}, {"type": "Feature", "properties": {"id": "67", "name": "Ponto 67"}, "geometry": {"type": "Point", "coordinates": [-39.03061555013678, -4.967849548687256]}}, {"type": "Feature", "properties": {"id": "68", "name": "Ponto 68"}, "geometry": {"type": "Point", "coordinates": [-39.03107962437422, -4.962374047485975]}}, {"type": "Feature", "properties": {"id": "69", "name": "Ponto 69"}, "geometry": {"type": "Point", "coordinates": [-39.03208253611092, -4.966435976103235]}}, {"type": "Feature", "properties": {"id": "70", "name": "Ponto 70"}, "geometry": {"type": "Point", "coordinates": [-39.0077521377388, -4.972664209547798]}}, {"type": "Feature", "properties": {"id": "71", "name": "Ponto 71"}, "geometry": {"type": "Point", "coordinates": [-39.023831143006944, -4.974355792755762]}}, {"type": "Feature", "properties": {"id": "72", "name": "Ponto 72"}, "geometry": {"type": "Point", "coordinates": [-39.008373944443186, -4.971893200334237]}}, {"type": "Feature", "properties": {"id": "73", "name": "Ponto 73"}, "geometry": {"type": "Point", "coordinates": [-39.0250487758478, -4.963418037920773]}}, {"type": "Feature", "properties": {"id": "74", "name": "Ponto 74"}, "geometry": {"type": "Point", "coordinates": [-39.02466779563283, -4.971172024580485]}}, {"type": "Feature", "properties": {"id": "75", "name": "Ponto 75"}, "geometry": {"type": "Point", "coordinates": [-39.01468996510235, -4.969002567340505]}}, {"type": "Feature", "properties": {"id": "76", "name": "Ponto 76"}, "geometry": {"type": "Point", "coordinates": [-39.011497081136866, -4.973713669837939]}}, {"type": "Feature", "properties": {"id": "77", "name": "Ponto 77"}, "geometry": {"type": "Point", "coordinates": [-39.023642423741784, -4.967269297075689]}}, {"type": "Feature", "properties": {"id": "78", "name": "Ponto 78"}, "geometry": {"type": "Point", "coordinates": [-39.00960876079263, -4.969930710859159]}}, {"type": "Feature", "properties": {"id": "79", "name": "Ponto 79"}, "geometry": {"type": "Point", "coordinates": [-39.01334615635856, -4.968129133248525]}}, {"type": "Feature", "properties": {"id": "80", "name": "Ponto 80"}, "geometry": {"type": "Point", "coordinates": [-39.01672893861457, -4.9656494081014015]}}, {"type": "Feature", "properties": {"id": "81", "name": "Ponto 81"}, "geometry": {"type": "Point", "coordinates": [-39.01116175524578, -4.9620908812328]}}, {"type": "Feature", "properties": {"id": "82", "name": "Ponto 82"}, "geometry": {"type": "Point", "coordinates": [-39.0238241053857, -4.967847949238295]}}, {"type": "Feature", "properties": {"id": "83", "name": "Ponto 83"}, "geometry": {"type": "Point", "coordinates": [-39.02298636996637, -4.97388290126745]}}, {"type": "Feature", "properties": {"id": "84", "name": "Ponto 84"}, "geometry": {"type": "Point", "coordinates": [-39.006718198674136, -4.972720153942509]}}, {"type": "Feature", "properties": {"id": "85", "name": "Ponto 85"}, "geometry": {"type": "Point", "coordinates": [-39.010124718337636, -4.964509286217932]}}, {"type": "Feature", "properties": {"id": "86", "name": "Ponto 86"}, "geometry": {"type": "Point", "coordinates": [-39.02037148047436, -4.967282064209872]}}, {"type": "Feature", "properties": {"id": "87", "name": "Ponto 87"}, "geometry": {"type": "Point", "coordinates": [-39.02884587841574, -4.973576184739104]}}, {"type": "Feature", "properties": {"id": "88", "name": "Ponto 88"}, "geometry": {"type": "Point", "coordinates": [-39.02735948279302, -4.9621775749051675]}}, {"type": "Feature", "properties": {"id": "89", "name": "Ponto 89"}, "geometry": {"type": "Point", "coordinates": [-39.01763895536628, -4.970588313154912]}}, {"type": "Feature", "properties": {"id": "90", "name": "Ponto 90"}, "geometry": {"type": "Point", "coordinates": [-39.02415567270141, -4.9645183107969215]}}, {"type": "Feature", "properties": {"id": "91", "name": "Ponto 91"}, "geometry": {"type": "Point", "coordinates": [-39.027699224932185, -4.96488949410905]}}, {"type": "Feature", "properties": {"id": "92", "name": "Ponto 92"}, "geometry": {"type": "Point", "coordinates": [-39.020597398965805, -4.966370734708595]}}, {"type": "Feature", "properties": {"id": "93", "name": "Ponto 93"}, "geometry": {"type": "Point", "coordinates": [-39.02148563795628, -4.970299955420731]}}, {"type": "Feature", "properties": {"id": "94", "name": "Ponto 94"}, "geometry": {"type": "Point", "coordinates": [-39.0233850558666, -4.961063367145198]}}, {"type": "Feature", "properties": {"id": "95", "name": "Ponto 95"}, "geometry": {"type": "Point", "coordinates": [-39.02279543592213, -4.966638971071985]}}, {"type": "Feature", "properties": {"id": "96", "name": "Ponto 96"}, "geometry": {"type": "Point", "coordinates": [-39.01689350060505, -4.9653785448028565]}}, {"type": "Feature", "properties": {"id": "97", "name": "Ponto 97"}, "geometry": {"type": "Point", "coordinates": [-39.01176460677461, -4.96140444232702]}}, {"type": "Feature", "properties": {"id": "98", "name": "Ponto 98"}, "geometry": {"type": "Point", "coordinates": [-39.02056247204276, -4.96838005363157]}}, {"type": "Feature", "properties": {"id": "99", "name": "Ponto 99"}, "geometry": {"type": "Point", "coordinates": [-39.01205359092556, -4.966230411039845]}}, {"type": "Feature", "properties": {"id": "100", "name": "Ponto 100"}, "geometry": {"type": "Point", "coordinates": [-39.03112108946537, -4.9688848922489415]}}, {"type": "Feature", "properties": {"id": "101", "name": "Ponto 101"}, "geometry": {"type": "Point", "coordinates": [-39.01004173881521, -4.970768226516518]}}, {"type": "Feature", "properties": {"id": "102", "name": "Ponto 102"}, "geometry": {"type": "Point", "coordinates": [-39.02541002385373, -4.965936728116246]}}, {"type": "Feature", "properties": {"id": "103", "name": "Ponto 103"}, "geometry": {"type": "Point", "coordinates": [-39.0106188129366, -4.965074306706996]}}, {"type": "Feature", "properties": {"id": "104", "name": "Ponto 104"}, "geometry": {"type": "Point", "coordinates": [-39.01929697862667, -4.9645853995135285]}}, {"type": "Feature", "properties": {"id": "105", "name": "Ponto 105"}, "geometry": {"type": "Point", "coordinates": [-39.028712676406535, -4.970011473643452]}}, {"type": "Feature", "properties": {"id": "106", "name": "Ponto 106"}, "geometry": {"type": "Point", "coordinates": [-39.01705479718522, -4.9624343212385975]}}, {"type": "Feature", "properties": {"id": "107", "name": "Ponto 107"}, "geometry": {"type": "Point", "coordinates": [-39.031830175837385, -4.9670896122203585]}}, {"type": "Feature", "properties": {"id": "108", "name": "Ponto 108"}, "geometry": {"type": "Point", "coordinates": [-39.02622794473553, -4.97131458888686]}}, {"type": "Feature", "properties": {"id": "109", "name": "Ponto 109"}, "geometry": {"type": "Point", "coordinates": [-39.02136059742667, -4.965797172450237]}}, {"type": "Feature", "properties": {"id": "110", "name": "Ponto 110"}, "geometry": {"type": "Point", "coordinates": [-39.028813688476895, -4.9653268621930975]}}, {"type": "Feature", "properties": {"id": "111", "name": "Ponto 111"}, "geometry": {"type": "Point", "coordinates": [-39.02522179318774, -4.965245274783578]}}, {"type": "Feature", "properties": {"id": "112", "name": "Ponto 112"}, "geometry": {"type": "Point", "coordinates": [-39.00748583134042, -4.967155579761189]}}, {"type": "Feature", "properties": {"id": "113", "name": "Ponto 113"}, "geometry": {"type": "Point", "coordinates": [-39.023392470454574, -4.971906050492832]}}, {"type": "Feature", "properties": {"id": "114", "name": "Ponto 114"}, "geometry": {"type": "Point", "coordinates": [-39.02247732187, -4.964617663908021]}}, {"type": "Feature", "properties": {"id": "115", "name": "Ponto 115"}, "geometry": {"type": "Point", "coordinates": [-39.022566797200994, -4.9740410637237895]}}, {"type": "Feature", "properties": {"id": "116", "name": "Ponto 116"}, "geometry": {"type": "Point", "coordinates": [-39.027921858439015, -4.973892976079961]}}, {"type": "Feature", "properties": {"id": "117", "name": "Ponto 117"}, "geometry": {"type": "Point", "coordinates": [-39.0131995992321, -4.9721861441596324]}}, {"type": "Feature", "properties": {"id": "118", "name": "Ponto 118"}, "geometry": {"type": "Point", "coordinates": [-39.022060928839736, -4.9690168683196605]}}, {"type": "Feature", "properties": {"id": "119", "name": "Ponto 119"}, "geometry": {"type": "Point", "coordinates": [-39.017365376093956, -4.962953264609298]}}, {"type": "Feature", "properties": {"id": "120", "name": "Ponto 120"}, "geometry": {"type": "Point", "coordinates": [-39.0184021830313, -4.972985074405633]}}, {"type": "Feature", "properties": {"id": "121", "name": "Ponto 121"}, "geometry": {"type": "Point", "coordinates": [-39.017722643661386, -4.969122735864647]}}, {"type": "Feature", "properties": {"id": "122", "name": "Ponto 122"}, "geometry": {"type": "Point", "coordinates": [-39.02276111116268, -4.965120458179119]}}, {"type": "Feature", "properties": {"id": "123", "name": "Ponto 123"}, "geometry": {"type": "Point", "coordinates": [-39.017930547050234, -4.964222300422266]}}, {"type": "Feature", "properties": {"id": "124", "name": "Ponto 124"}, "geometry": {"type": "Point", "coordinates": [-39.021526334321756, -4.967394570184409]}}, {"type": "Feature", "properties": {"id": "125", "name": "Ponto 125"}, "geometry": {"type": "Point", "coordinates": [-39.01955402824528, -4.961294926981772]}}, {"type": "Feature", "properties": {"id": "126", "name": "Ponto 126"}, "geometry": {"type": "Point", "coordinates": [-39.01001100482014, -4.971445580920724]}}, {"type": "Feature", "properties": {"id": "127", "name": "Ponto 127"}, "geometry": {"type": "Point", "coordinates": [-39.011718426168414, -4.968404574001037]}}, {"type": "Feature", "properties": {"id": "128", "name": "Ponto 128"}, "geometry": {"type": "Point", "coordinates": [-39.01862362368558, -4.97343061525658]}}, {"type": "Feature", "properties": {"id": "129", "name": "Ponto 129"}, "geometry": {"type": "Point", "coordinates": [-39.01396600177447, -4.96458335091898]}}, {"type": "Feature", "properties": {"id": "130", "name": "Ponto 130"}, "geometry": {"type": "Point", "coordinates": [-39.01724500286709, -4.969285450539797]}}, {"type": "Feature", "properties": {"id": "131", "name": "Ponto 131"}, "geometry": {"type": "Point", "coordinates": [-39.02208834515053, -4.972842824199133]}}, {"type": "Feature", "properties": {"id": "132", "name": "Ponto 132"}, "geometry": {"type": "Point", "coordinates": [-39.02107124008701, -4.96772597805385]}}, {"type": "Feature", "properties": {"id": "133", "name": "Ponto 133"}, "geometry": {"type": "Point", "coordinates": [-39.02016913456871, -4.968060131682559]}}, {"type": "Feature", "properties": {"id": "134", "name": "Ponto 134"}, "geometry": {"type": "Point", "coordinates": [-39.01492448468114, -4.965322013305225]}}, {"type": "Feature", "properties": {"id": "135", "name": "Ponto 135"}, "geometry": {"type": "Point", "coordinates": [-39.02158100102135, -4.9714081942818735]}}, {"type": "Feature", "properties": {"id": "136", "name": "Ponto 136"}, "geometry": {"type": "Point", "coordinates": [-39.03053927996887, -4.963732497970308]}}, {"type": "Feature", "properties": {"id": "137", "name": "Ponto 137"}, "geometry": {"type": "Point", "coordinates": [-39.01118543173485, -4.968213780781039]}}, {"type": "Feature", "properties": {"id": "138", "name": "Ponto 138"}, "geometry": {"type": "Point", "coordinates": [-39.01878650904165, -4.967002257134396]}}, {"type": "Feature", "properties": {"id": "139", "name": "Ponto 139"}, "geometry": {"type": "Point", "coordinates": [-39.01133492932556, -4.9655368124756185]}}, {"type": "Feature", "properties": {"id": "140", "name": "Ponto 140"}, "geometry": {"type": "Point", "coordinates": [-39.03040618547501, -4.970456096002858]}}, {"type": "Feature", "properties": {"id": "141", "name": "Ponto 141"}, "geometry": {"type": "Point", "coordinates": [-39.01271209091299, -4.973027632043409]}}, {"type": "Feature", "properties": {"id": "142", "name": "Ponto 142"}, "geometry": {"type": "Point", "coordinates": [-39.03190957737918, -4.966949674160891]}}, {"type": "Feature", "properties": {"id": "143", "name": "Ponto 143"}, "geometry": {"type": "Point", "coordinates": [-39.032320823931, -4.966603369319279]}}, {"type": "Feature", "properties": {"id": "144", "name": "Ponto 144"}, "geometry": {"type": "Point", "coordinates": [-39.017839056977614, -4.966307139149811]}}, {"type": "Feature", "properties": {"id": "145", "name": "Ponto 145"}, "geometry": {"type": "Point", "coordinates": [-39.01494187527718, -4.964182628978379]}}, {"type": "Feature", "properties": {"id": "146", "name": "Ponto 146"}, "geometry": {"type": "Point", "coordinates": [-39.012461946355316, -4.968734767885889]}}, {"type": "Feature", "properties": {"id": "147", "name": "Ponto 147"}, "geometry": {"type": "Point", "coordinates": [-39.01045618827564, -4.972178456324348]}}, {"type": "Feature", "properties": {"id": "148", "name": "Ponto 148"}, "geometry": {"type": "Point", "coordinates": [-39.008478665256035, -4.9620970419291615]}}, {"type": "Feature", "properties": {"id": "149", "name": "Ponto 149"}, "geometry": {"type": "Point", "coordinates": [-39.02119756798009, -4.966692446626853]}}, {"type": "Feature", "properties": {"id": "150", "name": "Ponto 150"}, "geometry": {"type": "Point", "coordinates": [-39.02374686758396, -4.967852148997267]}}, {"type": "Feature", "properties": {"id": "151", "name": "Ponto 151"}, "geometry": {"type": "Point", "coordinates": [-39.02606373511486, -4.963724512867723]}}, {"type": "Feature", "properties": {"id": "152", "name": "Ponto 152"}, "geometry": {"type": "Point", "coordinates": [-39.02634230838125, -4.961815461049256]}}, {"type": "Feature", "properties": {"id": "153", "name": "Ponto 153"}, "geometry": {"type": "Point", "coordinates": [-39.013128892512405, -4.962879985999329]}}, {"type": "Feature", "properties": {"id": "154", "name": "Ponto 154"}, "geometry": {"type": "Point", "coordinates": [-39.03214109951079, -4.9624087346916435]}}, {"type": "Feature", "properties": {"id": "155", "name": "Ponto 155"}, "geometry": {"type": "Point", "coordinates": [-39.022443761325604, -4.97306298464925]}}, {"type": "Feature", "properties": {"id": "156", "name": "Ponto 156"}, "geometry": {"type": "Point", "coordinates": [-39.01948326641841, -4.966591534650249]}}, {"type": "Feature", "properties": {"id": "157", "name": "Ponto 157"}, "geometry": {"type": "Point", "coordinates": [-39.031671128461, -4.970007014174103]}}, {"type": "Feature", "properties": {"id": "158", "name": "Ponto 158"}, "geometry": {"type": "Point", "coordinates": [-39.02239676083253, -4.96593841814271]}}, {"type": "Feature", "properties": {"id": "159", "name": "Ponto 159"}, "geometry": {"type": "Point", "coordinates": [-39.03106957130034, -4.970156247735748]}}, {"type": "Feature", "properties": {"id": "160", "name": "Ponto 160"}, "geometry": {"type": "Point", "coordinates": [-39.01180505450277, -4.962870372437445]}}, {"type": "Feature", "properties": {"id": "161", "name": "Ponto 161"}, "geometry": {"type": "Point", "coordinates": [-39.01585329475778, -4.962052004765356]}}, {"type": "Feature", "properties": {"id": "162", "name": "Ponto 162"}, "geometry": {"type": "Point", "coordinates": [-39.006642830629445, -4.968620342265107]}}, {"type": "Feature", "properties": {"id": "163", "name": "Ponto 163"}, "geometry": {"type": "Point", "coordinates": [-39.029655628773796, -4.969174678526634]}}, {"type": "Feature", "properties": {"id": "164", "name": "Ponto 164"}, "geometry": {"type": "Point", "coordinates": [-39.006660549249105, -4.962968938289148]}}, {"type": "Feature", "properties": {"id": "165", "name": "Ponto 165"}, "geometry": {"type": "Point", "coordinates": [-39.016563055672364, -4.966540544606324]}}, {"type": "Feature", "properties": {"id": "166", "name": "Ponto 166"}, "geometry": {"type": "Point", "coordinates": [-39.015048134873346, -4.968532620894375]}}, {"type": "Feature", "properties": {"id": "167", "name": "Ponto 167"}, "geometry": {"type": "Point", "coordinates": [-39.0243484214991, -4.969275819739645]}}, {"type": "Feature", "properties": {"id": "168", "name": "Ponto 168"}, "geometry": {"type": "Point", "coordinates": [-39.023434919816694, -4.9646842711344314]}}, {"type": "Feature", "properties": {"id": "169", "name": "Ponto 169"}, "geometry": {"type": "Point", "coordinates": [-39.01201313909749, -4.96470156358219]}}, {"type": "Feature", "properties": {"id": "170", "name": "Ponto 170"}, "geometry": {"type": "Point", "coordinates": [-39.02147391771368, -4.968860908058628]}}, {"type": "Feature", "properties": {"id": "171", "name": "Ponto 171"}, "geometry": {"type": "Point", "coordinates": [-39.0169869116608, -4.961525057894952]}}, {"type": "Feature", "properties": {"id": "172", "name": "Ponto 172"}, "geometry": {"type": "Point", "coordinates": [-39.02314581017592, -4.963805263892279]}}, {"type": "Feature", "properties": {"id": "173", "name": "Ponto 173"}, "geometry": {"type": "Point", "coordinates": [-39.011849479713796, -4.96362587830902]}}, {"type": "Feature", "properties": {"id": "174", "name": "Ponto 174"}, "geometry": {"type": "Point", "coordinates": [-39.01229199729232, -4.96406316332261]}}, {"type": "Feature", "properties": {"id": "175", "name": "Ponto 175"}, "geometry": {"type": "Point", "coordinates": [-39.02808099316968, -4.971303170959703]}}, {"type": "Feature", "properties": {"id": "176", "name": "Ponto 176"}, "geometry": {"type": "Point", "coordinates": [-39.032454222838794, -4.968256313722618]}}, {"type": "Feature", "properties": {"id": "177", "name": "Ponto 177"}, "geometry": {"type": "Point", "coordinates": [-39.01687816261162, -4.965649027381574]}}, {"type": "Feature", "properties": {"id": "178", "name": "Ponto 178"}, "geometry": {"type": "Point", "coordinates": [-39.0310299594266, -4.962730706709621]}}, {"type": "Feature", "properties": {"id": "179", "name": "Ponto 179"}, "geometry": {"type": "Point", "coordinates": [-39.02038227685508, -4.967988319371257]}}, {"type": "Feature", "properties": {"id": "180", "name": "Ponto 180"}, "geometry": {"type": "Point", "coordinates": [-39.03088391285103, -4.970458528623149]}}, {"type": "Feature", "properties": {"id": "181", "name": "Ponto 181"}, "geometry": {"type": "Point", "coordinates": [-39.01283639966377, -4.970539069307764]}}, {"type": "Feature", "properties": {"id": "182", "name": "Ponto 182"}, "geometry": {"type": "Point", "coordinates": [-39.014778741030995, -4.971834815243843]}}, {"type": "Feature", "properties": {"id": "183", "name": "Ponto 183"}, "geometry": {"type": "Point", "coordinates": [-39.00961508684742, -4.965987245085959]}}, {"type": "Feature", "properties": {"id": "184", "name": "Ponto 184"}, "geometry": {"type": "Point", "coordinates": [-39.0074856028903, -4.973326765961994]}}, {"type": "Feature", "properties": {"id": "185", "name": "Ponto 185"}, "geometry": {"type": "Point", "coordinates": [-39.027190506822436, -4.965677853675381]}}, {"type": "Feature", "properties": {"id": "186", "name": "Ponto 186"}, "geometry": {"type": "Point", "coordinates": [-39.00818095160067, -4.974028098864403]}}, {"type": "Feature", "properties": {"id": "187", "name": "Ponto 187"}, "geometry": {"type": "Point", "coordinates": [-39.01773243549384, -4.964324243282664]}}, {"type": "Feature", "properties": {"id": "188", "name": "Ponto 188"}, "geometry": {"type": "Point", "coordinates": [-39.02589181585092, -4.962952046366891]}}, {"type": "Feature", "properties": {"id": "189", "name": "Ponto 189"}, "geometry": {"type": "Point", "coordinates": [-39.02189595529677, -4.968546249578572]}}, {"type": "Feature", "properties": {"id": "190", "name": "Ponto 190"}, "geometry": {"type": "Point", "coordinates": [-39.02193934018819, -4.96636010489085]}}, {"type": "Feature", "properties": {"id": "191", "name": "Ponto 191"}, "geometry": {"type": "Point", "coordinates": [-39.01252612201088, -4.968183042225543]}}, {"type": "Feature", "properties": {"id": "192", "name": "Ponto 192"}, "geometry": {"type": "Point", "coordinates": [-39.02275370007669, -4.969517409696413]}}, {"type": "Feature", "properties": {"id": "193", "name": "Ponto 193"}, "geometry": {"type": "Point", "coordinates": [-39.02168826662869, -4.965272778870021]}}, {"type": "Feature", "properties": {"id": "194", "name": "Ponto 194"}, "geometry": {"type": "Point", "coordinates": [-39.029340598025776, -4.965037546169289]}}, {"type": "Feature", "properties": {"id": "195", "name": "Ponto 195"}, "geometry": {"type": "Point", "coordinates": [-39.02993479457322, -4.963934066914601]}}, {"type": "Feature", "properties": {"id": "196", "name": "Ponto 196"}, "geometry": {"type": "Point", "coordinates": [-39.02511701566229, -4.9619894119194035]}}, {"type": "Feature", "properties": {"id": "197", "name": "Ponto 197"}, "geometry": {"type": "Point", "coordinates": [-39.019837894563345, -4.966771005968239]}}, {"type": "Feature", "properties": {"id": "198", "name": "Ponto 198"}, "geometry": {"type": "Point", "coordinates": [-39.01569182016056, -4.965967670137853]}}, {"type": "Feature", "properties": {"id": "199", "name": "Ponto 199"}, "geometry": {"type": "Point", "coordinates": [-39.015305506462234, -4.969942439365747]}}, {"type": "Feature", "properties": {"id": "200", "name": "Ponto 200"}, "geometry": {"type": "Point", "coordinates": [-39.01715324046899, -4.964448990202391]}}, {"type": "Feature", "properties": {"id": "201", "name": "Ponto 201"}, "geometry": {"type": "Point", "coordinates": [-39.01127486256963, -4.965775784755869]}}, {"type": "Feature", "properties": {"id": "202", "name": "Ponto 202"}, "geometry": {"type": "Point", "coordinates": [-39.01151129081047, -4.962655663820155]}}, {"type": "Feature", "properties": {"id": "203", "name": "Ponto 203"}, "geometry": {"type": "Point", "coordinates": [-39.01179488564858, -4.962608317722969]}}, {"type": "Feature", "properties": {"id": "204", "name": "Ponto 204"}, "geometry": {"type": "Point", "coordinates": [-39.023067083444325, -4.971688008756931]}}, {"type": "Feature", "properties": {"id": "205", "name": "Ponto 205"}, "geometry": {"type": "Point", "coordinates": [-39.0066153775273, -4.9618717624010324]}}, {"type": "Feature", "properties": {"id": "206", "name": "Ponto 206"}, "geometry": {"type": "Point", "coordinates": [-39.014338841879606, -4.973788363946731]}}, {"type": "Feature", "properties": {"id": "207", "name": "Ponto 207"}, "geometry": {"type": "Point", "coordinates": [-39.023796707446394, -4.966082207886528]}}, {"type": "Feature", "properties": {"id": "208", "name": "Ponto 208"}, "geometry": {"type": "Point", "coordinates": [-39.01843042199383, -4.965025249476681]}}, {"type": "Feature", "properties": {"id": "209", "name": "Ponto 209"}, "geometry": {"type": "Point", "coordinates": [-39.00906845887036, -4.972467858875076]}}, {"type": "Feature", "properties": {"id": "210", "name": "Ponto 210"}, "geometry": {"type": "Point", "coordinates": [-39.016724347543516, -4.9649049998867945]}}, {"type": "Feature", "properties": {"id": "211", "name": "Ponto 211"}, "geometry": {"type": "Point", "coordinates": [-39.01143886967489, -4.971296031758898]}}, {"type": "Feature", "properties": {"id": "212", "name": "Ponto 212"}, "geometry": {"type": "Point", "coordinates": [-39.006548141422535, -4.967243454452215]}}, {"type": "Feature", "properties": {"id": "213", "name": "Ponto 213"}, "geometry": {"type": "Point", "coordinates": [-39.01511208839089, -4.971301195116655]}}, {"type": "Feature", "properties": {"id": "214", "name": "Ponto 214"}, "geometry": {"type": "Point", "coordinates": [-39.013491344166034, -4.972168343987408]}}, {"type": "Feature", "properties": {"id": "215", "name": "Ponto 215"}, "geometry": {"type": "Point", "coordinates": [-39.01275117184509, -4.971027139034307]}}, {"type": "Feature", "properties": {"id": "216", "name": "Ponto 216"}, "geometry": {"type": "Point", "coordinates": [-39.0294532770096, -4.967446852566187]}}, {"type": "Feature", "properties": {"id": "217", "name": "Ponto 217"}, "geometry": {"type": "Point", "coordinates": [-39.02231229971367, -4.9646153744288295]}}, {"type": "Feature", "properties": {"id": "218", "name": "Ponto 218"}, "geometry": {"type": "Point", "coordinates": [-39.010636759122036, -4.973307834772771]}}, {"type": "Feature", "properties": {"id": "219", "name": "Ponto 219"}, "geometry": {"type": "Point", "coordinates": [-39.00788684325401, -4.9621908238676715]}}, {"type": "Feature", "properties": {"id": "220", "name": "Ponto 220"}, "geometry": {"type": "Point", "coordinates": [-39.017115678195715, -4.9673226807303195]}}, {"type": "Feature", "properties": {"id": "221", "name": "Ponto 221"}, "geometry": {"type": "Point", "coordinates": [-39.012155352265346, -4.969463288618788]}}, {"type": "Feature", "properties": {"id": "222", "name": "Ponto 222"}, "geometry": {"type": "Point", "coordinates": [-39.02057562199622, -4.9633458037927465]}}, {"type": "Feature", "properties": {"id": "223", "name": "Ponto 223"}, "geometry": {"type": "Point", "coordinates": [-39.02569653543065, -4.968292012260078]}}, {"type": "Feature", "properties": {"id": "224", "name": "Ponto 224"}, "geometry": {"type": "Point", "coordinates": [-39.015104439848926, -4.964486498217419]}}, {"type": "Feature", "properties": {"id": "225", "name": "Ponto 225"}, "geometry": {"type": "Point", "coordinates": [-39.01357266558518, -4.974258489013056]}}, {"type": "Feature", "properties": {"id": "226", "name": "Ponto 226"}, "geometry": {"type": "Point", "coordinates": [-39.010908957897406, -4.961875539235024]}}, {"type": "Feature", "properties": {"id": "227", "name": "Ponto 227"}, "geometry": {"type": "Point", "coordinates": [-39.01769530491008, -4.971769395979917]}}, {"type": "Feature", "properties": {"id": "228", "name": "Ponto 228"}, "geometry": {"type": "Point", "coordinates": [-39.009537632433506, -4.967358423296868]}}, {"type": "Feature", "properties": {"id": "229", "name": "Ponto 229"}, "geometry": {"type": "Point", "coordinates": [-39.0111973399881, -4.971332137026974]}}, {"type": "Feature", "properties": {"id": "230", "name": "Ponto 230"}, "geometry": {"type": "Point", "coordinates": [-39.01592164259769, -4.968136998761234]}}, {"type": "Feature", "properties": {"id": "231", "name": "Ponto 231"}, "geometry": {"type": "Point", "coordinates": [-39.007266066398884, -4.971190299485351]}}, {"type": "Feature", "properties": {"id": "232", "name": "Ponto 232"}, "geometry": {"type": "Point", "coordinates": [-39.02565611287152, -4.965026008155726]}}, {"type": "Feature", "properties": {"id": "233", "name": "Ponto 233"}, "geometry": {"type": "Point", "coordinates": [-39.02808617121746, -4.972808860696571]}}, {"type": "Feature", "properties": {"id": "234", "name": "Ponto 234"}, "geometry": {"type": "Point", "coordinates": [-39.02550506401139, -4.969536297069551]}}, {"type": "Feature", "properties": {"id": "235", "name": "Ponto 235"}, "geometry": {"type": "Point", "coordinates": [-39.02874183505327, -4.964569185093833]}}, {"type": "Feature", "properties": {"id": "236", "name": "Ponto 236"}, "geometry": {"type": "Point", "coordinates": [-39.01941022343878, -4.968798109194382]}}, {"type": "Feature", "properties": {"id": "237", "name": "Ponto 237"}, "geometry": {"type": "Point", "coordinates": [-39.02755957462814, -4.9616394771566]}}, {"type": "Feature", "properties": {"id": "238", "name": "Ponto 238"}, "geometry": {"type": "Point", "coordinates": [-39.029241939190975, -4.96850871964059]}}, {"type": "Feature", "properties": {"id": "239", "name": "Ponto 239"}, "geometry": {"type": "Point", "coordinates": [-39.02079205147604, -4.970917495700067]}}, {"type": "Feature", "properties": {"id": "240", "name": "Ponto 240"}, "geometry": {"type": "Point", "coordinates": [-39.02206712529865, -4.966258370211191]}}, {"type": "Feature", "properties": {"id": "241", "name": "Ponto 241"}, "geometry": {"type": "Point", "coordinates": [-39.01980342004736, -4.970180773953462]}}, {"type": "Feature", "properties": {"id": "242", "name": "Ponto 242"}, "geometry": {"type": "Point", "coordinates": [-39.018220596374626, -4.969638093746203]}}, {"type": "Feature", "properties": {"id": "243", "name": "Ponto 243"}, "geometry": {"type": "Point", "coordinates": [-39.00965835279172, -4.968756041376559]}}, {"type": "Feature", "properties": {"id": "244", "name": "Ponto 244"}, "geometry": {"type": "Point", "coordinates": [-39.01857271824319, -4.973402185715882]}}, {"type": "Feature", "properties": {"id": "245", "name": "Ponto 245"}, "geometry": {"type": "Point", "coordinates": [-39.030994858492846, -4.96875769729071]}}, {"type": "Feature", "properties": {"id": "246", "name": "Ponto 246"}, "geometry": {"type": "Point", "coordinates": [-39.01187103890438, -4.966808829883644]}}, {"type": "Feature", "properties": {"id": "247", "name": "Ponto 247"}, "geometry": {"type": "Point", "coordinates": [-39.01158951924963, -4.972445937737006]}}, {"type": "Feature", "properties": {"id": "248", "name": "Ponto 248"}, "geometry": {"type": "Point", "coordinates": [-39.021065773590564, -4.971786633078435]}}, {"type": "Feature", "properties": {"id": "249", "name": "Ponto 249"}, "geometry": {"type": "Point", "coordinates": [-39.02150760265179, -4.965181886564631]}}, {"type": "Feature", "properties": {"id": "250", "name": "Ponto 250"}, "geometry": {"type": "Point", "coordinates": [-39.02075604054698, -4.969586308981534]}}, {"type": "Feature", "properties": {"id": "251", "name": "Ponto 251"}, "geometry": {"type": "Point", "coordinates": [-39.01382708318852, -4.971987986992941]}}, {"type": "Feature", "properties": {"id": "252", "name": "Ponto 252"}, "geometry": {"type": "Point", "coordinates": [-39.021619440523374, -4.973122744699976]}}, {"type": "Feature", "properties": {"id": "253", "name": "Ponto 253"}, "geometry": {"type": "Point", "coordinates": [-39.0236228357004, -4.961862941099745]}}, {"type": "Feature", "properties": {"id": "254", "name": "Ponto 254"}, "geometry": {"type": "Point", "coordinates": [-39.01065432985202, -4.971135851318129]}}, {"type": "Feature", "properties": {"id": "255", "name": "Ponto 255"}, "geometry": {"type": "Point", "coordinates": [-39.012981450564595, -4.9622611200558016]}}, {"type": "Feature", "properties": {"id": "256", "name": "Ponto 256"}, "geometry": {"type": "Point", "coordinates": [-39.01899969805189, -4.97340414013221]}}, {"type": "Feature", "properties": {"id": "257", "name": "Ponto 257"}, "geometry": {"type": "Point", "coordinates": [-39.01524356516741, -4.9719083272142]}}, {"type": "Feature", "properties": {"id": "258", "name": "Ponto 258"}, "geometry": {"type": "Point", "coordinates": [-39.01611041606543, -4.9650652969953075]}}, {"type": "Feature", "properties": {"id": "259", "name": "Ponto 259"}, "geometry": {"type": "Point", "coordinates": [-39.02329689383123, -4.971767705256946]}}, {"type": "Feature", "properties": {"id": "260", "name": "Ponto 260"}, "geometry": {"type": "Point", "coordinates": [-39.01704966507795, -4.971771177699197]}}, {"type": "Feature", "properties": {"id": "261", "name": "Ponto 261"}, "geometry": {"type": "Point", "coordinates": [-39.01342780102912, -4.9611871877872105]}}, {"type": "Feature", "properties": {"id": "262", "name": "Ponto 262"}, "geometry": {"type": "Point", "coordinates": [-39.02230974539343, -4.9619223593162705]}}, {"type": "Feature", "properties": {"id": "263", "name": "Ponto 263"}, "geometry": {"type": "Point", "coordinates": [-39.01003732735511, -4.967692710883503]}}, {"type": "Feature", "properties": {"id": "264", "name": "Ponto 264"}, "geometry": {"type": "Point", "coordinates": [-39.02466358197043, -4.969098100623839]}}, {"type": "Feature", "properties": {"id": "265", "name": "Ponto 265"}, "geometry": {"type": "Point", "coordinates": [-39.01796314038074, -4.965008979765012]}}, {"type": "Feature", "properties": {"id": "266", "name": "Ponto 266"}, "geometry": {"type": "Point", "coordinates": [-39.01548429783638, -4.973138192925529]}}, {"type": "Feature", "properties": {"id": "267", "name": "Ponto 267"}, "geometry": {"type": "Point", "coordinates": [-39.015965977680274, -4.971091608700663]}}, {"type": "Feature", "properties": {"id": "268", "name": "Ponto 268"}, "geometry": {"type": "Point", "coordinates": [-39.032195212821456, -4.973247288133981]}}, {"type": "Feature", "properties": {"id": "269", "name": "Ponto 269"}, "geometry": {"type": "Point", "coordinates": [-39.00907989309807, -4.969975628918135]}}, {"type": "Feature", "properties": {"id": "270", "name": "Ponto 270"}, "geometry": {"type": "Point", "coordinates": [-39.03233797487113, -4.9729168560457016]}}, {"type": "Feature", "properties": {"id": "271", "name": "Ponto 271"}, "geometry": {"type": "Point", "coordinates": [-39.01567996923431, -4.9663477133895055]}}, {"type": "Feature", "properties": {"id": "272", "name": "Ponto 272"}, "geometry": {"type": "Point", "coordinates": [-39.01155353505116, -4.961823471648241]}}, {"type": "Feature", "properties": {"id": "273", "name": "Ponto 273"}, "geometry": {"type": "Point", "coordinates": [-39.030674981843255, -4.972764180234169]}}, {"type": "Feature", "properties": {"id": "274", "name": "Ponto 274"}, "geometry": {"type": "Point", "coordinates": [-39.01848066071097, -4.968206937495589]}}, {"type": "Feature", "properties": {"id": "275", "name": "Ponto 275"}, "geometry": {"type": "Point", "coordinates": [-39.02757979894161, -4.969271242313167]}}, {"type": "Feature", "properties": {"id": "276", "name": "Ponto 276"}, "geometry": {"type": "Point", "coordinates": [-39.03242321385205, -4.967728020849871]}}, {"type": "Feature", "properties": {"id": "277", "name": "Ponto 277"}, "geometry": {"type": "Point", "coordinates": [-39.02996397589026, -4.966596255158833]}}, {"type": "Feature", "properties": {"id": "278", "name": "Ponto 278"}, "geometry": {"type": "Point", "coordinates": [-39.018313825123045, -4.972144122108202]}}, {"type": "Feature", "properties": {"id": "279", "name": "Ponto 279"}, "geometry": {"type": "Point", "coordinates": [-39.014680978133256, -4.9691928256495554]}}, {"type": "Feature", "properties": {"id": "280", "name": "Ponto 280"}, "geometry": {"type": "Point", "coordinates": [-39.02620862443121, -4.970200504604488]}}, {"type": "Feature", "properties": {"id": "281", "name": "Ponto 281"}, "geometry": {"type": "Point", "coordinates": [-39.0306316767923, -4.9619228000470095]}}, {"type": "Feature", "properties": {"id": "282", "name": "Ponto 282"}, "geometry": {"type": "Point", "coordinates": [-39.027311985467975, -4.967188189020522]}}, {"type": "Feature", "properties": {"id": "283", "name": "Ponto 283"}, "geometry": {"type": "Point", "coordinates": [-39.02170725185724, -4.970114459528872]}}, {"type": "Feature", "properties": {"id": "284", "name": "Ponto 284"}, "geometry": {"type": "Point", "coordinates": [-39.02713408622181, -4.97041401238454]}}, {"type": "Feature", "properties": {"id": "285", "name": "Ponto 285"}, "geometry": {"type": "Point", "coordinates": [-39.00778893907969, -4.964464215154996]}}, {"type": "Feature", "properties": {"id": "286", "name": "Ponto 286"}, "geometry": {"type": "Point", "coordinates": [-39.010657138631345, -4.973233566566971]}}, {"type": "Feature", "properties": {"id": "287", "name": "Ponto 287"}, "geometry": {"type": "Point", "coordinates": [-39.02041758650311, -4.964900210253732]}}, {"type": "Feature", "properties": {"id": "288", "name": "Ponto 288"}, "geometry": {"type": "Point", "coordinates": [-39.00868403300398, -4.971387499626648]}}, {"type": "Feature", "properties": {"id": "289", "name": "Ponto 289"}, "geometry": {"type": "Point", "coordinates": [-39.02920592493442, -4.966811285115397]}}, {"type": "Feature", "properties": {"id": "290", "name": "Ponto 290"}, "geometry": {"type": "Point", "coordinates": [-39.02105170433423, -4.965137451149944]}}, {"type": "Feature", "properties": {"id": "291", "name": "Ponto 291"}, "geometry": {"type": "Point", "coordinates": [-39.00712330896962, -4.961260496591473]}}, {"type": "Feature", "properties": {"id": "292", "name": "Ponto 292"}, "geometry": {"type": "Point", "coordinates": [-39.027390264959024, -4.969084750079019]}}, {"type": "Feature", "properties": {"id": "293", "name": "Ponto 293"}, "geometry": {"type": "Point", "coordinates": [-39.030323773920294, -4.969787068274582]}}, {"type": "Feature", "properties": {"id": "294", "name": "Ponto 294"}, "geometry": {"type": "Point", "coordinates": [-39.01058214383192, -4.964531142238131]}}, {"type": "Feature", "properties": {"id": "295", "name": "Ponto 295"}, "geometry": {"type": "Point", "coordinates": [-39.03042258490222, -4.96758203178583]}}, {"type": "Feature", "properties": {"id": "296", "name": "Ponto 296"}, "geometry": {"type": "Point", "coordinates": [-39.02794675110283, -4.969092495579885]}}, {"type": "Feature", "properties": {"id": "297", "name": "Ponto 297"}, "geometry": {"type": "Point", "coordinates": [-39.01621118760912, -4.971705215686383]}}, {"type": "Feature", "properties": {"id": "298", "name": "Ponto 298"}, "geometry": {"type": "Point", "coordinates": [-39.01436436039358, -4.96196547279648]}}, {"type": "Feature", "properties": {"id": "299", "name": "Ponto 299"}, "geometry": {"type": "Point", "coordinates": [-39.02975536430044, -4.9643635324804904]}}, {"type": "Feature", "properties": {"id": "300", "name": "Ponto 300"}, "geometry": {"type": "Point", "coordinates": [-39.02403975505633, -4.966475518192354]}}, {"type": "Feature", "properties": {"id": "301", "name": "Ponto 301"}, "geometry": {"type": "Point", "coordinates": [-39.02835150113967, -4.9615999491730465]}}, {"type": "Feature", "properties": {"id": "302", "name": "Ponto 302"}, "geometry": {"type": "Point", "coordinates": [-39.0128984338148, -4.969422363942249]}}, {"type": "Feature", "properties": {"id": "303", "name": "Ponto 303"}, "geometry": {"type": "Point", "coordinates": [-39.00907944251591, -4.969050070348652]}}, {"type": "Feature", "properties": {"id": "304", "name": "Ponto 304"}, "geometry": {"type": "Point", "coordinates": [-39.01706876127339, -4.968266815043917]}}, {"type": "Feature", "properties": {"id": "305", "name": "Ponto 305"}, "geometry": {"type": "Point", "coordinates": [-39.0131500195127, -4.963673853731171]}}, {"type": "Feature", "properties": {"id": "306", "name": "Ponto 306"}, "geometry": {"type": "Point", "coordinates": [-39.01278936614963, -4.966775657208334]}}, {"type": "Feature", "properties": {"id": "307", "name": "Ponto 307"}, "geometry": {"type": "Point", "coordinates": [-39.02180735568194, -4.967152453655182]}}, {"type": "Feature", "properties": {"id": "308", "name": "Ponto 308"}, "geometry": {"type": "Point", "coordinates": [-39.01008740776832, -4.967232662894154]}}, {"type": "Feature", "properties": {"id": "309", "name": "Ponto 309"}, "geometry": {"type": "Point", "coordinates": [-39.03194649904015, -4.973186040963383]}}, {"type": "Feature", "properties": {"id": "310", "name": "Ponto 310"}, "geometry": {"type": "Point", "coordinates": [-39.011543674650774, -4.964869576874683]}}, {"type": "Feature", "properties": {"id": "311", "name": "Ponto 311"}, "geometry": {"type": "Point", "coordinates": [-39.016421233098285, -4.962340365445443]}}, {"type": "Feature", "properties": {"id": "312", "name": "Ponto 312"}, "geometry": {"type": "Point", "coordinates": [-39.02822659192737, -4.969523914403089]}}, {"type": "Feature", "properties": {"id": "313", "name": "Ponto 313"}, "geometry": {"type": "Point", "coordinates": [-39.019688848563256, -4.972961825809012]}}, {"type": "Feature", "properties": {"id": "314", "name": "Ponto 314"}, "geometry": {"type": "Point", "coordinates": [-39.00940744614374, -4.969285505770938]}}, {"type": "Feature", "properties": {"id": "315", "name": "Ponto 315"}, "geometry": {"type": "Point", "coordinates": [-39.015922013631474, -4.9718369464241325]}}, {"type": "Feature", "properties": {"id": "316", "name": "Ponto 316"}, "geometry": {"type": "Point", "coordinates": [-39.028463314182765, -4.966443967574465]}}, {"type": "Feature", "properties": {"id": "317", "name": "Ponto 317"}, "geometry": {"type": "Point", "coordinates": [-39.01345917476334, -4.962910601551203]}}, {"type": "Feature", "properties": {"id": "318", "name": "Ponto 318"}, "geometry": {"type": "Point", "coordinates": [-39.02113326479393, -4.966847853143921]}}, {"type": "Feature", "properties": {"id": "319", "name": "Ponto 319"}, "geometry": {"type": "Point", "coordinates": [-39.02694778481509, -4.9695343466182385]}}, {"type": "Feature", "properties": {"id": "320", "name": "Ponto 320"}, "geometry": {"type": "Point", "coordinates": [-39.011229683868514, -4.967268204716746]}}, {"type": "Feature", "properties": {"id": "321", "name": "Ponto 321"}, "geometry": {"type": "Point", "coordinates": [-39.01326066137675, -4.9733297479437795]}}, {"type": "Feature", "properties": {"id": "322", "name": "Ponto 322"}, "geometry": {"type": "Point", "coordinates": [-39.02576576838721, -4.962586134374729]}}, {"type": "Feature", "properties": {"id": "323", "name": "Ponto 323"}, "geometry": {"type": "Point", "coordinates": [-39.02467218902529, -4.968741256250043]}}, {"type": "Feature", "properties": {"id": "324", "name": "Ponto 324"}, "geometry": {"type": "Point", "coordinates": [-39.018988591473985, -4.973045543870768]}}, {"type": "Feature", "properties": {"id": "325", "name": "Ponto 325"}, "geometry": {"type": "Point", "coordinates": [-39.02917903835996, -4.966366128679831]}}, {"type": "Feature", "properties": {"id": "326", "name": "Ponto 326"}, "geometry": {"type": "Point", "coordinates": [-39.01386108390195, -4.9727781628962]}}, {"type": "Feature", "properties": {"id": "327", "name": "Ponto 327"}, "geometry": {"type": "Point", "coordinates": [-39.0107152717776, -4.96330114877903]}}, {"type": "Feature", "properties": {"id": "328", "name": "Ponto 328"}, "geometry": {"type": "Point", "coordinates": [-39.012802934278525, -4.962015888898042]}}, {"type": "Feature", "properties": {"id": "329", "name": "Ponto 329"}, "geometry": {"type": "Point", "coordinates": [-39.02065159273569, -4.966629195415632]}}, {"type": "Feature", "properties": {"id": "330", "name": "Ponto 330"}, "geometry": {"type": "Point", "coordinates": [-39.02681928712145, -4.967334019442927]}}, {"type": "Feature", "properties": {"id": "331", "name": "Ponto 331"}, "geometry": {"type": "Point", "coordinates": [-39.0207235153138, -4.967144389628524]}}, {"type": "Feature", "properties": {"id": "332", "name": "Ponto 332"}, "geometry": {"type": "Point", "coordinates": [-39.026352102461566, -4.96772672466058]}}, {"type": "Feature", "properties": {"id": "333", "name": "Ponto 333"}, "geometry": {"type": "Point", "coordinates": [-39.00914763753291, -4.962127825071649]}}, {"type": "Feature", "properties": {"id": "334", "name": "Ponto 334"}, "geometry": {"type": "Point", "coordinates": [-39.02559785666561, -4.9655900036999805]}}, {"type": "Feature", "properties": {"id": "335", "name": "Ponto 335"}, "geometry": {"type": "Point", "coordinates": [-39.00776379923088, -4.970053942038335]}}, {"type": "Feature", "properties": {"id": "336", "name": "Ponto 336"}, "geometry": {"type": "Point", "coordinates": [-39.029608704630675, -4.970033433573475]}}, {"type": "Feature", "properties": {"id": "337", "name": "Ponto 337"}, "geometry": {"type": "Point", "coordinates": [-39.02589336152092, -4.970951749600037]}}, {"type": "Feature", "properties": {"id": "338", "name": "Ponto 338"}, "geometry": {"type": "Point", "coordinates": [-39.0266380044456, -4.971353373247366]}}, {"type": "Feature", "properties": {"id": "339", "name": "Ponto 339"}, "geometry": {"type": "Point", "coordinates": [-39.01404345992633, -4.973304111369451]}}, {"type": "Feature", "properties": {"id": "340", "name": "Ponto 340"}, "geometry": {"type": "Point", "coordinates": [-39.02767265012747, -4.9633712234046525]}}, {"type": "Feature", "properties": {"id": "341", "name": "Ponto 341"}, "geometry": {"type": "Point", "coordinates": [-39.01603871244703, -4.972243550019732]}}, {"type": "Feature", "properties": {"id": "342", "name": "Ponto 342"}, "geometry": {"type": "Point", "coordinates": [-39.012558202579285, -4.965845931226665]}}, {"type": "Feature", "properties": {"id": "343", "name": "Ponto 343"}, "geometry": {"type": "Point", "coordinates": [-39.02797814484634, -4.967553064324063]}}, {"type": "Feature", "properties": {"id": "344", "name": "Ponto 344"}, "geometry": {"type": "Point", "coordinates": [-39.02656210276594, -4.972122179340543]}}, {"type": "Feature", "properties": {"id": "345", "name": "Ponto 345"}, "geometry": {"type": "Point", "coordinates": [-39.028794877691126, -4.970751882763163]}}, {"type": "Feature", "properties": {"id": "346", "name": "Ponto 346"}, "geometry": {"type": "Point", "coordinates": [-39.022368704400286, -4.964355820229371]}}, {"type": "Feature", "properties": {"id": "347", "name": "Ponto 347"}, "geometry": {"type": "Point", "coordinates": [-39.00671558225665, -4.966075470476728]}}, {"type": "Feature", "properties": {"id": "348", "name": "Ponto 348"}, "geometry": {"type": "Point", "coordinates": [-39.01053284271806, -4.970189738362462]}}, {"type": "Feature", "properties": {"id": "349", "name": "Ponto 349"}, "geometry": {"type": "Point", "coordinates": [-39.01681933845909, -4.967623613818983]}}, {"type": "Feature", "properties": {"id": "350", "name": "Ponto 350"}, "geometry": {"type": "Point", "coordinates": [-39.01129021733147, -4.966940967706127]}}, {"type": "Feature", "properties": {"id": "351", "name": "Ponto 351"}, "geometry": {"type": "Point", "coordinates": [-39.021230726356286, -4.97138310674446]}}, {"type": "Feature", "properties": {"id": "352", "name": "Ponto 352"}, "geometry": {"type": "Point", "coordinates": [-39.014989008638445, -4.973449183387912]}}, {"type": "Feature", "properties": {"id": "353", "name": "Ponto 353"}, "geometry": {"type": "Point", "coordinates": [-39.01797000061354, -4.96783761285651]}}, {"type": "Feature", "properties": {"id": "354", "name": "Ponto 354"}, "geometry": {"type": "Point", "coordinates": [-39.01669579811115, -4.962948899408879]}}, {"type": "Feature", "properties": {"id": "355", "name": "Ponto 355"}, "geometry": {"type": "Point", "coordinates": [-39.02702895998437, -4.963986931430778]}}, {"type": "Feature", "properties": {"id": "356", "name": "Ponto 356"}, "geometry": {"type": "Point", "coordinates": [-39.02880655815368, -4.961043599129392]}}, {"type": "Feature", "properties": {"id": "357", "name": "Ponto 357"}, "geometry": {"type": "Point", "coordinates": [-39.02369354509359, -4.969295482980683]}}, {"type": "Feature", "properties": {"id": "358", "name": "Ponto 358"}, "geometry": {"type": "Point", "coordinates": [-39.01020975804599, -4.965706465111821]}}, {"type": "Feature", "properties": {"id": "359", "name": "Ponto 359"}, "geometry": {"type": "Point", "coordinates": [-39.02088414072623, -4.972914949709483]}}, {"type": "Feature", "properties": {"id": "360", "name": "Ponto 360"}, "geometry": {"type": "Point", "coordinates": [-39.01996244496773, -4.968046925567307]}}, {"type": "Feature", "properties": {"id": "361", "name": "Ponto 361"}, "geometry": {"type": "Point", "coordinates": [-39.02808279862811, -4.966630437898938]}}, {"type": "Feature", "properties": {"id": "362", "name": "Ponto 362"}, "geometry": {"type": "Point", "coordinates": [-39.02259259958572, -4.963392845355328]}}, {"type": "Feature", "properties": {"id": "363", "name": "Ponto 363"}, "geometry": {"type": "Point", "coordinates": [-39.01653227653731, -4.961878587398396]}}, {"type": "Feature", "properties": {"id": "364", "name": "Ponto 364"}, "geometry": {"type": "Point", "coordinates": [-39.01081237789441, -4.971398905600893]}}, {"type": "Feature", "properties": {"id": "365", "name": "Ponto 365"}, "geometry": {"type": "Point", "coordinates": [-39.01108550059465, -4.972865229147681]}}, {"type": "Feature", "properties": {"id": "366", "name": "Ponto 366"}, "geometry": {"type": "Point", "coordinates": [-39.02956039203755, -4.961894600144653]}}, {"type": "Feature", "properties": {"id": "367", "name": "Ponto 367"}, "geometry": {"type": "Point", "coordinates": [-39.02009586934358, -4.962092652282612]}}, {"type": "Feature", "properties": {"id": "368", "name": "Ponto 368"}, "geometry": {"type": "Point", "coordinates": [-39.0193065270992, -4.9612047212850205]}}, {"type": "Feature", "properties": {"id": "369", "name": "Ponto 369"}, "geometry": {"type": "Point", "coordinates": [-39.023256089610015, -4.962034812972641]}}, {"type": "Feature", "properties": {"id": "370", "name": "Ponto 370"}, "geometry": {"type": "Point", "coordinates": [-39.0295661552332, -4.961308028081721]}}, {"type": "Feature", "properties": {"id": "371", "name": "Ponto 371"}, "geometry": {"type": "Point", "coordinates": [-39.03023900000365, -4.966354378289176]}}, {"type": "Feature", "properties": {"id": "372", "name": "Ponto 372"}, "geometry": {"type": "Point", "coordinates": [-39.01562046762818, -4.971507675418035]}}, {"type": "Feature", "properties": {"id": "373", "name": "Ponto 373"}, "geometry": {"type": "Point", "coordinates": [-39.019427780719454, -4.961475946823584]}}, {"type": "Feature", "properties": {"id": "374", "name": "Ponto 374"}, "geometry": {"type": "Point", "coordinates": [-39.010491661549324, -4.962191800133519]}}, {"type": "Feature", "properties": {"id": "375", "name": "Ponto 375"}, "geometry": {"type": "Point", "coordinates": [-39.015095234446896, -4.968812678470602]}}, {"type": "Feature", "properties": {"id": "376", "name": "Ponto 376"}, "geometry": {"type": "Point", "coordinates": [-39.02618504940569, -4.973006856648522]}}, {"type": "Feature", "properties": {"id": "377", "name": "Ponto 377"}, "geometry": {"type": "Point", "coordinates": [-39.016785947259635, -4.968683440000301]}}, {"type": "Feature", "properties": {"id": "378", "name": "Ponto 378"}, "geometry": {"type": "Point", "coordinates": [-39.008948300788155, -4.9667226212141244]}}, {"type": "Feature", "properties": {"id": "379", "name": "Ponto 379"}, "geometry": {"type": "Point", "coordinates": [-39.01268464518787, -4.966464850130024]}}, {"type": "Feature", "properties": {"id": "380", "name": "Ponto 380"}, "geometry": {"type": "Point", "coordinates": [-39.024263204921986, -4.971107206853104]}}, {"type": "Feature", "properties": {"id": "381", "name": "Ponto 381"}, "geometry": {"type": "Point", "coordinates": [-39.01759995494031, -4.968723020094042]}}, {"type": "Feature", "properties": {"id": "382", "name": "Ponto 382"}, "geometry": {"type": "Point", "coordinates": [-39.02421972200829, -4.969235669856082]}}, {"type": "Feature", "properties": {"id": "383", "name": "Ponto 383"}, "geometry": {"type": "Point", "coordinates": [-39.01935885041617, -4.966936061597381]}}, {"type": "Feature", "properties": {"id": "384", "name": "Ponto 384"}, "geometry": {"type": "Point", "coordinates": [-39.01840029912395, -4.966743879799444]}}, {"type": "Feature", "properties": {"id": "385", "name": "Ponto 385"}, "geometry": {"type": "Point", "coordinates": [-39.008917833496746, -4.961907677031906]}}, {"type": "Feature", "properties": {"id": "386", "name": "Ponto 386"}, "geometry": {"type": "Point", "coordinates": [-39.02170012605416, -4.967478936877983]}}, {"type": "Feature", "properties": {"id": "387", "name": "Ponto 387"}, "geometry": {"type": "Point", "coordinates": [-39.020598107369494, -4.961377113148298]}}, {"type": "Feature", "properties": {"id": "388", "name": "Ponto 388"}, "geometry": {"type": "Point", "coordinates": [-39.02970206267666, -4.970527011945475]}}, {"type": "Feature", "properties": {"id": "389", "name": "Ponto 389"}, "geometry": {"type": "Point", "coordinates": [-39.020706373094974, -4.974047731924688]}}, {"type": "Feature", "properties": {"id": "390", "name": "Ponto 390"}, "geometry": {"type": "Point", "coordinates": [-39.00966280611484, -4.971234295457269]}}, {"type": "Feature", "properties": {"id": "391", "name": "Ponto 391"}, "geometry": {"type": "Point", "coordinates": [-39.02051538690986, -4.96134777422434]}}, {"type": "Feature", "properties": {"id": "392", "name": "Ponto 392"}, "geometry": {"type": "Point", "coordinates": [-39.0152421464825, -4.972780889509371]}}, {"type": "Feature", "properties": {"id": "393", "name": "Ponto 393"}, "geometry": {"type": "Point", "coordinates": [-39.03224697010764, -4.972730074854328]}}, {"type": "Feature", "properties": {"id": "394", "name": "Ponto 394"}, "geometry": {"type": "Point", "coordinates": [-39.007795762020024, -4.972743428982997]}}, {"type": "Feature", "properties": {"id": "395", "name": "Ponto 395"}, "geometry": {"type": "Point", "coordinates": [-39.01690933204576, -4.964015945808167]}}, {"type": "Feature", "properties": {"id": "396", "name": "Ponto 396"}, "geometry": {"type": "Point", "coordinates": [-39.010369223527, -4.966316165589032]}}, {"type": "Feature", "properties": {"id": "397", "name": "Ponto 397"}, "geometry": {"type": "Point", "coordinates": [-39.02788735975173, -4.97110450114647]}}, {"type": "Feature", "properties": {"id": "398", "name": "Ponto 398"}, "geometry": {"type": "Point", "coordinates": [-39.027192833807256, -4.965338174933114]}}, {"type": "Feature", "properties": {"id": "399", "name": "Ponto 399"}, "geometry": {"type": "Point", "coordinates": [-39.014620712676404, -4.964672136515018]}}, {"type": "Feature", "properties": {"id": "400", "name": "Ponto 400"}, "geometry": {"type": "Point", "coordinates": [-39.03063773869403, -4.969394602690075]}}, {"type": "Feature", "properties": {"id": "401", "name": "Ponto 401"}, "geometry": {"type": "Point", "coordinates": [-39.02221467866636, -4.969300546729854]}}, {"type": "Feature", "properties": {"id": "402", "name": "Ponto 402"}, "geometry": {"type": "Point", "coordinates": [-39.02110672365834, -4.973308788746204]}}, {"type": "Feature", "properties": {"id": "403", "name": "Ponto 403"}, "geometry": {"type": "Point", "coordinates": [-39.016819297643536, -4.968461576785793]}}, {"type": "Feature", "properties": {"id": "404", "name": "Ponto 404"}, "geometry": {"type": "Point", "coordinates": [-39.02261504352089, -4.96098373123701]}}, {"type": "Feature", "properties": {"id": "405", "name": "Ponto 405"}, "geometry": {"type": "Point", "coordinates": [-39.01912176758858, -4.964342250992111]}}, {"type": "Feature", "properties": {"id": "406", "name": "Ponto 406"}, "geometry": {"type": "Point", "coordinates": [-39.012490447237376, -4.961140350027086]}}, {"type": "Feature", "properties": {"id": "407", "name": "Ponto 407"}, "geometry": {"type": "Point", "coordinates": [-39.02417666713325, -4.968825579364497]}}, {"type": "Feature", "properties": {"id": "408", "name": "Ponto 408"}, "geometry": {"type": "Point", "coordinates": [-39.022367607888455, -4.966507282805347]}}, {"type": "Feature", "properties": {"id": "409", "name": "Ponto 409"}, "geometry": {"type": "Point", "coordinates": [-39.02144697499138, -4.973027770006185]}}, {"type": "Feature", "properties": {"id": "410", "name": "Ponto 410"}, "geometry": {"type": "Point", "coordinates": [-39.026692415846846, -4.968841340046024]}}, {"type": "Feature", "properties": {"id": "411", "name": "Ponto 411"}, "geometry": {"type": "Point", "coordinates": [-39.01522138973386, -4.966242950100693]}}, {"type": "Feature", "properties": {"id": "412", "name": "Ponto 412"}, "geometry": {"type": "Point", "coordinates": [-39.02927631777314, -4.969813486506852]}}, {"type": "Feature", "properties": {"id": "413", "name": "Ponto 413"}, "geometry": {"type": "Point", "coordinates": [-39.01954434192317, -4.971943356515479]}}, {"type": "Feature", "properties": {"id": "414", "name": "Ponto 414"}, "geometry": {"type": "Point", "coordinates": [-39.00878089390684, -4.968618171913193]}}, {"type": "Feature", "properties": {"id": "415", "name": "Ponto 415"}, "geometry": {"type": "Point", "coordinates": [-39.020731224609584, -4.972635693374336]}}, {"type": "Feature", "properties": {"id": "416", "name": "Ponto 416"}, "geometry": {"type": "Point", "coordinates": [-39.02919875607814, -4.9650721347226145]}}, {"type": "Feature", "properties": {"id": "417", "name": "Ponto 417"}, "geometry": {"type": "Point", "coordinates": [-39.009316443740595, -4.968759799699558]}}, {"type": "Feature", "properties": {"id": "418", "name": "Ponto 418"}, "geometry": {"type": "Point", "coordinates": [-39.019894404393824, -4.970477350213761]}}, {"type": "Feature", "properties": {"id": "419", "name": "Ponto 419"}, "geometry": {"type": "Point", "coordinates": [-39.00761204387049, -4.973034148363655]}}, {"type": "Feature", "properties": {"id": "420", "name": "Ponto 420"}, "geometry": {"type": "Point", "coordinates": [-39.02268286087403, -4.96925357138929]}}, {"type": "Feature", "properties": {"id": "421", "name": "Ponto 421"}, "geometry": {"type": "Point", "coordinates": [-39.02733977070237, -4.961869879335096]}}, {"type": "Feature", "properties": {"id": "422", "name": "Ponto 422"}, "geometry": {"type": "Point", "coordinates": [-39.027214043219054, -4.966128721145761]}}, {"type": "Feature", "properties": {"id": "423", "name": "Ponto 423"}, "geometry": {"type": "Point", "coordinates": [-39.01432392827063, -4.971052030070564]}}, {"type": "Feature", "properties": {"id": "424", "name": "Ponto 424"}, "geometry": {"type": "Point", "coordinates": [-39.02725845867731, -4.9673849176393485]}}, {"type": "Feature", "properties": {"id": "425", "name": "Ponto 425"}, "geometry": {"type": "Point", "coordinates": [-39.03228115005335, -4.970254942074001]}}, {"type": "Feature", "properties": {"id": "426", "name": "Ponto 426"}, "geometry": {"type": "Point", "coordinates": [-39.03068105508036, -4.962442507354822]}}, {"type": "Feature", "properties": {"id": "427", "name": "Ponto 427"}, "geometry": {"type": "Point", "coordinates": [-39.02928388573484, -4.972741731443008]}}, {"type": "Feature", "properties": {"id": "428", "name": "Ponto 428"}, "geometry": {"type": "Point", "coordinates": [-39.01269112074512, -4.963352149463854]}}, {"type": "Feature", "properties": {"id": "429", "name": "Ponto 429"}, "geometry": {"type": "Point", "coordinates": [-39.007745082276756, -4.973631976011398]}}, {"type": "Feature", "properties": {"id": "430", "name": "Ponto 430"}, "geometry": {"type": "Point", "coordinates": [-39.01908938403141, -4.9726609398237445]}}, {"type": "Feature", "properties": {"id": "431", "name": "Ponto 431"}, "geometry": {"type": "Point", "coordinates": [-39.007788653863, -4.963856414422447]}}, {"type": "Feature", "properties": {"id": "432", "name": "Ponto 432"}, "geometry": {"type": "Point", "coordinates": [-39.01160798695931, -4.973744391266059]}}, {"type": "Feature", "properties": {"id": "433", "name": "Ponto 433"}, "geometry": {"type": "Point", "coordinates": [-39.01946802136528, -4.961293864465922]}}, {"type": "Feature", "properties": {"id": "434", "name": "Ponto 434"}, "geometry": {"type": "Point", "coordinates": [-39.022744682652494, -4.964743563399392]}}, {"type": "Feature", "properties": {"id": "435", "name": "Ponto 435"}, "geometry": {"type": "Point", "coordinates": [-39.025081297818, -4.971058040431712]}}, {"type": "Feature", "properties": {"id": "436", "name": "Ponto 436"}, "geometry": {"type": "Point", "coordinates": [-39.02163055132519, -4.973566026197546]}}, {"type": "Feature", "properties": {"id": "437", "name": "Ponto 437"}, "geometry": {"type": "Point", "coordinates": [-39.028490702860196, -4.9648256587751876]}}, {"type": "Feature", "properties": {"id": "438", "name": "Ponto 438"}, "geometry": {"type": "Point", "coordinates": [-39.02656439935786, -4.968091386063286]}}, {"type": "Feature", "properties": {"id": "439", "name": "Ponto 439"}, "geometry": {"type": "Point", "coordinates": [-39.027706163039156, -4.973094759236076]}}, {"type": "Feature", "properties": {"id": "440", "name": "Ponto 440"}, "geometry": {"type": "Point", "coordinates": [-39.031249943858626, -4.968704156757016]}}, {"type": "Feature", "properties": {"id": "441", "name": "Ponto 441"}, "geometry": {"type": "Point", "coordinates": [-39.02552983285985, -4.972345715870629]}}, {"type": "Feature", "properties": {"id": "442", "name": "Ponto 442"}, "geometry": {"type": "Point", "coordinates": [-39.027681278969666, -4.969232878533006]}}, {"type": "Feature", "properties": {"id": "443", "name": "Ponto 443"}, "geometry": {"type": "Point", "coordinates": [-39.02830753018969, -4.965068784821835]}}, {"type": "Feature", "properties": {"id": "444", "name": "Ponto 444"}, "geometry": {"type": "Point", "coordinates": [-39.02640485568456, -4.964980565269718]}}, {"type": "Feature", "properties": {"id": "445", "name": "Ponto 445"}, "geometry": {"type": "Point", "coordinates": [-39.0275710970708, -4.965558239454749]}}, {"type": "Feature", "properties": {"id": "446", "name": "Ponto 446"}, "geometry": {"type": "Point", "coordinates": [-39.01766969399043, -4.971925977817337]}}, {"type": "Feature", "properties": {"id": "447", "name": "Ponto 447"}, "geometry": {"type": "Point", "coordinates": [-39.01374864525848, -4.9677728726401345]}}, {"type": "Feature", "properties": {"id": "448", "name": "Ponto 448"}, "geometry": {"type": "Point", "coordinates": [-39.02050046935564, -4.964486755878983]}}, {"type": "Feature", "properties": {"id": "449", "name": "Ponto 449"}, "geometry": {"type": "Point", "coordinates": [-39.03061333842178, -4.96645515075382]}}, {"type": "Feature", "properties": {"id": "450", "name": "Ponto 450"}, "geometry": {"type": "Point", "coordinates": [-39.007830715069204, -4.968068730184438]}}, {"type": "Feature", "properties": {"id": "451", "name": "Ponto 451"}, "geometry": {"type": "Point", "coordinates": [-39.01751416835117, -4.974271968702501]}}, {"type": "Feature", "properties": {"id": "452", "name": "Ponto 452"}, "geometry": {"type": "Point", "coordinates": [-39.01124933979004, -4.9724564339682304]}}, {"type": "Feature", "properties": {"id": "453", "name": "Ponto 453"}, "geometry": {"type": "Point", "coordinates": [-39.03030688893291, -4.963796914387878]}}, {"type": "Feature", "properties": {"id": "454", "name": "Ponto 454"}, "geometry": {"type": "Point", "coordinates": [-39.02483721863842, -4.963577522429322]}}, {"type": "Feature", "properties": {"id": "455", "name": "Ponto 455"}, "geometry": {"type": "Point", "coordinates": [-39.03222206240996, -4.964020803840477]}}, {"type": "Feature", "properties": {"id": "456", "name": "Ponto 456"}, "geometry": {"type": "Point", "coordinates": [-39.01276543824133, -4.963652498177013]}}, {"type": "Feature", "properties": {"id": "457", "name": "Ponto 457"}, "geometry": {"type": "Point", "coordinates": [-39.01103960684207, -4.961384721334958]}}, {"type": "Feature", "properties": {"id": "458", "name": "Ponto 458"}, "geometry": {"type": "Point", "coordinates": [-39.02243026844749, -4.973339348144946]}}, {"type": "Feature", "properties": {"id": "459", "name": "Ponto 459"}, "geometry": {"type": "Point", "coordinates": [-39.028445486545465, -4.9666980850076605]}}, {"type": "Feature", "properties": {"id": "460", "name": "Ponto 460"}, "geometry": {"type": "Point", "coordinates": [-39.011737441808215, -4.961283374816921]}}, {"type": "Feature", "properties": {"id": "461", "name": "Ponto 461"}, "geometry": {"type": "Point", "coordinates": [-39.01910278691925, -4.969137845781648]}}, {"type": "Feature", "properties": {"id": "462", "name": "Ponto 462"}, "geometry": {"type": "Point", "coordinates": [-39.031780344317546, -4.9709193230486255]}}, {"type": "Feature", "properties": {"id": "463", "name": "Ponto 463"}, "geometry": {"type": "Point", "coordinates": [-39.01329153064588, -4.963241462181866]}}, {"type": "Feature", "properties": {"id": "464", "name": "Ponto 464"}, "geometry": {"type": "Point", "coordinates": [-39.02497511790776, -4.97175645925131]}}, {"type": "Feature", "properties": {"id": "465", "name": "Ponto 465"}, "geometry": {"type": "Point", "coordinates": [-39.010632053937165, -4.968327996346678]}}, {"type": "Feature", "properties": {"id": "466", "name": "Ponto 466"}, "geometry": {"type": "Point", "coordinates": [-39.02734074762518, -4.96613143755741]}}, {"type": "Feature", "properties": {"id": "467", "name": "Ponto 467"}, "geometry": {"type": "Point", "coordinates": [-39.02377848992491, -4.972430104171889]}}, {"type": "Feature", "properties": {"id": "468", "name": "Ponto 468"}, "geometry": {"type": "Point", "coordinates": [-39.02827570284451, -4.973027734714304]}}, {"type": "Feature", "properties": {"id": "469", "name": "Ponto 469"}, "geometry": {"type": "Point", "coordinates": [-39.03068357778946, -4.971895764817379]}}, {"type": "Feature", "properties": {"id": "470", "name": "Ponto 470"}, "geometry": {"type": "Point", "coordinates": [-39.01607320505453, -4.968765502830311]}}, {"type": "Feature", "properties": {"id": "471", "name": "Ponto 471"}, "geometry": {"type": "Point", "coordinates": [-39.01454906407245, -4.962417775917582]}}, {"type": "Feature", "properties": {"id": "472", "name": "Ponto 472"}, "geometry": {"type": "Point", "coordinates": [-39.023361770348814, -4.966747797232325]}}, {"type": "Feature", "properties": {"id": "473", "name": "Ponto 473"}, "geometry": {"type": "Point", "coordinates": [-39.01023589678699, -4.96095095478181]}}, {"type": "Feature", "properties": {"id": "474", "name": "Ponto 474"}, "geometry": {"type": "Point", "coordinates": [-39.01340035977485, -4.971089374210421]}}, {"type": "Feature", "properties": {"id": "475", "name": "Ponto 475"}, "geometry": {"type": "Point", "coordinates": [-39.009666891068775, -4.9705770603315935]}}, {"type": "Feature", "properties": {"id": "476", "name": "Ponto 476"}, "geometry": {"type": "Point", "coordinates": [-39.02182721988116, -4.9643128581817]}}, {"type": "Feature", "properties": {"id": "477", "name": "Ponto 477"}, "geometry": {"type": "Point", "coordinates": [-39.016960858565675, -4.96869270915516]}}, {"type": "Feature", "properties": {"id": "478", "name": "Ponto 478"}, "geometry": {"type": "Point", "coordinates": [-39.00670427021784, -4.96407775676565]}}, {"type": "Feature", "properties": {"id": "479", "name": "Ponto 479"}, "geometry": {"type": "Point", "coordinates": [-39.016857162567405, -4.971773441563191]}}, {"type": "Feature", "properties": {"id": "480", "name": "Ponto 480"}, "geometry": {"type": "Point", "coordinates": [-39.0269800594994, -4.97328397717804]}}, {"type": "Feature", "properties": {"id": "481", "name": "Ponto 481"}, "geometry": {"type": "Point", "coordinates": [-39.00674336717016, -4.96268631862428]}}, {"type": "Feature", "properties": {"id": "482", "name": "Ponto 482"}, "geometry": {"type": "Point", "coordinates": [-39.01940489211048, -4.972879341047613]}}, {"type": "Feature", "properties": {"id": "483", "name": "Ponto 483"}, "geometry": {"type": "Point", "coordinates": [-39.016577101023344, -4.964628215677375]}}, {"type": "Feature", "properties": {"id": "484", "name": "Ponto 484"}, "geometry": {"type": "Point", "coordinates": [-39.031334480164276, -4.9647236365280225]}}, {"type": "Feature", "properties": {"id": "485", "name": "Ponto 485"}, "geometry": {"type": "Point", "coordinates": [-39.02514593925712, -4.96342495403927]}}, {"type": "Feature", "properties": {"id": "486", "name": "Ponto 486"}, "geometry": {"type": "Point", "coordinates": [-39.00779547693244, -4.9711414450714555]}}, {"type": "Feature", "properties": {"id": "487", "name": "Ponto 487"}, "geometry": {"type": "Point", "coordinates": [-39.00832924096531, -4.966787917121449]}}, {"type": "Feature", "properties": {"id": "488", "name": "Ponto 488"}, "geometry": {"type": "Point", "coordinates": [-39.010466742761395, -4.97405399893024]}}, {"type": "Feature", "properties": {"id": "489", "name": "Ponto 489"}, "geometry": {"type": "Point", "coordinates": [-39.02814802444164, -4.971796105349695]}}, {"type": "Feature", "properties": {"id": "490", "name": "Ponto 490"}, "geometry": {"type": "Point", "coordinates": [-39.02837644470557, -4.970066209049988]}}, {"type": "Feature", "properties": {"id": "491", "name": "Ponto 491"}, "geometry": {"type": "Point", "coordinates": [-39.0284515166803, -4.970674772992516]}}, {"type": "Feature", "properties": {"id": "492", "name": "Ponto 492"}, "geometry": {"type": "Point", "coordinates": [-39.00963272489761, -4.969896091264437]}}, {"type": "Feature", "properties": {"id": "493", "name": "Ponto 493"}, "geometry": {"type": "Point", "coordinates": [-39.03197191483278, -4.960886777422841]}}, {"type": "Feature", "properties": {"id": "494", "name": "Ponto 494"}, "geometry": {"type": "Point", "coordinates": [-39.01898115378623, -4.970713404622933]}}, {"type": "Feature", "properties": {"id": "495", "name": "Ponto 495"}, "geometry": {"type": "Point", "coordinates": [-39.01099864363446, -4.969595179135908]}}, {"type": "Feature", "properties": {"id": "496", "name": "Ponto 496"}, "geometry": {"type": "Point", "coordinates": [-39.01282756938885, -4.968832083885877]}}, {"type": "Feature", "properties": {"id": "497", "name": "Ponto 497"}, "geometry": {"type": "Point", "coordinates": [-39.0140080228267, -4.9692761299697565]}}, {"type": "Feature", "properties": {"id": "498", "name": "Ponto 498"}, "geometry": {"type": "Point", "coordinates": [-39.02905210386208, -4.969766890292327]}}, {"type": "Feature", "properties": {"id": "499", "name": "Ponto 499"}, "geometry": {"type": "Point", "coordinates": [-39.0105112622691, -4.9634338195372605]}}, {"type": "Feature", "properties": {"id": "500", "name": "Ponto 500"}, "geometry": {"type": "Point", "coordinates": [-39.013472217655796, -4.967619089046149]}}, {"type": "Feature", "properties": {"id": "501", "name": "Ponto 501"}, "geometry": {"type": "Point", "coordinates": [-39.01887823969258, -4.969432490934874]}}, {"type": "Feature", "properties": {"id": "502", "name": "Ponto 502"}, "geometry": {"type": "Point", "coordinates": [-39.030874115687865, -4.972775831303977]}}, {"type": "Feature", "properties": {"id": "503", "name": "Ponto 503"}, "geometry": {"type": "Point", "coordinates": [-39.0172646307019, -4.967727978251029]}}, {"type": "Feature", "properties": {"id": "504", "name": "Ponto 504"}, "geometry": {"type": "Point", "coordinates": [-39.02832636664628, -4.961104664220212]}}, {"type": "Feature", "properties": {"id": "505", "name": "Ponto 505"}, "geometry": {"type": "Point", "coordinates": [-39.011678248319676, -4.971406201277462]}}, {"type": "Feature", "properties": {"id": "506", "name": "Ponto 506"}, "geometry": {"type": "Point", "coordinates": [-39.011535574697554, -4.970146031434881]}}, {"type": "Feature", "properties": {"id": "507", "name": "Ponto 507"}, "geometry": {"type": "Point", "coordinates": [-39.023047878794905, -4.972303211708579]}}, {"type": "Feature", "properties": {"id": "508", "name": "Ponto 508"}, "geometry": {"type": "Point", "coordinates": [-39.026052149248656, -4.972657724115996]}}, {"type": "Feature", "properties": {"id": "509", "name": "Ponto 509"}, "geometry": {"type": "Point", "coordinates": [-39.01292479416474, -4.961727828772943]}}, {"type": "Feature", "properties": {"id": "510", "name": "Ponto 510"}, "geometry": {"type": "Point", "coordinates": [-39.02426015891629, -4.974318271287168]}}, {"type": "Feature", "properties": {"id": "511", "name": "Ponto 511"}, "geometry": {"type": "Point", "coordinates": [-39.02643041526263, -4.97356152226693]}}, {"type": "Feature", "properties": {"id": "512", "name": "Ponto 512"}, "geometry": {"type": "Point", "coordinates": [-39.01527753381461, -4.974359824440754]}}, {"type": "Feature", "properties": {"id": "513", "name": "Ponto 513"}, "geometry": {"type": "Point", "coordinates": [-39.01470215611895, -4.965296753192174]}}, {"type": "Feature", "properties": {"id": "514", "name": "Ponto 514"}, "geometry": {"type": "Point", "coordinates": [-39.02287474208436, -4.973555680210036]}}, {"type": "Feature", "properties": {"id": "515", "name": "Ponto 515"}, "geometry": {"type": "Point", "coordinates": [-39.02207548004958, -4.964340605030907]}}, {"type": "Feature", "properties": {"id": "516", "name": "Ponto 516"}, "geometry": {"type": "Point", "coordinates": [-39.01889589720949, -4.96824645040201]}}, {"type": "Feature", "properties": {"id": "517", "name": "Ponto 517"}, "geometry": {"type": "Point", "coordinates": [-39.015860345202924, -4.972529590482935]}}, {"type": "Feature", "properties": {"id": "518", "name": "Ponto 518"}, "geometry": {"type": "Point", "coordinates": [-39.029084138371026, -4.9693431171902365]}}, {"type": "Feature", "properties": {"id": "519", "name": "Ponto 519"}, "geometry": {"type": "Point", "coordinates": [-39.02624859169072, -4.967951233523929]}}, {"type": "Feature", "properties": {"id": "520", "name": "Ponto 520"}, "geometry": {"type": "Point", "coordinates": [-39.025322771394265, -4.961708451754781]}}, {"type": "Feature", "properties": {"id": "521", "name": "Ponto 521"}, "geometry": {"type": "Point", "coordinates": [-39.02578506743527, -4.968968685227562]}}, {"type": "Feature", "properties": {"id": "522", "name": "Ponto 522"}, "geometry": {"type": "Point", "coordinates": [-39.02399128740468, -4.969533197765869]}}, {"type": "Feature", "properties": {"id": "523", "name": "Ponto 523"}, "geometry": {"type": "Point", "coordinates": [-39.0167561462109, -4.971890561368507]}}, {"type": "Feature", "properties": {"id": "524", "name": "Ponto 524"}, "geometry": {"type": "Point", "coordinates": [-39.02220319915087, -4.967720547602379]}}, {"type": "Feature", "properties": {"id": "525", "name": "Ponto 525"}, "geometry": {"type": "Point", "coordinates": [-39.025782209777574, -4.970511643725616]}}, {"type": "Feature", "properties": {"id": "526", "name": "Ponto 526"}, "geometry": {"type": "Point", "coordinates": [-39.032059367256196, -4.972952213813159]}}, {"type": "Feature", "properties": {"id": "527", "name": "Ponto 527"}, "geometry": {"type": "Point", "coordinates": [-39.02599337039068, -4.96104888442958]}}, {"type": "Feature", "properties": {"id": "528", "name": "Ponto 528"}, "geometry": {"type": "Point", "coordinates": [-39.03113402981547, -4.968079243594021]}}, {"type": "Feature", "properties": {"id": "529", "name": "Ponto 529"}, "geometry": {"type": "Point", "coordinates": [-39.01110244748489, -4.9713618387989476]}}, {"type": "Feature", "properties": {"id": "530", "name": "Ponto 530"}, "geometry": {"type": "Point", "coordinates": [-39.016830635155934, -4.97113255827901]}}, {"type": "Feature", "properties": {"id": "531", "name": "Ponto 531"}, "geometry": {"type": "Point", "coordinates": [-39.02655327413941, -4.9619324790727966]}}, {"type": "Feature", "properties": {"id": "532", "name": "Ponto 532"}, "geometry": {"type": "Point", "coordinates": [-39.027228339158015, -4.966681364675036]}}, {"type": "Feature", "properties": {"id": "533", "name": "Ponto 533"}, "geometry": {"type": "Point", "coordinates": [-39.018697199757426, -4.962117598102415]}}, {"type": "Feature", "properties": {"id": "534", "name": "Ponto 534"}, "geometry": {"type": "Point", "coordinates": [-39.03036463699078, -4.965769637577827]}}, {"type": "Feature", "properties": {"id": "535", "name": "Ponto 535"}, "geometry": {"type": "Point", "coordinates": [-39.007221549794274, -4.9616825726517915]}}, {"type": "Feature", "properties": {"id": "536", "name": "Ponto 536"}, "geometry": {"type": "Point", "coordinates": [-39.01425494603977, -4.963851643364985]}}, {"type": "Feature", "properties": {"id": "537", "name": "Ponto 537"}, "geometry": {"type": "Point", "coordinates": [-39.01886560851468, -4.967567195836386]}}, {"type": "Feature", "properties": {"id": "538", "name": "Ponto 538"}, "geometry": {"type": "Point", "coordinates": [-39.01472912925578, -4.97196247658767]}}, {"type": "Feature", "properties": {"id": "539", "name": "Ponto 539"}, "geometry": {"type": "Point", "coordinates": [-39.02173691745955, -4.971323142357526]}}, {"type": "Feature", "properties": {"id": "540", "name": "Ponto 540"}, "geometry": {"type": "Point", "coordinates": [-39.01629379402504, -4.961320459572541]}}, {"type": "Feature", "properties": {"id": "541", "name": "Ponto 541"}, "geometry": {"type": "Point", "coordinates": [-39.02892365790754, -4.963852038785687]}}, {"type": "Feature", "properties": {"id": "542", "name": "Ponto 542"}, "geometry": {"type": "Point", "coordinates": [-39.02946392234776, -4.968991197549857]}}, {"type": "Feature", "properties": {"id": "543", "name": "Ponto 543"}, "geometry": {"type": "Point", "coordinates": [-39.015824413448286, -4.973965468130779]}}, {"type": "Feature", "properties": {"id": "544", "name": "Ponto 544"}, "geometry": {"type": "Point", "coordinates": [-39.01490662878177, -4.9626140301830715]}}, {"type": "Feature", "properties": {"id": "545", "name": "Ponto 545"}, "geometry": {"type": "Point", "coordinates": [-39.01161498936789, -4.967414184647721]}}, {"type": "Feature", "properties": {"id": "546", "name": "Ponto 546"}, "geometry": {"type": "Point", "coordinates": [-39.02652145261599, -4.969837703823854]}}, {"type": "Feature", "properties": {"id": "547", "name": "Ponto 547"}, "geometry": {"type": "Point", "coordinates": [-39.03077360156275, -4.9664384224160285]}}, {"type": "Feature", "properties": {"id": "548", "name": "Ponto 548"}, "geometry": {"type": "Point", "coordinates": [-39.03146247272717, -4.961800434896779]}}, {"type": "Feature", "properties": {"id": "549", "name": "Ponto 549"}, "geometry": {"type": "Point", "coordinates": [-39.013486867853516, -4.9622092065185806]}}, {"type": "Feature", "properties": {"id": "550", "name": "Ponto 550"}, "geometry": {"type": "Point", "coordinates": [-39.012023546367885, -4.969677400374642]}}, {"type": "Feature", "properties": {"id": "551", "name": "Ponto 551"}, "geometry": {"type": "Point", "coordinates": [-39.031090605659585, -4.963070206361455]}}, {"type": "Feature", "properties": {"id": "552", "name": "Ponto 552"}, "geometry": {"type": "Point", "coordinates": [-39.03181606429259, -4.97099736516965]}}, {"type": "Feature", "properties": {"id": "553", "name": "Ponto 553"}, "geometry": {"type": "Point", "coordinates": [-39.01375275418621, -4.965344429700335]}}, {"type": "Feature", "properties": {"id": "554", "name": "Ponto 554"}, "geometry": {"type": "Point", "coordinates": [-39.02050183326356, -4.97308408605101]}}, {"type": "Feature", "properties": {"id": "555", "name": "Ponto 555"}, "geometry": {"type": "Point", "coordinates": [-39.01419946214955, -4.9626163524091895]}}, {"type": "Feature", "properties": {"id": "556", "name": "Ponto 556"}, "geometry": {"type": "Point", "coordinates": [-39.029351890161244, -4.962450620025129]}}, {"type": "Feature", "properties": {"id": "557", "name": "Ponto 557"}, "geometry": {"type": "Point", "coordinates": [-39.02435362705918, -4.97179407268112]}}, {"type": "Feature", "properties": {"id": "558", "name": "Ponto 558"}, "geometry": {"type": "Point", "coordinates": [-39.022373338339754, -4.9622973799827115]}}, {"type": "Feature", "properties": {"id": "559", "name": "Ponto 559"}, "geometry": {"type": "Point", "coordinates": [-39.024425002501005, -4.964927392875178]}}, {"type": "Feature", "properties": {"id": "560", "name": "Ponto 560"}, "geometry": {"type": "Point", "coordinates": [-39.007153615548376, -4.973886336670196]}}, {"type": "Feature", "properties": {"id": "561", "name": "Ponto 561"}, "geometry": {"type": "Point", "coordinates": [-39.00705678280115, -4.972843976396551]}}, {"type": "Feature", "properties": {"id": "562", "name": "Ponto 562"}, "geometry": {"type": "Point", "coordinates": [-39.030557823089175, -4.968249148551294]}}, {"type": "Feature", "properties": {"id": "563", "name": "Ponto 563"}, "geometry": {"type": "Point", "coordinates": [-39.023666432044415, -4.964368286176637]}}, {"type": "Feature", "properties": {"id": "564", "name": "Ponto 564"}, "geometry": {"type": "Point", "coordinates": [-39.031893955397294, -4.966878644871857]}}, {"type": "Feature", "properties": {"id": "565", "name": "Ponto 565"}, "geometry": {"type": "Point", "coordinates": [-39.027886452282154, -4.961775752180224]}}, {"type": "Feature", "properties": {"id": "566", "name": "Ponto 566"}, "geometry": {"type": "Point", "coordinates": [-39.017394615055224, -4.968544123488687]}}, {"type": "Feature", "properties": {"id": "567", "name": "Ponto 567"}, "geometry": {"type": "Point", "coordinates": [-39.00919260350996, -4.964261622141544]}}, {"type": "Feature", "properties": {"id": "568", "name": "Ponto 568"}, "geometry": {"type": "Point", "coordinates": [-39.01951458337856, -4.97108321503767]}}, {"type": "Feature", "properties": {"id": "569", "name": "Ponto 569"}, "geometry": {"type": "Point", "coordinates": [-39.02737455337399, -4.964292097663025]}}, {"type": "Feature", "properties": {"id": "570", "name": "Ponto 570"}, "geometry": {"type": "Point", "coordinates": [-39.018352655595386, -4.962392746392345]}}, {"type": "Feature", "properties": {"id": "571", "name": "Ponto 571"}, "geometry": {"type": "Point", "coordinates": [-39.02304273444765, -4.965465202679827]}}, {"type": "Feature", "properties": {"id": "572", "name": "Ponto 572"}, "geometry": {"type": "Point", "coordinates": [-39.03108073168577, -4.963883423279074]}}, {"type": "Feature", "properties": {"id": "573", "name": "Ponto 573"}, "geometry": {"type": "Point", "coordinates": [-39.02001622042552, -4.972952056840827]}}, {"type": "Feature", "properties": {"id": "574", "name": "Ponto 574"}, "geometry": {"type": "Point", "coordinates": [-39.020051343154066, -4.972920891048747]}}, {"type": "Feature", "properties": {"id": "575", "name": "Ponto 575"}, "geometry": {"type": "Point", "coordinates": [-39.01746624220756, -4.97368516657544]}}, {"type": "Feature", "properties": {"id": "576", "name": "Ponto 576"}, "geometry": {"type": "Point", "coordinates": [-39.00854182062028, -4.974374617542301]}}, {"type": "Feature", "properties": {"id": "577", "name": "Ponto 577"}, "geometry": {"type": "Point", "coordinates": [-39.01336892874013, -4.967533256294294]}}, {"type": "Feature", "properties": {"id": "578", "name": "Ponto 578"}, "geometry": {"type": "Point", "coordinates": [-39.01963668115394, -4.966614221115327]}}, {"type": "Feature", "properties": {"id": "579", "name": "Ponto 579"}, "geometry": {"type": "Point", "coordinates": [-39.02219663626249, -4.97290645932191]}}, {"type": "Feature", "properties": {"id": "580", "name": "Ponto 580"}, "geometry": {"type": "Point", "coordinates": [-39.0119404529486, -4.962377788347575]}}, {"type": "Feature", "properties": {"id": "581", "name": "Ponto 581"}, "geometry": {"type": "Point", "coordinates": [-39.008897529928625, -4.967160963028212]}}, {"type": "Feature", "properties": {"id": "582", "name": "Ponto 582"}, "geometry": {"type": "Point", "coordinates": [-39.02692407820457, -4.966181404465807]}}, {"type": "Feature", "properties": {"id": "583", "name": "Ponto 583"}, "geometry": {"type": "Point", "coordinates": [-39.0219186438702, -4.962848694871881]}}, {"type": "Feature", "properties": {"id": "584", "name": "Ponto 584"}, "geometry": {"type": "Point", "coordinates": [-39.03197376766563, -4.967816938565597]}}, {"type": "Feature", "properties": {"id": "585", "name": "Ponto 585"}, "geometry": {"type": "Point", "coordinates": [-39.022950001927946, -4.9728157283044805]}}, {"type": "Feature", "properties": {"id": "586", "name": "Ponto 586"}, "geometry": {"type": "Point", "coordinates": [-39.03020295741456, -4.9716038047226325]}}, {"type": "Feature", "properties": {"id": "587", "name": "Ponto 587"}, "geometry": {"type": "Point", "coordinates": [-39.016936178082574, -4.967053051586488]}}, {"type": "Feature", "properties": {"id": "588", "name": "Ponto 588"}, "geometry": {"type": "Point", "coordinates": [-39.01790253974912, -4.969215489715571]}}, {"type": "Feature", "properties": {"id": "589", "name": "Ponto 589"}, "geometry": {"type": "Point", "coordinates": [-39.01935955467316, -4.966732843276233]}}, {"type": "Feature", "properties": {"id": "590", "name": "Ponto 590"}, "geometry": {"type": "Point", "coordinates": [-39.02644598041506, -4.962865649993777]}}, {"type": "Feature", "properties": {"id": "591", "name": "Ponto 591"}, "geometry": {"type": "Point", "coordinates": [-39.01108921984084, -4.9664105630727615]}}, {"type": "Feature", "properties": {"id": "592", "name": "Ponto 592"}, "geometry": {"type": "Point", "coordinates": [-39.03088357032047, -4.961766676459763]}}, {"type": "Feature", "properties": {"id": "593", "name": "Ponto 593"}, "geometry": {"type": "Point", "coordinates": [-39.01531077136148, -4.9677226726775725]}}, {"type": "Feature", "properties": {"id": "594", "name": "Ponto 594"}, "geometry": {"type": "Point", "coordinates": [-39.02174439634966, -4.969901018141857]}}, {"type": "Feature", "properties": {"id": "595", "name": "Ponto 595"}, "geometry": {"type": "Point", "coordinates": [-39.02613890434865, -4.973589872443553]}}, {"type": "Feature", "properties": {"id": "596", "name": "Ponto 596"}, "geometry": {"type": "Point", "coordinates": [-39.01205076294273, -4.9712902485327]}}, {"type": "Feature", "properties": {"id": "597", "name": "Ponto 597"}, "geometry": {"type": "Point", "coordinates": [-39.00665778220451, -4.962285965999633]}}, {"type": "Feature", "properties": {"id": "598", "name": "Ponto 598"}, "geometry": {"type": "Point", "coordinates": [-39.023821707976055, -4.965261301221884]}}, {"type": "Feature", "properties": {"id": "599", "name": "Ponto 599"}, "geometry": {"type": "Point", "coordinates": [-39.02787953515087, -4.964820449229138]}}, {"type": "Feature", "properties": {"id": "600", "name": "Ponto 600"}, "geometry": {"type": "Point", "coordinates": [-39.00854750505866, -4.964908939878033]}}, {"type": "Feature", "properties": {"id": "601", "name": "Ponto 601"}, "geometry": {"type": "Point", "coordinates": [-39.01858894258557, -4.968330738619365]}}, {"type": "Feature", "properties": {"id": "602", "name": "Ponto 602"}, "geometry": {"type": "Point", "coordinates": [-39.00691022027828, -4.9654911455173405]}}, {"type": "Feature", "properties": {"id": "603", "name": "Ponto 603"}, "geometry": {"type": "Point", "coordinates": [-39.008717512930154, -4.965429300384908]}}, {"type": "Feature", "properties": {"id": "604", "name": "Ponto 604"}, "geometry": {"type": "Point", "coordinates": [-39.03181628733613, -4.971584385175613]}}, {"type": "Feature", "properties": {"id": "605", "name": "Ponto 605"}, "geometry": {"type": "Point", "coordinates": [-39.021627221731684, -4.973029509797013]}}, {"type": "Feature", "properties": {"id": "606", "name": "Ponto 606"}, "geometry": {"type": "Point", "coordinates": [-39.00673289801256, -4.973926693018996]}}, {"type": "Feature", "properties": {"id": "607", "name": "Ponto 607"}, "geometry": {"type": "Point", "coordinates": [-39.02935334206692, -4.967278176174733]}}, {"type": "Feature", "properties": {"id": "608", "name": "Ponto 608"}, "geometry": {"type": "Point", "coordinates": [-39.01283152259007, -4.96586892018427]}}, {"type": "Feature", "properties": {"id": "609", "name": "Ponto 609"}, "geometry": {"type": "Point", "coordinates": [-39.02882044019956, -4.973641686542159]}}, {"type": "Feature", "properties": {"id": "610", "name": "Ponto 610"}, "geometry": {"type": "Point", "coordinates": [-39.01971080983125, -4.967741064712845]}}, {"type": "Feature", "properties": {"id": "611", "name": "Ponto 611"}, "geometry": {"type": "Point", "coordinates": [-39.01595265927202, -4.963402927130643]}}, {"type": "Feature", "properties": {"id": "612", "name": "Ponto 612"}, "geometry": {"type": "Point", "coordinates": [-39.02722722867583, -4.961498501139247]}}, {"type": "Feature", "properties": {"id": "613", "name": "Ponto 613"}, "geometry": {"type": "Point", "coordinates": [-39.02888266531269, -4.965828425860925]}}, {"type": "Feature", "properties": {"id": "614", "name": "Ponto 614"}, "geometry": {"type": "Point", "coordinates": [-39.02398506835901, -4.962190168142098]}}, {"type": "Feature", "properties": {"id": "615", "name": "Ponto 615"}, "geometry": {"type": "Point", "coordinates": [-39.02589277765262, -4.969693295483413]}}, {"type": "Feature", "properties": {"id": "616", "name": "Ponto 616"}, "geometry": {"type": "Point", "coordinates": [-39.02834750722606, -4.966428520330259]}}, {"type": "Feature", "properties": {"id": "617", "name": "Ponto 617"}, "geometry": {"type": "Point", "coordinates": [-39.017529401516484, -4.965887009513648]}}, {"type": "Feature", "properties": {"id": "618", "name": "Ponto 618"}, "geometry": {"type": "Point", "coordinates": [-39.031949349004016, -4.973313744154078]}}, {"type": "Feature", "properties": {"id": "619", "name": "Ponto 619"}, "geometry": {"type": "Point", "coordinates": [-39.00705134449806, -4.962760801727293]}}, {"type": "Feature", "properties": {"id": "620", "name": "Ponto 620"}, "geometry": {"type": "Point", "coordinates": [-39.02296605205733, -4.9718992175741805]}}, {"type": "Feature", "properties": {"id": "621", "name": "Ponto 621"}, "geometry": {"type": "Point", "coordinates": [-39.02092987653538, -4.967956651343071]}}, {"type": "Feature", "properties": {"id": "622", "name": "Ponto 622"}, "geometry": {"type": "Point", "coordinates": [-39.01138540567696, -4.971238229049456]}}, {"type": "Feature", "properties": {"id": "623", "name": "Ponto 623"}, "geometry": {"type": "Point", "coordinates": [-39.025023437835664, -4.963332813566764]}}, {"type": "Feature", "properties": {"id": "624", "name": "Ponto 624"}, "geometry": {"type": "Point", "coordinates": [-39.0267429561458, -4.969682723717347]}}, {"type": "Feature", "properties": {"id": "625", "name": "Ponto 625"}, "geometry": {"type": "Point", "coordinates": [-39.02428060442196, -4.970150269867743]}}, {"type": "Feature", "properties": {"id": "626", "name": "Ponto 626"}, "geometry": {"type": "Point", "coordinates": [-39.03121502846168, -4.9649389991553265]}}, {"type": "Feature", "properties": {"id": "627", "name": "Ponto 627"}, "geometry": {"type": "Point", "coordinates": [-39.01610775692993, -4.9649221873416876]}}, {"type": "Feature", "properties": {"id": "628", "name": "Ponto 628"}, "geometry": {"type": "Point", "coordinates": [-39.02470793346107, -4.971079388686351]}}, {"type": "Feature", "properties": {"id": "629", "name": "Ponto 629"}, "geometry": {"type": "Point", "coordinates": [-39.01435826204289, -4.968666230384305]}}, {"type": "Feature", "properties": {"id": "630", "name": "Ponto 630"}, "geometry": {"type": "Point", "coordinates": [-39.00729951297596, -4.969884103540609]}}, {"type": "Feature", "properties": {"id": "631", "name": "Ponto 631"}, "geometry": {"type": "Point", "coordinates": [-39.02245668061509, -4.974267886786061]}}, {"type": "Feature", "properties": {"id": "632", "name": "Ponto 632"}, "geometry": {"type": "Point", "coordinates": [-39.027095140100165, -4.9659322889362]}}, {"type": "Feature", "properties": {"id": "633", "name": "Ponto 633"}, "geometry": {"type": "Point", "coordinates": [-39.01048069915025, -4.966292870341037]}}, {"type": "Feature", "properties": {"id": "634", "name": "Ponto 634"}, "geometry": {"type": "Point", "coordinates": [-39.02663013960435, -4.972926457936646]}}, {"type": "Feature", "properties": {"id": "635", "name": "Ponto 635"}, "geometry": {"type": "Point", "coordinates": [-39.02590323586791, -4.962124495681536]}}, {"type": "Feature", "properties": {"id": "636", "name": "Ponto 636"}, "geometry": {"type": "Point", "coordinates": [-39.02191342914869, -4.969048464086479]}}, {"type": "Feature", "properties": {"id": "637", "name": "Ponto 637"}, "geometry": {"type": "Point", "coordinates": [-39.02567657534442, -4.964409535774276]}}, {"type": "Feature", "properties": {"id": "638", "name": "Ponto 638"}, "geometry": {"type": "Point", "coordinates": [-39.018736198782506, -4.961626595531457]}}, {"type": "Feature", "properties": {"id": "639", "name": "Ponto 639"}, "geometry": {"type": "Point", "coordinates": [-39.03088839919954, -4.96156096409999]}}, {"type": "Feature", "properties": {"id": "640", "name": "Ponto 640"}, "geometry": {"type": "Point", "coordinates": [-39.01786248634712, -4.969105847262377]}}, {"type": "Feature", "properties": {"id": "641", "name": "Ponto 641"}, "geometry": {"type": "Point", "coordinates": [-39.00941870735374, -4.963043745045595]}}, {"type": "Feature", "properties": {"id": "642", "name": "Ponto 642"}, "geometry": {"type": "Point", "coordinates": [-39.01032085344927, -4.967404899779853]}}, {"type": "Feature", "properties": {"id": "643", "name": "Ponto 643"}, "geometry": {"type": "Point", "coordinates": [-39.00767816411137, -4.965348801611562]}}, {"type": "Feature", "properties": {"id": "644", "name": "Ponto 644"}, "geometry": {"type": "Point", "coordinates": [-39.02718374138956, -4.966431547640949]}}, {"type": "Feature", "properties": {"id": "645", "name": "Ponto 645"}, "geometry": {"type": "Point", "coordinates": [-39.01786447294165, -4.966060096198915]}}, {"type": "Feature", "properties": {"id": "646", "name": "Ponto 646"}, "geometry": {"type": "Point", "coordinates": [-39.023089073959525, -4.962358715850453]}}, {"type": "Feature", "properties": {"id": "647", "name": "Ponto 647"}, "geometry": {"type": "Point", "coordinates": [-39.01412069099534, -4.969549014870438]}}, {"type": "Feature", "properties": {"id": "648", "name": "Ponto 648"}, "geometry": {"type": "Point", "coordinates": [-39.03035286044393, -4.970384677809926]}}, {"type": "Feature", "properties": {"id": "649", "name": "Ponto 649"}, "geometry": {"type": "Point", "coordinates": [-39.019993482521144, -4.970409454685172]}}, {"type": "Feature", "properties": {"id": "650", "name": "Ponto 650"}, "geometry": {"type": "Point", "coordinates": [-39.006722646181565, -4.971602952893315]}}, {"type": "Feature", "properties": {"id": "651", "name": "Ponto 651"}, "geometry": {"type": "Point", "coordinates": [-39.01181283479252, -4.974196148391347]}}, {"type": "Feature", "properties": {"id": "652", "name": "Ponto 652"}, "geometry": {"type": "Point", "coordinates": [-39.032387755323676, -4.965333911714334]}}, {"type": "Feature", "properties": {"id": "653", "name": "Ponto 653"}, "geometry": {"type": "Point", "coordinates": [-39.01998392457311, -4.974276399133623]}}, {"type": "Feature", "properties": {"id": "654", "name": "Ponto 654"}, "geometry": {"type": "Point", "coordinates": [-39.03045659192008, -4.973215890128965]}}, {"type": "Feature", "properties": {"id": "655", "name": "Ponto 655"}, "geometry": {"type": "Point", "coordinates": [-39.007298780095375, -4.974012752670268]}}, {"type": "Feature", "properties": {"id": "656", "name": "Ponto 656"}, "geometry": {"type": "Point", "coordinates": [-39.024990008941316, -4.966228539668197]}}, {"type": "Feature", "properties": {"id": "657", "name": "Ponto 657"}, "geometry": {"type": "Point", "coordinates": [-39.02790107297577, -4.969290502860456]}}, {"type": "Feature", "properties": {"id": "658", "name": "Ponto 658"}, "geometry": {"type": "Point", "coordinates": [-39.029049548698985, -4.964138602487941]}}, {"type": "Feature", "properties": {"id": "659", "name": "Ponto 659"}, "geometry": {"type": "Point", "coordinates": [-39.02861653363806, -4.971465445779115]}}, {"type": "Feature", "properties": {"id": "660", "name": "Ponto 660"}, "geometry": {"type": "Point", "coordinates": [-39.00759209987219, -4.964573004072464]}}, {"type": "Feature", "properties": {"id": "661", "name": "Ponto 661"}, "geometry": {"type": "Point", "coordinates": [-39.022458630094114, -4.969539367848951]}}, {"type": "Feature", "properties": {"id": "662", "name": "Ponto 662"}, "geometry": {"type": "Point", "coordinates": [-39.032096550916926, -4.969753226564037]}}, {"type": "Feature", "properties": {"id": "663", "name": "Ponto 663"}, "geometry": {"type": "Point", "coordinates": [-39.0083846096205, -4.963347332559191]}}, {"type": "Feature", "properties": {"id": "664", "name": "Ponto 664"}, "geometry": {"type": "Point", "coordinates": [-39.01317906179027, -4.963553423883335]}}, {"type": "Feature", "properties": {"id": "665", "name": "Ponto 665"}, "geometry": {"type": "Point", "coordinates": [-39.008903960084425, -4.964142648954124]}}, {"type": "Feature", "properties": {"id": "666", "name": "Ponto 666"}, "geometry": {"type": "Point", "coordinates": [-39.02978027697314, -4.966200445064686]}}, {"type": "Feature", "properties": {"id": "667", "name": "Ponto 667"}, "geometry": {"type": "Point", "coordinates": [-39.02679093135515, -4.967143157731388]}}, {"type": "Feature", "properties": {"id": "668", "name": "Ponto 668"}, "geometry": {"type": "Point", "coordinates": [-39.024108042461826, -4.964379203976524]}}, {"type": "Feature", "properties": {"id": "669", "name": "Ponto 669"}, "geometry": {"type": "Point", "coordinates": [-39.01847783772578, -4.969676548375323]}}, {"type": "Feature", "properties": {"id": "670", "name": "Ponto 670"}, "geometry": {"type": "Point", "coordinates": [-39.0288840577778, -4.970975227390309]}}, {"type": "Feature", "properties": {"id": "671", "name": "Ponto 671"}, "geometry": {"type": "Point", "coordinates": [-39.02729009584571, -4.963390648971615]}}, {"type": "Feature", "properties": {"id": "672", "name": "Ponto 672"}, "geometry": {"type": "Point", "coordinates": [-39.02759842020885, -4.9711853665204435]}}, {"type": "Feature", "properties": {"id": "673", "name": "Ponto 673"}, "geometry": {"type": "Point", "coordinates": [-39.01670785812608, -4.967464892953263]}}, {"type": "Feature", "properties": {"id": "674", "name": "Ponto 674"}, "geometry": {"type": "Point", "coordinates": [-39.01296965919858, -4.962198904698782]}}, {"type": "Feature", "properties": {"id": "675", "name": "Ponto 675"}, "geometry": {"type": "Point", "coordinates": [-39.02171603153029, -4.970780498517329]}}, {"type": "Feature", "properties": {"id": "676", "name": "Ponto 676"}, "geometry": {"type": "Point", "coordinates": [-39.02907160212665, -4.971159235520153]}}, {"type": "Feature", "properties": {"id": "677", "name": "Ponto 677"}, "geometry": {"type": "Point", "coordinates": [-39.017224611462865, -4.968365817537217]}}, {"type": "Feature", "properties": {"id": "678", "name": "Ponto 678"}, "geometry": {"type": "Point", "coordinates": [-39.02775193906711, -4.963333350119122]}}, {"type": "Feature", "properties": {"id": "679", "name": "Ponto 679"}, "geometry": {"type": "Point", "coordinates": [-39.03148189003211, -4.96277853630783]}}, {"type": "Feature", "properties": {"id": "680", "name": "Ponto 680"}, "geometry": {"type": "Point", "coordinates": [-39.00656582720114, -4.967107915003908]}}, {"type": "Feature", "properties": {"id": "681", "name": "Ponto 681"}, "geometry": {"type": "Point", "coordinates": [-39.01299501223487, -4.96672395672641]}}, {"type": "Feature", "properties": {"id": "682", "name": "Ponto 682"}, "geometry": {"type": "Point", "coordinates": [-39.02370533376799, -4.966813896614797]}}, {"type": "Feature", "properties": {"id": "683", "name": "Ponto 683"}, "geometry": {"type": "Point", "coordinates": [-39.03048414983966, -4.967102015724008]}}, {"type": "Feature", "properties": {"id": "684", "name": "Ponto 684"}, "geometry": {"type": "Point", "coordinates": [-39.02480761703809, -4.973680159480721]}}, {"type": "Feature", "properties": {"id": "685", "name": "Ponto 685"}, "geometry": {"type": "Point", "coordinates": [-39.02824983253744, -4.962878160628215]}}, {"type": "Feature", "properties": {"id": "686", "name": "Ponto 686"}, "geometry": {"type": "Point", "coordinates": [-39.01423471517556, -4.968535796825524]}}, {"type": "Feature", "properties": {"id": "687", "name": "Ponto 687"}, "geometry": {"type": "Point", "coordinates": [-39.023391151257584, -4.965973105121224]}}, {"type": "Feature", "properties": {"id": "688", "name": "Ponto 688"}, "geometry": {"type": "Point", "coordinates": [-39.01443891666166, -4.96412532024722]}}, {"type": "Feature", "properties": {"id": "689", "name": "Ponto 689"}, "geometry": {"type": "Point", "coordinates": [-39.031535178796446, -4.962789618287566]}}, {"type": "Feature", "properties": {"id": "690", "name": "Ponto 690"}, "geometry": {"type": "Point", "coordinates": [-39.01705709025521, -4.96137167754481]}}, {"type": "Feature", "properties": {"id": "691", "name": "Ponto 691"}, "geometry": {"type": "Point", "coordinates": [-39.01544993096384, -4.968449548607717]}}, {"type": "Feature", "properties": {"id": "692", "name": "Ponto 692"}, "geometry": {"type": "Point", "coordinates": [-39.01394361210349, -4.968523929483936]}}, {"type": "Feature", "properties": {"id": "693", "name": "Ponto 693"}, "geometry": {"type": "Point", "coordinates": [-39.010599343877686, -4.970612137490682]}}, {"type": "Feature", "properties": {"id": "694", "name": "Ponto 694"}, "geometry": {"type": "Point", "coordinates": [-39.01376302966549, -4.972235611745249]}}, {"type": "Feature", "properties": {"id": "695", "name": "Ponto 695"}, "geometry": {"type": "Point", "coordinates": [-39.01186557219902, -4.961158319623431]}}, {"type": "Feature", "properties": {"id": "696", "name": "Ponto 696"}, "geometry": {"type": "Point", "coordinates": [-39.03151261756228, -4.9692429112042955]}}, {"type": "Feature", "properties": {"id": "697", "name": "Ponto 697"}, "geometry": {"type": "Point", "coordinates": [-39.02704093555315, -4.969017657264657]}}, {"type": "Feature", "properties": {"id": "698", "name": "Ponto 698"}, "geometry": {"type": "Point", "coordinates": [-39.02850494269604, -4.9637966169691765]}}, {"type": "Feature", "properties": {"id": "699", "name": "Ponto 699"}, "geometry": {"type": "Point", "coordinates": [-39.00831081983666, -4.9706476997065385]}}, {"type": "Feature", "properties": {"id": "700", "name": "Ponto 700"}, "geometry": {"type": "Point", "coordinates": [-39.02675532900235, -4.962709661113273]}}, {"type": "Feature", "properties": {"id": "701", "name": "Ponto 701"}, "geometry": {"type": "Point", "coordinates": [-39.02069602623807, -4.97071299573795]}}, {"type": "Feature", "properties": {"id": "702", "name": "Ponto 702"}, "geometry": {"type": "Point", "coordinates": [-39.01153461141558, -4.965120223060682]}}, {"type": "Feature", "properties": {"id": "703", "name": "Ponto 703"}, "geometry": {"type": "Point", "coordinates": [-39.014580770995735, -4.968713760653776]}}, {"type": "Feature", "properties": {"id": "704", "name": "Ponto 704"}, "geometry": {"type": "Point", "coordinates": [-39.02115240082982, -4.962967571184313]}}, {"type": "Feature", "properties": {"id": "705", "name": "Ponto 705"}, "geometry": {"type": "Point", "coordinates": [-39.01940986245109, -4.963142363211624]}}, {"type": "Feature", "properties": {"id": "706", "name": "Ponto 706"}, "geometry": {"type": "Point", "coordinates": [-39.013359448570526, -4.968440016309968]}}, {"type": "Feature", "properties": {"id": "707", "name": "Ponto 707"}, "geometry": {"type": "Point", "coordinates": [-39.006996802622304, -4.966394537056638]}}, {"type": "Feature", "properties": {"id": "708", "name": "Ponto 708"}, "geometry": {"type": "Point", "coordinates": [-39.018821852231866, -4.973904097296407]}}, {"type": "Feature", "properties": {"id": "709", "name": "Ponto 709"}, "geometry": {"type": "Point", "coordinates": [-39.0247998250977, -4.972757328940766]}}, {"type": "Feature", "properties": {"id": "710", "name": "Ponto 710"}, "geometry": {"type": "Point", "coordinates": [-39.01046904676944, -4.964357143306137]}}, {"type": "Feature", "properties": {"id": "711", "name": "Ponto 711"}, "geometry": {"type": "Point", "coordinates": [-39.00694447121763, -4.963995941615643]}}, {"type": "Feature", "properties": {"id": "712", "name": "Ponto 712"}, "geometry": {"type": "Point", "coordinates": [-39.02522453924037, -4.963825634081705]}}, {"type": "Feature", "properties": {"id": "713", "name": "Ponto 713"}, "geometry": {"type": "Point", "coordinates": [-39.032097934729244, -4.966819750243363]}}, {"type": "Feature", "properties": {"id": "714", "name": "Ponto 714"}, "geometry": {"type": "Point", "coordinates": [-39.00824309439816, -4.969467891967606]}}, {"type": "Feature", "properties": {"id": "715", "name": "Ponto 715"}, "geometry": {"type": "Point", "coordinates": [-39.03234639486694, -4.9683540053942234]}}, {"type": "Feature", "properties": {"id": "716", "name": "Ponto 716"}, "geometry": {"type": "Point", "coordinates": [-39.01672303885829, -4.970049474511807]}}, {"type": "Feature", "properties": {"id": "717", "name": "Ponto 717"}, "geometry": {"type": "Point", "coordinates": [-39.01391748283207, -4.964239285134488]}}, {"type": "Feature", "properties": {"id": "718", "name": "Ponto 718"}, "geometry": {"type": "Point", "coordinates": [-39.01693883045708, -4.973721638622481]}}, {"type": "Feature", "properties": {"id": "719", "name": "Ponto 719"}, "geometry": {"type": "Point", "coordinates": [-39.025979160773204, -4.967845433635544]}}, {"type": "Feature", "properties": {"id": "720", "name": "Ponto 720"}, "geometry": {"type": "Point", "coordinates": [-39.02808441753856, -4.972733147171836]}}, {"type": "Feature", "properties": {"id": "721", "name": "Ponto 721"}, "geometry": {"type": "Point", "coordinates": [-39.0117966871931, -4.966179744811588]}}, {"type": "Feature", "properties": {"id": "722", "name": "Ponto 722"}, "geometry": {"type": "Point", "coordinates": [-39.01270583369698, -4.973816554478216]}}, {"type": "Feature", "properties": {"id": "723", "name": "Ponto 723"}, "geometry": {"type": "Point", "coordinates": [-39.007005907650765, -4.971534942030501]}}, {"type": "Feature", "properties": {"id": "724", "name": "Ponto 724"}, "geometry": {"type": "Point", "coordinates": [-39.02386925049433, -4.968556789969194]}}, {"type": "Feature", "properties": {"id": "725", "name": "Ponto 725"}, "geometry": {"type": "Point", "coordinates": [-39.03002597935093, -4.967869037613018]}}, {"type": "Feature", "properties": {"id": "726", "name": "Ponto 726"}, "geometry": {"type": "Point", "coordinates": [-39.00881401398349, -4.961211878688048]}}, {"type": "Feature", "properties": {"id": "727", "name": "Ponto 727"}, "geometry": {"type": "Point", "coordinates": [-39.0090737285229, -4.971843630576015]}}, {"type": "Feature", "properties": {"id": "728", "name": "Ponto 728"}, "geometry": {"type": "Point", "coordinates": [-39.0313854858668, -4.962656715446678]}}, {"type": "Feature", "properties": {"id": "729", "name": "Ponto 729"}, "geometry": {"type": "Point", "coordinates": [-39.007370606597284, -4.973459998267938]}}, {"type": "Feature", "properties": {"id": "730", "name": "Ponto 730"}, "geometry": {"type": "Point", "coordinates": [-39.018354641832765, -4.963673820833967]}}, {"type": "Feature", "properties": {"id": "731", "name": "Ponto 731"}, "geometry": {"type": "Point", "coordinates": [-39.01413461652489, -4.963138140070642]}}, {"type": "Feature", "properties": {"id": "732", "name": "Ponto 732"}, "geometry": {"type": "Point", "coordinates": [-39.00829221640859, -4.969081216747901]}}, {"type": "Feature", "properties": {"id": "733", "name": "Ponto 733"}, "geometry": {"type": "Point", "coordinates": [-39.025964189469285, -4.974047816165662]}}, {"type": "Feature", "properties": {"id": "734", "name": "Ponto 734"}, "geometry": {"type": "Point", "coordinates": [-39.02488809134729, -4.963247817210329]}}, {"type": "Feature", "properties": {"id": "735", "name": "Ponto 735"}, "geometry": {"type": "Point", "coordinates": [-39.013773901326985, -4.968813046578459]}}, {"type": "Feature", "properties": {"id": "736", "name": "Ponto 736"}, "geometry": {"type": "Point", "coordinates": [-39.03024794209906, -4.96745101362854]}}, {"type": "Feature", "properties": {"id": "737", "name": "Ponto 737"}, "geometry": {"type": "Point", "coordinates": [-39.02544123233554, -4.971337656958636]}}, {"type": "Feature", "properties": {"id": "738", "name": "Ponto 738"}, "geometry": {"type": "Point", "coordinates": [-39.027732123859955, -4.969033077823255]}}, {"type": "Feature", "properties": {"id": "739", "name": "Ponto 739"}, "geometry": {"type": "Point", "coordinates": [-39.01361324105105, -4.969304576239805]}}, {"type": "Feature", "properties": {"id": "740", "name": "Ponto 740"}, "geometry": {"type": "Point", "coordinates": [-39.012131313869915, -4.963601486426579]}}, {"type": "Feature", "properties": {"id": "741", "name": "Ponto 741"}, "geometry": {"type": "Point", "coordinates": [-39.007314730886584, -4.967952288098115]}}, {"type": "Feature", "properties": {"id": "742", "name": "Ponto 742"}, "geometry": {"type": "Point", "coordinates": [-39.01498550440334, -4.963891857005621]}}, {"type": "Feature", "properties": {"id": "743", "name": "Ponto 743"}, "geometry": {"type": "Point", "coordinates": [-39.01002206748327, -4.973199417273995]}}, {"type": "Feature", "properties": {"id": "744", "name": "Ponto 744"}, "geometry": {"type": "Point", "coordinates": [-39.021386858974296, -4.967233502713402]}}, {"type": "Feature", "properties": {"id": "745", "name": "Ponto 745"}, "geometry": {"type": "Point", "coordinates": [-39.02013281864232, -4.96737441270097]}}, {"type": "Feature", "properties": {"id": "746", "name": "Ponto 746"}, "geometry": {"type": "Point", "coordinates": [-39.024408334319354, -4.967841565160407]}}, {"type": "Feature", "properties": {"id": "747", "name": "Ponto 747"}, "geometry": {"type": "Point", "coordinates": [-39.02952299217171, -4.961838627721645]}}, {"type": "Feature", "properties": {"id": "748", "name": "Ponto 748"}, "geometry": {"type": "Point", "coordinates": [-39.012869829692576, -4.967208765543605]}}, {"type": "Feature", "properties": {"id": "749", "name": "Ponto 749"}, "geometry": {"type": "Point", "coordinates": [-39.02334390655834, -4.968471848438487]}}, {"type": "Feature", "properties": {"id": "750", "name": "Ponto 750"}, "geometry": {"type": "Point", "coordinates": [-39.021184627753634, -4.963228689678739]}}, {"type": "Feature", "properties": {"id": "751", "name": "Ponto 751"}, "geometry": {"type": "Point", "coordinates": [-39.015079359638705, -4.961719688920514]}}, {"type": "Feature", "properties": {"id": "752", "name": "Ponto 752"}, "geometry": {"type": "Point", "coordinates": [-39.01451610656742, -4.969575493509488]}}, {"type": "Feature", "properties": {"id": "753", "name": "Ponto 753"}, "geometry": {"type": "Point", "coordinates": [-39.02958804427288, -4.964808964320135]}}, {"type": "Feature", "properties": {"id": "754", "name": "Ponto 754"}, "geometry": {"type": "Point", "coordinates": [-39.02268351803247, -4.966443349887205]}}, {"type": "Feature", "properties": {"id": "755", "name": "Ponto 755"}, "geometry": {"type": "Point", "coordinates": [-39.02503612505866, -4.973333555731084]}}, {"type": "Feature", "properties": {"id": "756", "name": "Ponto 756"}, "geometry": {"type": "Point", "coordinates": [-39.0224851026695, -4.960890867514508]}}, {"type": "Feature", "properties": {"id": "757", "name": "Ponto 757"}, "geometry": {"type": "Point", "coordinates": [-39.011786184989326, -4.974074318115395]}}, {"type": "Feature", "properties": {"id": "758", "name": "Ponto 758"}, "geometry": {"type": "Point", "coordinates": [-39.01471821898473, -4.972428404468014]}}, {"type": "Feature", "properties": {"id": "759", "name": "Ponto 759"}, "geometry": {"type": "Point", "coordinates": [-39.00978473345097, -4.965358287673685]}}, {"type": "Feature", "properties": {"id": "760", "name": "Ponto 760"}, "geometry": {"type": "Point", "coordinates": [-39.02991280369529, -4.9685784217241205]}}, {"type": "Feature", "properties": {"id": "761", "name": "Ponto 761"}, "geometry": {"type": "Point", "coordinates": [-39.030332616443765, -4.962099262103491]}}, {"type": "Feature", "properties": {"id": "762", "name": "Ponto 762"}, "geometry": {"type": "Point", "coordinates": [-39.01865720187967, -4.973979376344059]}}, {"type": "Feature", "properties": {"id": "763", "name": "Ponto 763"}, "geometry": {"type": "Point", "coordinates": [-39.009174044914424, -4.968247141944598]}}, {"type": "Feature", "properties": {"id": "764", "name": "Ponto 764"}, "geometry": {"type": "Point", "coordinates": [-39.02873985133576, -4.970553176802239]}}, {"type": "Feature", "properties": {"id": "765", "name": "Ponto 765"}, "geometry": {"type": "Point", "coordinates": [-39.02974827681845, -4.972506818093935]}}, {"type": "Feature", "properties": {"id": "766", "name": "Ponto 766"}, "geometry": {"type": "Point", "coordinates": [-39.029947146240275, -4.969283483423646]}}, {"type": "Feature", "properties": {"id": "767", "name": "Ponto 767"}, "geometry": {"type": "Point", "coordinates": [-39.02160884237201, -4.971164203639269]}}, {"type": "Feature", "properties": {"id": "768", "name": "Ponto 768"}, "geometry": {"type": "Point", "coordinates": [-39.00815663667244, -4.9640822381899286]}}, {"type": "Feature", "properties": {"id": "769", "name": "Ponto 769"}, "geometry": {"type": "Point", "coordinates": [-39.00800814531086, -4.961665232541701]}}, {"type": "Feature", "properties": {"id": "770", "name": "Ponto 770"}, "geometry": {"type": "Point", "coordinates": [-39.01118997022374, -4.965480213534565]}}, {"type": "Feature", "properties": {"id": "771", "name": "Ponto 771"}, "geometry": {"type": "Point", "coordinates": [-39.02711968567562, -4.965358681845375]}}, {"type": "Feature", "properties": {"id": "772", "name": "Ponto 772"}, "geometry": {"type": "Point", "coordinates": [-39.02009838238518, -4.972826600685933]}}, {"type": "Feature", "properties": {"id": "773", "name": "Ponto 773"}, "geometry": {"type": "Point", "coordinates": [-39.02838261138053, -4.967801623074207]}}, {"type": "Feature", "properties": {"id": "774", "name": "Ponto 774"}, "geometry": {"type": "Point", "coordinates": [-39.01092652990541, -4.972400577202482]}}, {"type": "Feature", "properties": {"id": "775", "name": "Ponto 775"}, "geometry": {"type": "Point", "coordinates": [-39.02488897281792, -4.970352376122437]}}, {"type": "Feature", "properties": {"id": "776", "name": "Ponto 776"}, "geometry": {"type": "Point", "coordinates": [-39.02018103120574, -4.968579135988324]}}, {"type": "Feature", "properties": {"id": "777", "name": "Ponto 777"}, "geometry": {"type": "Point", "coordinates": [-39.02307758934512, -4.96977406597379]}}, {"type": "Feature", "properties": {"id": "778", "name": "Ponto 778"}, "geometry": {"type": "Point", "coordinates": [-39.011695744174546, -4.964040079663055]}}, {"type": "Feature", "properties": {"id": "779", "name": "Ponto 779"}, "geometry": {"type": "Point", "coordinates": [-39.0252209123642, -4.970434826889844]}}, {"type": "Feature", "properties": {"id": "780", "name": "Ponto 780"}, "geometry": {"type": "Point", "coordinates": [-39.028321707770736, -4.963354416258948]}}, {"type": "Feature", "properties": {"id": "781", "name": "Ponto 781"}, "geometry": {"type": "Point", "coordinates": [-39.026814907414945, -4.966429366336589]}}, {"type": "Feature", "properties": {"id": "782", "name": "Ponto 782"}, "geometry": {"type": "Point", "coordinates": [-39.02501784423634, -4.968569354142558]}}, {"type": "Feature", "properties": {"id": "783", "name": "Ponto 783"}, "geometry": {"type": "Point", "coordinates": [-39.031028607106116, -4.9711971563446475]}}, {"type": "Feature", "properties": {"id": "784", "name": "Ponto 784"}, "geometry": {"type": "Point", "coordinates": [-39.0273189252658, -4.967473709768559]}}, {"type": "Feature", "properties": {"id": "785", "name": "Ponto 785"}, "geometry": {"type": "Point", "coordinates": [-39.01295474091725, -4.972456482440909]}}, {"type": "Feature", "properties": {"id": "786", "name": "Ponto 786"}, "geometry": {"type": "Point", "coordinates": [-39.01652377250837, -4.97344273148976]}}, {"type": "Feature", "properties": {"id": "787", "name": "Ponto 787"}, "geometry": {"type": "Point", "coordinates": [-39.014144260490376, -4.971509132532728]}}, {"type": "Feature", "properties": {"id": "788", "name": "Ponto 788"}, "geometry": {"type": "Point", "coordinates": [-39.01791747508346, -4.970955919309645]}}, {"type": "Feature", "properties": {"id": "789", "name": "Ponto 789"}, "geometry": {"type": "Point", "coordinates": [-39.01587299222502, -4.970499462630845]}}, {"type": "Feature", "properties": {"id": "790", "name": "Ponto 790"}, "geometry": {"type": "Point", "coordinates": [-39.0212983142731, -4.968157370212227]}}, {"type": "Feature", "properties": {"id": "791", "name": "Ponto 791"}, "geometry": {"type": "Point", "coordinates": [-39.00952559563504, -4.9617626222652165]}}, {"type": "Feature", "properties": {"id": "792", "name": "Ponto 792"}, "geometry": {"type": "Point", "coordinates": [-39.03152240190171, -4.963660525940887]}}, {"type": "Feature", "properties": {"id": "793", "name": "Ponto 793"}, "geometry": {"type": "Point", "coordinates": [-39.03045957709288, -4.966344700002491]}}, {"type": "Feature", "properties": {"id": "794", "name": "Ponto 794"}, "geometry": {"type": "Point", "coordinates": [-39.022783410420026, -4.973203399157962]}}, {"type": "Feature", "properties": {"id": "795", "name": "Ponto 795"}, "geometry": {"type": "Point", "coordinates": [-39.02820581448311, -4.9628079551258955]}}, {"type": "Feature", "properties": {"id": "796", "name": "Ponto 796"}, "geometry": {"type": "Point", "coordinates": [-39.02850156783942, -4.973924557526941]}}, {"type": "Feature", "properties": {"id": "797", "name": "Ponto 797"}, "geometry": {"type": "Point", "coordinates": [-39.01695683829239, -4.9677931003169915]}}, {"type": "Feature", "properties": {"id": "798", "name": "Ponto 798"}, "geometry": {"type": "Point", "coordinates": [-39.025831242239576, -4.972590439381257]}}, {"type": "Feature", "properties": {"id": "799", "name": "Ponto 799"}, "geometry": {"type": "Point", "coordinates": [-39.01815639920949, -4.9698054784724235]}}, {"type": "Feature", "properties": {"id": "800", "name": "Ponto 800"}, "geometry": {"type": "Point", "coordinates": [-39.013697800060996, -4.969247921817265]}}, {"type": "Feature", "properties": {"id": "801", "name": "Ponto 801"}, "geometry": {"type": "Point", "coordinates": [-39.024612939463104, -4.969610074894412]}}, {"type": "Feature", "properties": {"id": "802", "name": "Ponto 802"}, "geometry": {"type": "Point", "coordinates": [-39.024980181135135, -4.965979645865992]}}, {"type": "Feature", "properties": {"id": "803", "name": "Ponto 803"}, "geometry": {"type": "Point", "coordinates": [-39.02277150343673, -4.972672659686397]}}, {"type": "Feature", "properties": {"id": "804", "name": "Ponto 804"}, "geometry": {"type": "Point", "coordinates": [-39.0151523915258, -4.962027858313828]}}, {"type": "Feature", "properties": {"id": "805", "name": "Ponto 805"}, "geometry": {"type": "Point", "coordinates": [-39.0249983925939, -4.963843455747351]}}, {"type": "Feature", "properties": {"id": "806", "name": "Ponto 806"}, "geometry": {"type": "Point", "coordinates": [-39.01038115983298, -4.964111882581617]}}, {"type": "Feature", "properties": {"id": "807", "name": "Ponto 807"}, "geometry": {"type": "Point", "coordinates": [-39.01197740894921, -4.972282808272014]}}, {"type": "Feature", "properties": {"id": "808", "name": "Ponto 808"}, "geometry": {"type": "Point", "coordinates": [-39.01862222533393, -4.970584361274795]}}, {"type": "Feature", "properties": {"id": "809", "name": "Ponto 809"}, "geometry": {"type": "Point", "coordinates": [-39.01221632694063, -4.968840517089232]}}, {"type": "Feature", "properties": {"id": "810", "name": "Ponto 810"}, "geometry": {"type": "Point", "coordinates": [-39.02287520253876, -4.9652480341943335]}}, {"type": "Feature", "properties": {"id": "811", "name": "Ponto 811"}, "geometry": {"type": "Point", "coordinates": [-39.019193579311484, -4.967824375841131]}}, {"type": "Feature", "properties": {"id": "812", "name": "Ponto 812"}, "geometry": {"type": "Point", "coordinates": [-39.03238209321703, -4.97295590462968]}}, {"type": "Feature", "properties": {"id": "813", "name": "Ponto 813"}, "geometry": {"type": "Point", "coordinates": [-39.023449363813896, -4.96259445244894]}}, {"type": "Feature", "properties": {"id": "814", "name": "Ponto 814"}, "geometry": {"type": "Point", "coordinates": [-39.010673700363924, -4.969012629577365]}}, {"type": "Feature", "properties": {"id": "815", "name": "Ponto 815"}, "geometry": {"type": "Point", "coordinates": [-39.02227289320152, -4.970257218040859]}}, {"type": "Feature", "properties": {"id": "816", "name": "Ponto 816"}, "geometry": {"type": "Point", "coordinates": [-39.012791156016355, -4.970159643585666]}}, {"type": "Feature", "properties": {"id": "817", "name": "Ponto 817"}, "geometry": {"type": "Point", "coordinates": [-39.01388936415741, -4.973773441131827]}}, {"type": "Feature", "properties": {"id": "818", "name": "Ponto 818"}, "geometry": {"type": "Point", "coordinates": [-39.0276702322919, -4.9630770842492415]}}, {"type": "Feature", "properties": {"id": "819", "name": "Ponto 819"}, "geometry": {"type": "Point", "coordinates": [-39.01849141663565, -4.966670414927652]}}, {"type": "Feature", "properties": {"id": "820", "name": "Ponto 820"}, "geometry": {"type": "Point", "coordinates": [-39.009754511463285, -4.96582473183721]}}, {"type": "Feature", "properties": {"id": "821", "name": "Ponto 821"}, "geometry": {"type": "Point", "coordinates": [-39.03002853156095, -4.968472696487523]}}, {"type": "Feature", "properties": {"id": "822", "name": "Ponto 822"}, "geometry": {"type": "Point", "coordinates": [-39.01758247265094, -4.963220901790714]}}, {"type": "Feature", "properties": {"id": "823", "name": "Ponto 823"}, "geometry": {"type": "Point", "coordinates": [-39.02641250682422, -4.969122121276054]}}, {"type": "Feature", "properties": {"id": "824", "name": "Ponto 824"}, "geometry": {"type": "Point", "coordinates": [-39.0263109254979, -4.963042479647038]}}, {"type": "Feature", "properties": {"id": "825", "name": "Ponto 825"}, "geometry": {"type": "Point", "coordinates": [-39.008092517576706, -4.964336305438932]}}, {"type": "Feature", "properties": {"id": "826", "name": "Ponto 826"}, "geometry": {"type": "Point", "coordinates": [-39.01395637815512, -4.965097746963684]}}, {"type": "Feature", "properties": {"id": "827", "name": "Ponto 827"}, "geometry": {"type": "Point", "coordinates": [-39.031918745150854, -4.961161308572374]}}, {"type": "Feature", "properties": {"id": "828", "name": "Ponto 828"}, "geometry": {"type": "Point", "coordinates": [-39.019054778123355, -4.962287145932514]}}, {"type": "Feature", "properties": {"id": "829", "name": "Ponto 829"}, "geometry": {"type": "Point", "coordinates": [-39.00706592697819, -4.965746121134488]}}, {"type": "Feature", "properties": {"id": "830", "name": "Ponto 830"}, "geometry": {"type": "Point", "coordinates": [-39.03148139575831, -4.966584548411718]}}, {"type": "Feature", "properties": {"id": "831", "name": "Ponto 831"}, "geometry": {"type": "Point", "coordinates": [-39.00981237545735, -4.966074516411828]}}, {"type": "Feature", "properties": {"id": "832", "name": "Ponto 832"}, "geometry": {"type": "Point", "coordinates": [-39.0085831475199, -4.973605624009653]}}, {"type": "Feature", "properties": {"id": "833", "name": "Ponto 833"}, "geometry": {"type": "Point", "coordinates": [-39.006765184562155, -4.963002078051137]}}, {"type": "Feature", "properties": {"id": "834", "name": "Ponto 834"}, "geometry": {"type": "Point", "coordinates": [-39.00724004885504, -4.9626984293481495]}}, {"type": "Feature", "properties": {"id": "835", "name": "Ponto 835"}, "geometry": {"type": "Point", "coordinates": [-39.021023200792186, -4.970565596921998]}}, {"type": "Feature", "properties": {"id": "836", "name": "Ponto 836"}, "geometry": {"type": "Point", "coordinates": [-39.025465158800856, -4.968143291102282]}}, {"type": "Feature", "properties": {"id": "837", "name": "Ponto 837"}, "geometry": {"type": "Point", "coordinates": [-39.032053733875586, -4.969858125412473]}}, {"type": "Feature", "properties": {"id": "838", "name": "Ponto 838"}, "geometry": {"type": "Point", "coordinates": [-39.01241390209228, -4.972130748965668]}}, {"type": "Feature", "properties": {"id": "839", "name": "Ponto 839"}, "geometry": {"type": "Point", "coordinates": [-39.019357330748214, -4.969641451929616]}}, {"type": "Feature", "properties": {"id": "840", "name": "Ponto 840"}, "geometry": {"type": "Point", "coordinates": [-39.01976352544457, -4.970723715480079]}}, {"type": "Feature", "properties": {"id": "841", "name": "Ponto 841"}, "geometry": {"type": "Point", "coordinates": [-39.00701027643862, -4.9630300102053555]}}, {"type": "Feature", "properties": {"id": "842", "name": "Ponto 842"}, "geometry": {"type": "Point", "coordinates": [-39.02131958513491, -4.973569398396541]}}, {"type": "Feature", "properties": {"id": "843", "name": "Ponto 843"}, "geometry": {"type": "Point", "coordinates": [-39.01562870009291, -4.965575802503624]}}, {"type": "Feature", "properties": {"id": "844", "name": "Ponto 844"}, "geometry": {"type": "Point", "coordinates": [-39.02425975680937, -4.961143773533769]}}, {"type": "Feature", "properties": {"id": "845", "name": "Ponto 845"}, "geometry": {"type": "Point", "coordinates": [-39.015870561102055, -4.969291708552965]}}, {"type": "Feature", "properties": {"id": "846", "name": "Ponto 846"}, "geometry": {"type": "Point", "coordinates": [-39.02407037668093, -4.962338680034924]}}, {"type": "Feature", "properties": {"id": "847", "name": "Ponto 847"}, "geometry": {"type": "Point", "coordinates": [-39.018885110829714, -4.9647589005241795]}}, {"type": "Feature", "properties": {"id": "848", "name": "Ponto 848"}, "geometry": {"type": "Point", "coordinates": [-39.00664995558129, -4.971205578582795]}}, {"type": "Feature", "properties": {"id": "849", "name": "Ponto 849"}, "geometry": {"type": "Point", "coordinates": [-39.014467105747855, -4.969691914314203]}}, {"type": "Feature", "properties": {"id": "850", "name": "Ponto 850"}, "geometry": {"type": "Point", "coordinates": [-39.01453353405079, -4.967709158997909]}}, {"type": "Feature", "properties": {"id": "851", "name": "Ponto 851"}, "geometry": {"type": "Point", "coordinates": [-39.00759131575624, -4.971565579213923]}}, {"type": "Feature", "properties": {"id": "852", "name": "Ponto 852"}, "geometry": {"type": "Point", "coordinates": [-39.02243987299941, -4.968554307270723]}}, {"type": "Feature", "properties": {"id": "853", "name": "Ponto 853"}, "geometry": {"type": "Point", "coordinates": [-39.01516975067844, -4.971881708845409]}}, {"type": "Feature", "properties": {"id": "854", "name": "Ponto 854"}, "geometry": {"type": "Point", "coordinates": [-39.00984623148622, -4.973904228845078]}}, {"type": "Feature", "properties": {"id": "855", "name": "Ponto 855"}, "geometry": {"type": "Point", "coordinates": [-39.031200257009345, -4.970257093995961]}}, {"type": "Feature", "properties": {"id": "856", "name": "Ponto 856"}, "geometry": {"type": "Point", "coordinates": [-39.02341312545453, -4.968264072213406]}}, {"type": "Feature", "properties": {"id": "857", "name": "Ponto 857"}, "geometry": {"type": "Point", "coordinates": [-39.0119914617465, -4.970383248237579]}}, {"type": "Feature", "properties": {"id": "858", "name": "Ponto 858"}, "geometry": {"type": "Point", "coordinates": [-39.01110981882059, -4.9738896788803775]}}, {"type": "Feature", "properties": {"id": "859", "name": "Ponto 859"}, "geometry": {"type": "Point", "coordinates": [-39.018504171630205, -4.966177473080287]}}, {"type": "Feature", "properties": {"id": "860", "name": "Ponto 860"}, "geometry": {"type": "Point", "coordinates": [-39.02757166898132, -4.969909512806228]}}, {"type": "Feature", "properties": {"id": "861", "name": "Ponto 861"}, "geometry": {"type": "Point", "coordinates": [-39.02834561096332, -4.9671180003555975]}}, {"type": "Feature", "properties": {"id": "862", "name": "Ponto 862"}, "geometry": {"type": "Point", "coordinates": [-39.00908347855435, -4.967048801299619]}}, {"type": "Feature", "properties": {"id": "863", "name": "Ponto 863"}, "geometry": {"type": "Point", "coordinates": [-39.02782061316277, -4.96705871982233]}}, {"type": "Feature", "properties": {"id": "864", "name": "Ponto 864"}, "geometry": {"type": "Point", "coordinates": [-39.007479575336816, -4.970558156346338]}}, {"type": "Feature", "properties": {"id": "865", "name": "Ponto 865"}, "geometry": {"type": "Point", "coordinates": [-39.03242532293433, -4.970518482109102]}}, {"type": "Feature", "properties": {"id": "866", "name": "Ponto 866"}, "geometry": {"type": "Point", "coordinates": [-39.02674440537058, -4.965585640913047]}}, {"type": "Feature", "properties": {"id": "867", "name": "Ponto 867"}, "geometry": {"type": "Point", "coordinates": [-39.03080966580309, -4.971920281702029]}}, {"type": "Feature", "properties": {"id": "868", "name": "Ponto 868"}, "geometry": {"type": "Point", "coordinates": [-39.00965956435433, -4.968769873303754]}}, {"type": "Feature", "properties": {"id": "869", "name": "Ponto 869"}, "geometry": {"type": "Point", "coordinates": [-39.00808072926019, -4.965912126964989]}}, {"type": "Feature", "properties": {"id": "870", "name": "Ponto 870"}, "geometry": {"type": "Point", "coordinates": [-39.031456260174295, -4.968121117614993]}}, {"type": "Feature", "properties": {"id": "871", "name": "Ponto 871"}, "geometry": {"type": "Point", "coordinates": [-39.01608866172229, -4.967761359466556]}}, {"type": "Feature", "properties": {"id": "872", "name": "Ponto 872"}, "geometry": {"type": "Point", "coordinates": [-39.0207736707435, -4.963669736384552]}}, {"type": "Feature", "properties": {"id": "873", "name": "Ponto 873"}, "geometry": {"type": "Point", "coordinates": [-39.01138936002612, -4.962084147102057]}}, {"type": "Feature", "properties": {"id": "874", "name": "Ponto 874"}, "geometry": {"type": "Point", "coordinates": [-39.00690186692115, -4.970398952479072]}}, {"type": "Feature", "properties": {"id": "875", "name": "Ponto 875"}, "geometry": {"type": "Point", "coordinates": [-39.02094249158934, -4.9612705605062075]}}, {"type": "Feature", "properties": {"id": "876", "name": "Ponto 876"}, "geometry": {"type": "Point", "coordinates": [-39.01131153832042, -4.963231080436016]}}, {"type": "Feature", "properties": {"id": "877", "name": "Ponto 877"}, "geometry": {"type": "Point", "coordinates": [-39.01281325782549, -4.973708884841459]}}, {"type": "Feature", "properties": {"id": "878", "name": "Ponto 878"}, "geometry": {"type": "Point", "coordinates": [-39.010371305473086, -4.963010711013117]}}, {"type": "Feature", "properties": {"id": "879", "name": "Ponto 879"}, "geometry": {"type": "Point", "coordinates": [-39.00693992877267, -4.968053490554391]}}, {"type": "Feature", "properties": {"id": "880", "name": "Ponto 880"}, "geometry": {"type": "Point", "coordinates": [-39.02622667835766, -4.966943326679394]}}, {"type": "Feature", "properties": {"id": "881", "name": "Ponto 881"}, "geometry": {"type": "Point", "coordinates": [-39.0142944097549, -4.9651261222897904]}}, {"type": "Feature", "properties": {"id": "882", "name": "Ponto 882"}, "geometry": {"type": "Point", "coordinates": [-39.02121322272812, -4.973536952942989]}}, {"type": "Feature", "properties": {"id": "883", "name": "Ponto 883"}, "geometry": {"type": "Point", "coordinates": [-39.02828500796109, -4.961109847171294]}}, {"type": "Feature", "properties": {"id": "884", "name": "Ponto 884"}, "geometry": {"type": "Point", "coordinates": [-39.017429579307425, -4.968326999464548]}}, {"type": "Feature", "properties": {"id": "885", "name": "Ponto 885"}, "geometry": {"type": "Point", "coordinates": [-39.01706222776074, -4.968346730536299]}}, {"type": "Feature", "properties": {"id": "886", "name": "Ponto 886"}, "geometry": {"type": "Point", "coordinates": [-39.00859982618406, -4.968675534204792]}}, {"type": "Feature", "properties": {"id": "887", "name": "Ponto 887"}, "geometry": {"type": "Point", "coordinates": [-39.00669962973315, -4.968893196890423]}}, {"type": "Feature", "properties": {"id": "888", "name": "Ponto 888"}, "geometry": {"type": "Point", "coordinates": [-39.03190902817521, -4.964278007681427]}}, {"type": "Feature", "properties": {"id": "889", "name": "Ponto 889"}, "geometry": {"type": "Point", "coordinates": [-39.01965466551927, -4.961526150981955]}}, {"type": "Feature", "properties": {"id": "890", "name": "Ponto 890"}, "geometry": {"type": "Point", "coordinates": [-39.0138989931814, -4.969351872575095]}}, {"type": "Feature", "properties": {"id": "891", "name": "Ponto 891"}, "geometry": {"type": "Point", "coordinates": [-39.01596253792216, -4.971403530453341]}}, {"type": "Feature", "properties": {"id": "892", "name": "Ponto 892"}, "geometry": {"type": "Point", "coordinates": [-39.025235144111846, -4.96478588370708]}}, {"type": "Feature", "properties": {"id": "893", "name": "Ponto 893"}, "geometry": {"type": "Point", "coordinates": [-39.01700111967899, -4.967012695661935]}}, {"type": "Feature", "properties": {"id": "894", "name": "Ponto 894"}, "geometry": {"type": "Point", "coordinates": [-39.03212121154508, -4.970482959951428]}}, {"type": "Feature", "properties": {"id": "895", "name": "Ponto 895"}, "geometry": {"type": "Point", "coordinates": [-39.024701317733026, -4.965477622587478]}}, {"type": "Feature", "properties": {"id": "896", "name": "Ponto 896"}, "geometry": {"type": "Point", "coordinates": [-39.026477064021634, -4.962059382215168]}}, {"type": "Feature", "properties": {"id": "897", "name": "Ponto 897"}, "geometry": {"type": "Point", "coordinates": [-39.02173429766377, -4.963888631891145]}}, {"type": "Feature", "properties": {"id": "898", "name": "Ponto 898"}, "geometry": {"type": "Point", "coordinates": [-39.01704115184438, -4.9613376261819475]}}, {"type": "Feature", "properties": {"id": "899", "name": "Ponto 899"}, "geometry": {"type": "Point", "coordinates": [-39.0237806974822, -4.973593880959671]}}, {"type": "Feature", "properties": {"id": "900", "name": "Ponto 900"}, "geometry": {"type": "Point", "coordinates": [-39.015418135615256, -4.960999955437441]}}, {"type": "Feature", "properties": {"id": "901", "name": "Ponto 901"}, "geometry": {"type": "Point", "coordinates": [-39.03029820388924, -4.9647750247483655]}}, {"type": "Feature", "properties": {"id": "902", "name": "Ponto 902"}, "geometry": {"type": "Point", "coordinates": [-39.0303945178581, -4.964545441289428]}}, {"type": "Feature", "properties": {"id": "903", "name": "Ponto 903"}, "geometry": {"type": "Point", "coordinates": [-39.01675257616729, -4.968975098190821]}}, {"type": "Feature", "properties": {"id": "904", "name": "Ponto 904"}, "geometry": {"type": "Point", "coordinates": [-39.01145810564122, -4.962010438243204]}}, {"type": "Feature", "properties": {"id": "905", "name": "Ponto 905"}, "geometry": {"type": "Point", "coordinates": [-39.00820128950482, -4.9683441228667515]}}, {"type": "Feature", "properties": {"id": "906", "name": "Ponto 906"}, "geometry": {"type": "Point", "coordinates": [-39.01316926432288, -4.9615442462608925]}}, {"type": "Feature", "properties": {"id": "907", "name": "Ponto 907"}, "geometry": {"type": "Point", "coordinates": [-39.015482809750715, -4.9614169697136585]}}, {"type": "Feature", "properties": {"id": "908", "name": "Ponto 908"}, "geometry": {"type": "Point", "coordinates": [-39.013840957563914, -4.969615880725123]}}, {"type": "Feature", "properties": {"id": "909", "name": "Ponto 909"}, "geometry": {"type": "Point", "coordinates": [-39.013025501228256, -4.972377436572785]}}, {"type": "Feature", "properties": {"id": "910", "name": "Ponto 910"}, "geometry": {"type": "Point", "coordinates": [-39.01195632311091, -4.967826942852355]}}, {"type": "Feature", "properties": {"id": "911", "name": "Ponto 911"}, "geometry": {"type": "Point", "coordinates": [-39.00940546864596, -4.973114930010828]}}, {"type": "Feature", "properties": {"id": "912", "name": "Ponto 912"}, "geometry": {"type": "Point", "coordinates": [-39.026156830583176, -4.9680484232578594]}}, {"type": "Feature", "properties": {"id": "913", "name": "Ponto 913"}, "geometry": {"type": "Point", "coordinates": [-39.00834815881904, -4.964143375588127]}}, {"type": "Feature", "properties": {"id": "914", "name": "Ponto 914"}, "geometry": {"type": "Point", "coordinates": [-39.027582515207676, -4.96937204506024]}}, {"type": "Feature", "properties": {"id": "915", "name": "Ponto 915"}, "geometry": {"type": "Point", "coordinates": [-39.01360984336058, -4.970429209981623]}}, {"type": "Feature", "properties": {"id": "916", "name": "Ponto 916"}, "geometry": {"type": "Point", "coordinates": [-39.01654236729072, -4.969731952331413]}}, {"type": "Feature", "properties": {"id": "917", "name": "Ponto 917"}, "geometry": {"type": "Point", "coordinates": [-39.02131651123438, -4.967580100269069]}}, {"type": "Feature", "properties": {"id": "918", "name": "Ponto 918"}, "geometry": {"type": "Point", "coordinates": [-39.01427828371871, -4.973200000896111]}}, {"type": "Feature", "properties": {"id": "919", "name": "Ponto 919"}, "geometry": {"type": "Point", "coordinates": [-39.01960812117611, -4.969684316978004]}}, {"type": "Feature", "properties": {"id": "920", "name": "Ponto 920"}, "geometry": {"type": "Point", "coordinates": [-39.03084826603929, -4.9729282724737915]}}, {"type": "Feature", "properties": {"id": "921", "name": "Ponto 921"}, "geometry": {"type": "Point", "coordinates": [-39.03070672950397, -4.96284909023231]}}, {"type": "Feature", "properties": {"id": "922", "name": "Ponto 922"}, "geometry": {"type": "Point", "coordinates": [-39.0284062556009, -4.970439409379523]}}, {"type": "Feature", "properties": {"id": "923", "name": "Ponto 923"}, "geometry": {"type": "Point", "coordinates": [-39.00841136937889, -4.972604841288619]}}, {"type": "Feature", "properties": {"id": "924", "name": "Ponto 924"}, "geometry": {"type": "Point", "coordinates": [-39.029905797874164, -4.973422749246711]}}, {"type": "Feature", "properties": {"id": "925", "name": "Ponto 925"}, "geometry": {"type": "Point", "coordinates": [-39.02568781697383, -4.96126243286018]}}, {"type": "Feature", "properties": {"id": "926", "name": "Ponto 926"}, "geometry": {"type": "Point", "coordinates": [-39.02617699102862, -4.969141420767415]}}, {"type": "Feature", "properties": {"id": "927", "name": "Ponto 927"}, "geometry": {"type": "Point", "coordinates": [-39.02304854573869, -4.9619763271727795]}}, {"type": "Feature", "properties": {"id": "928", "name": "Ponto 928"}, "geometry": {"type": "Point", "coordinates": [-39.01342562782272, -4.969150268499701]}}, {"type": "Feature", "properties": {"id": "929", "name": "Ponto 929"}, "geometry": {"type": "Point", "coordinates": [-39.023356631524145, -4.9649092204626175]}}, {"type": "Feature", "properties": {"id": "930", "name": "Ponto 930"}, "geometry": {"type": "Point", "coordinates": [-39.02400227407368, -4.9654679666845105]}}, {"type": "Feature", "properties": {"id": "931", "name": "Ponto 931"}, "geometry": {"type": "Point", "coordinates": [-39.02231761558367, -4.967911845198628]}}, {"type": "Feature", "properties": {"id": "932", "name": "Ponto 932"}, "geometry": {"type": "Point", "coordinates": [-39.02695264974494, -4.968742644076939]}}, {"type": "Feature", "properties": {"id": "933", "name": "Ponto 933"}, "geometry": {"type": "Point", "coordinates": [-39.02716269447126, -4.969742094929989]}}, {"type": "Feature", "properties": {"id": "934", "name": "Ponto 934"}, "geometry": {"type": "Point", "coordinates": [-39.008812099659764, -4.962611875774846]}}, {"type": "Feature", "properties": {"id": "935", "name": "Ponto 935"}, "geometry": {"type": "Point", "coordinates": [-39.01811797063867, -4.966209301022644]}}, {"type": "Feature", "properties": {"id": "936", "name": "Ponto 936"}, "geometry": {"type": "Point", "coordinates": [-39.00980417421458, -4.961996523753279]}}, {"type": "Feature", "properties": {"id": "937", "name": "Ponto 937"}, "geometry": {"type": "Point", "coordinates": [-39.02970408182554, -4.971586451062803]}}, {"type": "Feature", "properties": {"id": "938", "name": "Ponto 938"}, "geometry": {"type": "Point", "coordinates": [-39.01322591607911, -4.963672811755764]}}, {"type": "Feature", "properties": {"id": "939", "name": "Ponto 939"}, "geometry": {"type": "Point", "coordinates": [-39.00948296384674, -4.9626677800693]}}, {"type": "Feature", "properties": {"id": "940", "name": "Ponto 940"}, "geometry": {"type": "Point", "coordinates": [-39.02497878622766, -4.972198080252307]}}, {"type": "Feature", "properties": {"id": "941", "name": "Ponto 941"}, "geometry": {"type": "Point", "coordinates": [-39.02555390853881, -4.967991293881897]}}, {"type": "Feature", "properties": {"id": "942", "name": "Ponto 942"}, "geometry": {"type": "Point", "coordinates": [-39.01475867956197, -4.972863876938208]}}, {"type": "Feature", "properties": {"id": "943", "name": "Ponto 943"}, "geometry": {"type": "Point", "coordinates": [-39.01817941278824, -4.962586080805437]}}, {"type": "Feature", "properties": {"id": "944", "name": "Ponto 944"}, "geometry": {"type": "Point", "coordinates": [-39.00885610833305, -4.9732516818213215]}}, {"type": "Feature", "properties": {"id": "945", "name": "Ponto 945"}, "geometry": {"type": "Point", "coordinates": [-39.008967129800936, -4.970019210251392]}}, {"type": "Feature", "properties": {"id": "946", "name": "Ponto 946"}, "geometry": {"type": "Point", "coordinates": [-39.0124936876051, -4.968450568273681]}}, {"type": "Feature", "properties": {"id": "947", "name": "Ponto 947"}, "geometry": {"type": "Point", "coordinates": [-39.02631885242089, -4.964336305997906]}}, {"type": "Feature", "properties": {"id": "948", "name": "Ponto 948"}, "geometry": {"type": "Point", "coordinates": [-39.015239738195376, -4.969800362819074]}}, {"type": "Feature", "properties": {"id": "949", "name": "Ponto 949"}, "geometry": {"type": "Point", "coordinates": [-39.01334557538412, -4.964853156592516]}}, {"type": "Feature", "properties": {"id": "950", "name": "Ponto 950"}, "geometry": {"type": "Point", "coordinates": [-39.00852121570714, -4.973433705368971]}}, {"type": "Feature", "properties": {"id": "951", "name": "Ponto 951"}, "geometry": {"type": "Point", "coordinates": [-39.0175075064779, -4.968879363657305]}}, {"type": "Feature", "properties": {"id": "952", "name": "Ponto 952"}, "geometry": {"type": "Point", "coordinates": [-39.02944391270896, -4.968404126499647]}}, {"type": "Feature", "properties": {"id": "953", "name": "Ponto 953"}, "geometry": {"type": "Point", "coordinates": [-39.01047531768508, -4.970884818848595]}}, {"type": "Feature", "properties": {"id": "954", "name": "Ponto 954"}, "geometry": {"type": "Point", "coordinates": [-39.010926720056176, -4.967642187842516]}}, {"type": "Feature", "properties": {"id": "955", "name": "Ponto 955"}, "geometry": {"type": "Point", "coordinates": [-39.03102350302298, -4.965029946408561]}}, {"type": "Feature", "properties": {"id": "956", "name": "Ponto 956"}, "geometry": {"type": "Point", "coordinates": [-39.01960719456014, -4.969132171229665]}}, {"type": "Feature", "properties": {"id": "957", "name": "Ponto 957"}, "geometry": {"type": "Point", "coordinates": [-39.03142447740884, -4.961782219084893]}}, {"type": "Feature", "properties": {"id": "958", "name": "Ponto 958"}, "geometry": {"type": "Point", "coordinates": [-39.01163051211563, -4.96227419947666]}}, {"type": "Feature", "properties": {"id": "959", "name": "Ponto 959"}, "geometry": {"type": "Point", "coordinates": [-39.01351603038494, -4.961833456567758]}}, {"type": "Feature", "properties": {"id": "960", "name": "Ponto 960"}, "geometry": {"type": "Point", "coordinates": [-39.02269774156337, -4.96294179738389]}}, {"type": "Feature", "properties": {"id": "961", "name": "Ponto 961"}, "geometry": {"type": "Point", "coordinates": [-39.02591120936011, -4.961570870960512]}}, {"type": "Feature", "properties": {"id": "962", "name": "Ponto 962"}, "geometry": {"type": "Point", "coordinates": [-39.01959775807269, -4.964669335605584]}}, {"type": "Feature", "properties": {"id": "963", "name": "Ponto 963"}, "geometry": {"type": "Point", "coordinates": [-39.020182869598536, -4.9701834699903396]}}, {"type": "Feature", "properties": {"id": "964", "name": "Ponto 964"}, "geometry": {"type": "Point", "coordinates": [-39.02308235361525, -4.971785819752192]}}, {"type": "Feature", "properties": {"id": "965", "name": "Ponto 965"}, "geometry": {"type": "Point", "coordinates": [-39.01595575613304, -4.965791457303125]}}, {"type": "Feature", "properties": {"id": "966", "name": "Ponto 966"}, "geometry": {"type": "Point", "coordinates": [-39.00818823179106, -4.965649463810395]}}, {"type": "Feature", "properties": {"id": "967", "name": "Ponto 967"}, "geometry": {"type": "Point", "coordinates": [-39.015002092250654, -4.9641426244681695]}}, {"type": "Feature", "properties": {"id": "968", "name": "Ponto 968"}, "geometry": {"type": "Point", "coordinates": [-39.01984607236788, -4.973119166592336]}}, {"type": "Feature", "properties": {"id": "969", "name": "Ponto 969"}, "geometry": {"type": "Point", "coordinates": [-39.02373411512946, -4.9671580504176065]}}, {"type": "Feature", "properties": {"id": "970", "name": "Ponto 970"}, "geometry": {"type": "Point", "coordinates": [-39.00800785979511, -4.971541009791496]}}, {"type": "Feature", "properties": {"id": "971", "name": "Ponto 971"}, "geometry": {"type": "Point", "coordinates": [-39.01826420386466, -4.9608909614057115]}}, {"type": "Feature", "properties": {"id": "972", "name": "Ponto 972"}, "geometry": {"type": "Point", "coordinates": [-39.02475055189618, -4.970718756831942]}}, {"type": "Feature", "properties": {"id": "973", "name": "Ponto 973"}, "geometry": {"type": "Point", "coordinates": [-39.02652271770235, -4.968560375402924]}}, {"type": "Feature", "properties": {"id": "974", "name": "Ponto 974"}, "geometry": {"type": "Point", "coordinates": [-39.01570560037311, -4.962855927084048]}}, {"type": "Feature", "properties": {"id": "975", "name": "Ponto 975"}, "geometry": {"type": "Point", "coordinates": [-39.012910249468035, -4.973387529292792]}}, {"type": "Feature", "properties": {"id": "976", "name": "Ponto 976"}, "geometry": {"type": "Point", "coordinates": [-39.02506720997896, -4.974319728598504]}}, {"type": "Feature", "properties": {"id": "977", "name": "Ponto 977"}, "geometry": {"type": "Point", "coordinates": [-39.02183550380557, -4.964997041118746]}}, {"type": "Feature", "properties": {"id": "978", "name": "Ponto 978"}, "geometry": {"type": "Point", "coordinates": [-39.02154559430104, -4.962421308548581]}}, {"type": "Feature", "properties": {"id": "979", "name": "Ponto 979"}, "geometry": {"type": "Point", "coordinates": [-39.02405184431277, -4.965296497533408]}}, {"type": "Feature", "properties": {"id": "980", "name": "Ponto 980"}, "geometry": {"type": "Point", "coordinates": [-39.028901490191195, -4.973973149873505]}}, {"type": "Feature", "properties": {"id": "981", "name": "Ponto 981"}, "geometry": {"type": "Point", "coordinates": [-39.010044841462246, -4.9665633722024936]}}, {"type": "Feature", "properties": {"id": "982", "name": "Ponto 982"}, "geometry": {"type": "Point", "coordinates": [-39.008373660744105, -4.964696497622348]}}, {"type": "Feature", "properties": {"id": "983", "name": "Ponto 983"}, "geometry": {"type": "Point", "coordinates": [-39.01374445624788, -4.965265537345445]}}, {"type": "Feature", "properties": {"id": "984", "name": "Ponto 984"}, "geometry": {"type": "Point", "coordinates": [-39.00728447330857, -4.965800364528185]}}, {"type": "Feature", "properties": {"id": "985", "name": "Ponto 985"}, "geometry": {"type": "Point", "coordinates": [-39.0200565070248, -4.9609956403683295]}}, {"type": "Feature", "properties": {"id": "986", "name": "Ponto 986"}, "geometry": {"type": "Point", "coordinates": [-39.032202775088834, -4.972438558635864]}}, {"type": "Feature", "properties": {"id": "987", "name": "Ponto 987"}, "geometry": {"type": "Point", "coordinates": [-39.03184877588858, -4.969008536816849]}}, {"type": "Feature", "properties": {"id": "988", "name": "Ponto 988"}, "geometry": {"type": "Point", "coordinates": [-39.01414102933177, -4.96201953036479]}}, {"type": "Feature", "properties": {"id": "989", "name": "Ponto 989"}, "geometry": {"type": "Point", "coordinates": [-39.01741960126558, -4.971353405188048]}}, {"type": "Feature", "properties": {"id": "990", "name": "Ponto 990"}, "geometry": {"type": "Point", "coordinates": [-39.02374723679985, -4.967077542414729]}}, {"type": "Feature", "properties": {"id": "991", "name": "Ponto 991"}, "geometry": {"type": "Point", "coordinates": [-39.026839209680304, -4.9726211120351405]}}, {"type": "Feature", "properties": {"id": "992", "name": "Ponto 992"}, "geometry": {"type": "Point", "coordinates": [-39.01308871905521, -4.9664399513461905]}}, {"type": "Feature", "properties": {"id": "993", "name": "Ponto 993"}, "geometry": {"type": "Point", "coordinates": [-39.00889601593312, -4.965415413737799]}}, {"type": "Feature", "properties": {"id": "994", "name": "Ponto 994"}, "geometry": {"type": "Point", "coordinates": [-39.02634320481399, -4.962178303463247]}}, {"type": "Feature", "properties": {"id": "995", "name": "Ponto 995"}, "geometry": {"type": "Point", "coordinates": [-39.01149315030161, -4.965997024037288]}}, {"type": "Feature", "properties": {"id": "996", "name": "Ponto 996"}, "geometry": {"type": "Point", "coordinates": [-39.017196451046324, -4.96245784252554]}}, {"type": "Feature", "properties": {"id": "997", "name": "Ponto 997"}, "geometry": {"type": "Point", "coordinates": [-39.03064513430175, -4.9686532027572685]}}, {"type": "Feature", "properties": {"id": "998", "name": "Ponto 998"}, "geometry": {"type": "Point", "coordinates": [-39.01131847331381, -4.964434906600402]}}, {"type": "Feature", "properties": {"id": "999", "name": "Ponto 999"}, "geometry": {"type": "Point", "coordinates": [-39.026356925782025, -4.973428536338658]}}, {"type": "Feature", "properties": {"id": "1000", "name": "Ponto 1000"}, "geometry": {"type": "Point", "coordinates": [-39.019707314532305, -4.962749488511791]}}, {"type": "Feature", "properties": {"id": "1001", "name": "Ponto 1001"}, "geometry": {"type": "Point", "coordinates": [-39.019044727450485, -4.973938821352065]}}, {"type": "Feature", "properties": {"id": "1002", "name": "Ponto 1002"}, "geometry": {"type": "Point", "coordinates": [-39.02830339658212, -4.9623781957426845]}}, {"type": "Feature", "properties": {"id": "1003", "name": "Ponto 1003"}, "geometry": {"type": "Point", "coordinates": [-39.02425813604471, -4.973328705991231]}}, {"type": "Feature", "properties": {"id": "1004", "name": "Ponto 1004"}, "geometry": {"type": "Point", "coordinates": [-39.00832437272901, -4.973651996403697]}}, {"type": "Feature", "properties": {"id": "1005", "name": "Ponto 1005"}, "geometry": {"type": "Point", "coordinates": [-39.01856018321446, -4.971081605342603]}}, {"type": "Feature", "properties": {"id": "1006", "name": "Ponto 1006"}, "geometry": {"type": "Point", "coordinates": [-39.02926081378306, -4.966516144236319]}}, {"type": "Feature", "properties": {"id": "1007", "name": "Ponto 1007"}, "geometry": {"type": "Point", "coordinates": [-39.01380293066339, -4.972119521844093]}}, {"type": "Feature", "properties": {"id": "1008", "name": "Ponto 1008"}, "geometry": {"type": "Point", "coordinates": [-39.01863555218063, -4.963627494032747]}}, {"type": "Feature", "properties": {"id": "1009", "name": "Ponto 1009"}, "geometry": {"type": "Point", "coordinates": [-39.00911070785044, -4.966656920555041]}}, {"type": "Feature", "properties": {"id": "1010", "name": "Ponto 1010"}, "geometry": {"type": "Point", "coordinates": [-39.01209572735638, -4.968948576428487]}}, {"type": "Feature", "properties": {"id": "1011", "name": "Ponto 1011"}, "geometry": {"type": "Point", "coordinates": [-39.024158182126335, -4.966009800929071]}}, {"type": "Feature", "properties": {"id": "1012", "name": "Ponto 1012"}, "geometry": {"type": "Point", "coordinates": [-39.030377330741906, -4.966373525730423]}}, {"type": "Feature", "properties": {"id": "1013", "name": "Ponto 1013"}, "geometry": {"type": "Point", "coordinates": [-39.008894412692065, -4.96609305450932]}}, {"type": "Feature", "properties": {"id": "1014", "name": "Ponto 1014"}, "geometry": {"type": "Point", "coordinates": [-39.01345825388335, -4.963848185439838]}}, {"type": "Feature", "properties": {"id": "1015", "name": "Ponto 1015"}, "geometry": {"type": "Point", "coordinates": [-39.00673595805226, -4.9686090308130755]}}, {"type": "Feature", "properties": {"id": "1016", "name": "Ponto 1016"}, "geometry": {"type": "Point", "coordinates": [-39.03012742635732, -4.9737705748691585]}}, {"type": "Feature", "properties": {"id": "1017", "name": "Ponto 1017"}, "geometry": {"type": "Point", "coordinates": [-39.02887889915804, -4.973982875636696]}}, {"type": "Feature", "properties": {"id": "1018", "name": "Ponto 1018"}, "geometry": {"type": "Point", "coordinates": [-39.02209903924687, -4.961177212463862]}}, {"type": "Feature", "properties": {"id": "1019", "name": "Ponto 1019"}, "geometry": {"type": "Point", "coordinates": [-39.03010193378759, -4.968454495913312]}}, {"type": "Feature", "properties": {"id": "1020", "name": "Ponto 1020"}, "geometry": {"type": "Point", "coordinates": [-39.01327745508552, -4.967354994825624]}}, {"type": "Feature", "properties": {"id": "1021", "name": "Ponto 1021"}, "geometry": {"type": "Point", "coordinates": [-39.02188056080621, -4.962455323185621]}}, {"type": "Feature", "properties": {"id": "1022", "name": "Ponto 1022"}, "geometry": {"type": "Point", "coordinates": [-39.02545612572538, -4.971846699045358]}}, {"type": "Feature", "properties": {"id": "1023", "name": "Ponto 1023"}, "geometry": {"type": "Point", "coordinates": [-39.01876312335704, -4.962808926899129]}}, {"type": "Feature", "properties": {"id": "1024", "name": "Ponto 1024"}, "geometry": {"type": "Point", "coordinates": [-39.01498852404721, -4.969788358234343]}}, {"type": "Feature", "properties": {"id": "1025", "name": "Ponto 1025"}, "geometry": {"type": "Point", "coordinates": [-39.02745994410306, -4.962169634121574]}}, {"type": "Feature", "properties": {"id": "1026", "name": "Ponto 1026"}, "geometry": {"type": "Point", "coordinates": [-39.01764876647525, -4.974220605783331]}}, {"type": "Feature", "properties": {"id": "1027", "name": "Ponto 1027"}, "geometry": {"type": "Point", "coordinates": [-39.02640090245398, -4.967532603418997]}}, {"type": "Feature", "properties": {"id": "1028", "name": "Ponto 1028"}, "geometry": {"type": "Point", "coordinates": [-39.027835458371065, -4.972129748049294]}}, {"type": "Feature", "properties": {"id": "1029", "name": "Ponto 1029"}, "geometry": {"type": "Point", "coordinates": [-39.02257849094154, -4.968592863583998]}}, {"type": "Feature", "properties": {"id": "1030", "name": "Ponto 1030"}, "geometry": {"type": "Point", "coordinates": [-39.01272090598564, -4.971371854682896]}}, {"type": "Feature", "properties": {"id": "1031", "name": "Ponto 1031"}, "geometry": {"type": "Point", "coordinates": [-39.00938314453449, -4.968401034473832]}}, {"type": "Feature", "properties": {"id": "1032", "name": "Ponto 1032"}, "geometry": {"type": "Point", "coordinates": [-39.03139854314568, -4.972696986408728]}}, {"type": "Feature", "properties": {"id": "1033", "name": "Ponto 1033"}, "geometry": {"type": "Point", "coordinates": [-39.01958974432345, -4.961415208334892]}}, {"type": "Feature", "properties": {"id": "1034", "name": "Ponto 1034"}, "geometry": {"type": "Point", "coordinates": [-39.027023486473304, -4.973328621586777]}}, {"type": "Feature", "properties": {"id": "1035", "name": "Ponto 1035"}, "geometry": {"type": "Point", "coordinates": [-39.02460561875513, -4.969806137502785]}}, {"type": "Feature", "properties": {"id": "1036", "name": "Ponto 1036"}, "geometry": {"type": "Point", "coordinates": [-39.01890107530133, -4.9710406250196]}}, {"type": "Feature", "properties": {"id": "1037", "name": "Ponto 1037"}, "geometry": {"type": "Point", "coordinates": [-39.017745771664345, -4.965721033602185]}}, {"type": "Feature", "properties": {"id": "1038", "name": "Ponto 1038"}, "geometry": {"type": "Point", "coordinates": [-39.02783638331155, -4.965646728252679]}}, {"type": "Feature", "properties": {"id": "1039", "name": "Ponto 1039"}, "geometry": {"type": "Point", "coordinates": [-39.007235801559375, -4.963919022558107]}}, {"type": "Feature", "properties": {"id": "1040", "name": "Ponto 1040"}, "geometry": {"type": "Point", "coordinates": [-39.01359986296085, -4.972201507789749]}}, {"type": "Feature", "properties": {"id": "1041", "name": "Ponto 1041"}, "geometry": {"type": "Point", "coordinates": [-39.008164902563784, -4.962608727002544]}}, {"type": "Feature", "properties": {"id": "1042", "name": "Ponto 1042"}, "geometry": {"type": "Point", "coordinates": [-39.00809204163484, -4.96820058010223]}}, {"type": "Feature", "properties": {"id": "1043", "name": "Ponto 1043"}, "geometry": {"type": "Point", "coordinates": [-39.01092456700243, -4.9651923670224045]}}, {"type": "Feature", "properties": {"id": "1044", "name": "Ponto 1044"}, "geometry": {"type": "Point", "coordinates": [-39.02185015002442, -4.96173745183102]}}, {"type": "Feature", "properties": {"id": "1045", "name": "Ponto 1045"}, "geometry": {"type": "Point", "coordinates": [-39.021495193585864, -4.962806094235218]}}, {"type": "Feature", "properties": {"id": "1046", "name": "Ponto 1046"}, "geometry": {"type": "Point", "coordinates": [-39.01669347468523, -4.973816897968645]}}, {"type": "Feature", "properties": {"id": "1047", "name": "Ponto 1047"}, "geometry": {"type": "Point", "coordinates": [-39.031884857553315, -4.967711731842025]}}, {"type": "Feature", "properties": {"id": "1048", "name": "Ponto 1048"}, "geometry": {"type": "Point", "coordinates": [-39.00868856573625, -4.966449088162421]}}, {"type": "Feature", "properties": {"id": "1049", "name": "Ponto 1049"}, "geometry": {"type": "Point", "coordinates": [-39.01570462283357, -4.966900246455841]}}, {"type": "Feature", "properties": {"id": "1050", "name": "Ponto 1050"}, "geometry": {"type": "Point", "coordinates": [-39.01760027079523, -4.974300591575206]}}, {"type": "Feature", "properties": {"id": "1051", "name": "Ponto 1051"}, "geometry": {"type": "Point", "coordinates": [-39.011602328458224, -4.968279433319248]}}, {"type": "Feature", "properties": {"id": "1052", "name": "Ponto 1052"}, "geometry": {"type": "Point", "coordinates": [-39.022950804501725, -4.968063405637472]}}, {"type": "Feature", "properties": {"id": "1053", "name": "Ponto 1053"}, "geometry": {"type": "Point", "coordinates": [-39.02161646975463, -4.973759011096025]}}, {"type": "Feature", "properties": {"id": "1054", "name": "Ponto 1054"}, "geometry": {"type": "Point", "coordinates": [-39.02860548454315, -4.964498667641939]}}, {"type": "Feature", "properties": {"id": "1055", "name": "Ponto 1055"}, "geometry": {"type": "Point", "coordinates": [-39.0134270571942, -4.96121760149522]}}, {"type": "Feature", "properties": {"id": "1056", "name": "Ponto 1056"}, "geometry": {"type": "Point", "coordinates": [-39.02569825043479, -4.97413539204722]}}, {"type": "Feature", "properties": {"id": "1057", "name": "Ponto 1057"}, "geometry": {"type": "Point", "coordinates": [-39.0116007586385, -4.964578400490176]}}, {"type": "Feature", "properties": {"id": "1058", "name": "Ponto 1058"}, "geometry": {"type": "Point", "coordinates": [-39.024205114416205, -4.97222836618654]}}, {"type": "Feature", "properties": {"id": "1059", "name": "Ponto 1059"}, "geometry": {"type": "Point", "coordinates": [-39.0076343215321, -4.973638321130993]}}, {"type": "Feature", "properties": {"id": "1060", "name": "Ponto 1060"}, "geometry": {"type": "Point", "coordinates": [-39.032249336926284, -4.971393436098737]}}, {"type": "Feature", "properties": {"id": "1061", "name": "Ponto 1061"}, "geometry": {"type": "Point", "coordinates": [-39.01656726553364, -4.970205315945884]}}, {"type": "Feature", "properties": {"id": "1062", "name": "Ponto 1062"}, "geometry": {"type": "Point", "coordinates": [-39.00982893546006, -4.9733958737186645]}}, {"type": "Feature", "properties": {"id": "1063", "name": "Ponto 1063"}, "geometry": {"type": "Point", "coordinates": [-39.0264874585204, -4.96711894163933]}}, {"type": "Feature", "properties": {"id": "1064", "name": "Ponto 1064"}, "geometry": {"type": "Point", "coordinates": [-39.028865567997684, -4.972538715614085]}}, {"type": "Feature", "properties": {"id": "1065", "name": "Ponto 1065"}, "geometry": {"type": "Point", "coordinates": [-39.01872632979723, -4.966883374713315]}}, {"type": "Feature", "properties": {"id": "1066", "name": "Ponto 1066"}, "geometry": {"type": "Point", "coordinates": [-39.02490902049843, -4.969722182340999]}}, {"type": "Feature", "properties": {"id": "1067", "name": "Ponto 1067"}, "geometry": {"type": "Point", "coordinates": [-39.00760319504184, -4.962404434573652]}}, {"type": "Feature", "properties": {"id": "1068", "name": "Ponto 1068"}, "geometry": {"type": "Point", "coordinates": [-39.029586330255604, -4.966568025864664]}}, {"type": "Feature", "properties": {"id": "1069", "name": "Ponto 1069"}, "geometry": {"type": "Point", "coordinates": [-39.01446966042061, -4.962813483455363]}}, {"type": "Feature", "properties": {"id": "1070", "name": "Ponto 1070"}, "geometry": {"type": "Point", "coordinates": [-39.00884391278525, -4.971640425147876]}}, {"type": "Feature", "properties": {"id": "1071", "name": "Ponto 1071"}, "geometry": {"type": "Point", "coordinates": [-39.025790401745105, -4.967242993382312]}}, {"type": "Feature", "properties": {"id": "1072", "name": "Ponto 1072"}, "geometry": {"type": "Point", "coordinates": [-39.03223879856662, -4.972611189563094]}}, {"type": "Feature", "properties": {"id": "1073", "name": "Ponto 1073"}, "geometry": {"type": "Point", "coordinates": [-39.02955554480404, -4.963513661935355]}}, {"type": "Feature", "properties": {"id": "1074", "name": "Ponto 1074"}, "geometry": {"type": "Point", "coordinates": [-39.02496786813978, -4.970747404575945]}}, {"type": "Feature", "properties": {"id": "1075", "name": "Ponto 1075"}, "geometry": {"type": "Point", "coordinates": [-39.018210547899905, -4.966798943827451]}}, {"type": "Feature", "properties": {"id": "1076", "name": "Ponto 1076"}, "geometry": {"type": "Point", "coordinates": [-39.026030050704165, -4.973626849919471]}}, {"type": "Feature", "properties": {"id": "1077", "name": "Ponto 1077"}, "geometry": {"type": "Point", "coordinates": [-39.00740598410905, -4.967157054210262]}}, {"type": "Feature", "properties": {"id": "1078", "name": "Ponto 1078"}, "geometry": {"type": "Point", "coordinates": [-39.02668540096652, -4.962402740375011]}}, {"type": "Feature", "properties": {"id": "1079", "name": "Ponto 1079"}, "geometry": {"type": "Point", "coordinates": [-39.0258255715231, -4.963132490852125]}}, {"type": "Feature", "properties": {"id": "1080", "name": "Ponto 1080"}, "geometry": {"type": "Point", "coordinates": [-39.01518053500377, -4.973913202521195]}}, {"type": "Feature", "properties": {"id": "1081", "name": "Ponto 1081"}, "geometry": {"type": "Point", "coordinates": [-39.01103886955268, -4.961278878709233]}}, {"type": "Feature", "properties": {"id": "1082", "name": "Ponto 1082"}, "geometry": {"type": "Point", "coordinates": [-39.031424501963755, -4.9732332781449315]}}, {"type": "Feature", "properties": {"id": "1083", "name": "Ponto 1083"}, "geometry": {"type": "Point", "coordinates": [-39.03061693653306, -4.9715339173828434]}}, {"type": "Feature", "properties": {"id": "1084", "name": "Ponto 1084"}, "geometry": {"type": "Point", "coordinates": [-39.0320746628223, -4.963850969960251]}}, {"type": "Feature", "properties": {"id": "1085", "name": "Ponto 1085"}, "geometry": {"type": "Point", "coordinates": [-39.0241785253312, -4.970372917498713]}}, {"type": "Feature", "properties": {"id": "1086", "name": "Ponto 1086"}, "geometry": {"type": "Point", "coordinates": [-39.011277138745406, -4.974116011336902]}}, {"type": "Feature", "properties": {"id": "1087", "name": "Ponto 1087"}, "geometry": {"type": "Point", "coordinates": [-39.029564493219084, -4.962876583635517]}}, {"type": "Feature", "properties": {"id": "1088", "name": "Ponto 1088"}, "geometry": {"type": "Point", "coordinates": [-39.02786017400487, -4.966684068320953]}}, {"type": "Feature", "properties": {"id": "1089", "name": "Ponto 1089"}, "geometry": {"type": "Point", "coordinates": [-39.01381180033828, -4.967598643327041]}}, {"type": "Feature", "properties": {"id": "1090", "name": "Ponto 1090"}, "geometry": {"type": "Point", "coordinates": [-39.02643007070435, -4.967365997653367]}}, {"type": "Feature", "properties": {"id": "1091", "name": "Ponto 1091"}, "geometry": {"type": "Point", "coordinates": [-39.02354057812044, -4.962332222300569]}}, {"type": "Feature", "properties": {"id": "1092", "name": "Ponto 1092"}, "geometry": {"type": "Point", "coordinates": [-39.015093668155494, -4.963322455714128]}}, {"type": "Feature", "properties": {"id": "1093", "name": "Ponto 1093"}, "geometry": {"type": "Point", "coordinates": [-39.02010084809787, -4.968618643668196]}}, {"type": "Feature", "properties": {"id": "1094", "name": "Ponto 1094"}, "geometry": {"type": "Point", "coordinates": [-39.014386905786054, -4.961529097587072]}}, {"type": "Feature", "properties": {"id": "1095", "name": "Ponto 1095"}, "geometry": {"type": "Point", "coordinates": [-39.0206376583541, -4.969036744737526]}}, {"type": "Feature", "properties": {"id": "1096", "name": "Ponto 1096"}, "geometry": {"type": "Point", "coordinates": [-39.01318839920413, -4.967091179349581]}}, {"type": "Feature", "properties": {"id": "1097", "name": "Ponto 1097"}, "geometry": {"type": "Point", "coordinates": [-39.03031795750175, -4.969339642426615]}}, {"type": "Feature", "properties": {"id": "1098", "name": "Ponto 1098"}, "geometry": {"type": "Point", "coordinates": [-39.01810817925062, -4.961388838788327]}}, {"type": "Feature", "properties": {"id": "1099", "name": "Ponto 1099"}, "geometry": {"type": "Point", "coordinates": [-39.028728834276876, -4.964833177436534]}}, {"type": "Feature", "properties": {"id": "1100", "name": "Ponto 1100"}, "geometry": {"type": "Point", "coordinates": [-39.02764559520632, -4.961946020880519]}}, {"type": "Feature", "properties": {"id": "1101", "name": "Ponto 1101"}, "geometry": {"type": "Point", "coordinates": [-39.03003091845602, -4.961727608345797]}}, {"type": "Feature", "properties": {"id": "1102", "name": "Ponto 1102"}, "geometry": {"type": "Point", "coordinates": [-39.02171669136412, -4.967640846385747]}}, {"type": "Feature", "properties": {"id": "1103", "name": "Ponto 1103"}, "geometry": {"type": "Point", "coordinates": [-39.014575239130494, -4.965373567811396]}}, {"type": "Feature", "properties": {"id": "1104", "name": "Ponto 1104"}, "geometry": {"type": "Point", "coordinates": [-39.02524872746302, -4.973839434597636]}}, {"type": "Feature", "properties": {"id": "1105", "name": "Ponto 1105"}, "geometry": {"type": "Point", "coordinates": [-39.028768298634766, -4.974216978445192]}}, {"type": "Feature", "properties": {"id": "1106", "name": "Ponto 1106"}, "geometry": {"type": "Point", "coordinates": [-39.02426724953488, -4.9716423201869375]}}, {"type": "Feature", "properties": {"id": "1107", "name": "Ponto 1107"}, "geometry": {"type": "Point", "coordinates": [-39.01427685542792, -4.968222230792254]}}, {"type": "Feature", "properties": {"id": "1108", "name": "Ponto 1108"}, "geometry": {"type": "Point", "coordinates": [-39.0070439941578, -4.971474825231163]}}, {"type": "Feature", "properties": {"id": "1109", "name": "Ponto 1109"}, "geometry": {"type": "Point", "coordinates": [-39.01260261389057, -4.969891536227717]}}, {"type": "Feature", "properties": {"id": "1110", "name": "Ponto 1110"}, "geometry": {"type": "Point", "coordinates": [-39.02397216437681, -4.9659574165369165]}}, {"type": "Feature", "properties": {"id": "1111", "name": "Ponto 1111"}, "geometry": {"type": "Point", "coordinates": [-39.02511842378383, -4.96355707161557]}}, {"type": "Feature", "properties": {"id": "1112", "name": "Ponto 1112"}, "geometry": {"type": "Point", "coordinates": [-39.016412568021195, -4.96643908212353]}}, {"type": "Feature", "properties": {"id": "1113", "name": "Ponto 1113"}, "geometry": {"type": "Point", "coordinates": [-39.022298855673455, -4.961348944035938]}}, {"type": "Feature", "properties": {"id": "1114", "name": "Ponto 1114"}, "geometry": {"type": "Point", "coordinates": [-39.007372374445154, -4.966618651526405]}}, {"type": "Feature", "properties": {"id": "1115", "name": "Ponto 1115"}, "geometry": {"type": "Point", "coordinates": [-39.018749804280986, -4.962054580787047]}}, {"type": "Feature", "properties": {"id": "1116", "name": "Ponto 1116"}, "geometry": {"type": "Point", "coordinates": [-39.01479311050352, -4.962904102927367]}}, {"type": "Feature", "properties": {"id": "1117", "name": "Ponto 1117"}, "geometry": {"type": "Point", "coordinates": [-39.01524337543582, -4.964625707424805]}}, {"type": "Feature", "properties": {"id": "1118", "name": "Ponto 1118"}, "geometry": {"type": "Point", "coordinates": [-39.01941569998359, -4.967754178246792]}}, {"type": "Feature", "properties": {"id": "1119", "name": "Ponto 1119"}, "geometry": {"type": "Point", "coordinates": [-39.030219268148706, -4.965897444824722]}}, {"type": "Feature", "properties": {"id": "1120", "name": "Ponto 1120"}, "geometry": {"type": "Point", "coordinates": [-39.00737930593996, -4.969951296703151]}}, {"type": "Feature", "properties": {"id": "1121", "name": "Ponto 1121"}, "geometry": {"type": "Point", "coordinates": [-39.02274946491379, -4.971925418293316]}}, {"type": "Feature", "properties": {"id": "1122", "name": "Ponto 1122"}, "geometry": {"type": "Point", "coordinates": [-39.01893378162383, -4.962383492499351]}}, {"type": "Feature", "properties": {"id": "1123", "name": "Ponto 1123"}, "geometry": {"type": "Point", "coordinates": [-39.03056800936354, -4.965910242234164]}}, {"type": "Feature", "properties": {"id": "1124", "name": "Ponto 1124"}, "geometry": {"type": "Point", "coordinates": [-39.02290704488537, -4.966745733834809]}}, {"type": "Feature", "properties": {"id": "1125", "name": "Ponto 1125"}, "geometry": {"type": "Point", "coordinates": [-39.010536318131436, -4.971721015760023]}}, {"type": "Feature", "properties": {"id": "1126", "name": "Ponto 1126"}, "geometry": {"type": "Point", "coordinates": [-39.00707775024444, -4.965930296641997]}}, {"type": "Feature", "properties": {"id": "1127", "name": "Ponto 1127"}, "geometry": {"type": "Point", "coordinates": [-39.00930273428545, -4.971753026598562]}}, {"type": "Feature", "properties": {"id": "1128", "name": "Ponto 1128"}, "geometry": {"type": "Point", "coordinates": [-39.011041672586146, -4.966154612946398]}}, {"type": "Feature", "properties": {"id": "1129", "name": "Ponto 1129"}, "geometry": {"type": "Point", "coordinates": [-39.012890775802, -4.964655085166709]}}, {"type": "Feature", "properties": {"id": "1130", "name": "Ponto 1130"}, "geometry": {"type": "Point", "coordinates": [-39.00910418071712, -4.968871150655244]}}, {"type": "Feature", "properties": {"id": "1131", "name": "Ponto 1131"}, "geometry": {"type": "Point", "coordinates": [-39.0124521182699, -4.970386245340054]}}, {"type": "Feature", "properties": {"id": "1132", "name": "Ponto 1132"}, "geometry": {"type": "Point", "coordinates": [-39.008972230331814, -4.968440670054619]}}, {"type": "Feature", "properties": {"id": "1133", "name": "Ponto 1133"}, "geometry": {"type": "Point", "coordinates": [-39.0199283498712, -4.971474165843595]}}, {"type": "Feature", "properties": {"id": "1134", "name": "Ponto 1134"}, "geometry": {"type": "Point", "coordinates": [-39.020404487171845, -4.96221382020834]}}, {"type": "Feature", "properties": {"id": "1135", "name": "Ponto 1135"}, "geometry": {"type": "Point", "coordinates": [-39.01131837040621, -4.968693088368386]}}, {"type": "Feature", "properties": {"id": "1136", "name": "Ponto 1136"}, "geometry": {"type": "Point", "coordinates": [-39.01942767715482, -4.969134140995324]}}, {"type": "Feature", "properties": {"id": "1137", "name": "Ponto 1137"}, "geometry": {"type": "Point", "coordinates": [-39.00717057494443, -4.968117276162742]}}, {"type": "Feature", "properties": {"id": "1138", "name": "Ponto 1138"}, "geometry": {"type": "Point", "coordinates": [-39.007637513804184, -4.963402486107631]}}, {"type": "Feature", "properties": {"id": "1139", "name": "Ponto 1139"}, "geometry": {"type": "Point", "coordinates": [-39.023138024858525, -4.962007351074024]}}, {"type": "Feature", "properties": {"id": "1140", "name": "Ponto 1140"}, "geometry": {"type": "Point", "coordinates": [-39.01321185197601, -4.9686313782451865]}}, {"type": "Feature", "properties": {"id": "1141", "name": "Ponto 1141"}, "geometry": {"type": "Point", "coordinates": [-39.010344922953365, -4.962022595637734]}}, {"type": "Feature", "properties": {"id": "1142", "name": "Ponto 1142"}, "geometry": {"type": "Point", "coordinates": [-39.02776819432922, -4.961877045605836]}}, {"type": "Feature", "properties": {"id": "1143", "name": "Ponto 1143"}, "geometry": {"type": "Point", "coordinates": [-39.019798899136276, -4.963906719419362]}}, {"type": "Feature", "properties": {"id": "1144", "name": "Ponto 1144"}, "geometry": {"type": "Point", "coordinates": [-39.01522510362711, -4.973669409014456]}}, {"type": "Feature", "properties": {"id": "1145", "name": "Ponto 1145"}, "geometry": {"type": "Point", "coordinates": [-39.02063822252912, -4.97035838075158]}}, {"type": "Feature", "properties": {"id": "1146", "name": "Ponto 1146"}, "geometry": {"type": "Point", "coordinates": [-39.02881997968289, -4.966739201345606]}}, {"type": "Feature", "properties": {"id": "1147", "name": "Ponto 1147"}, "geometry": {"type": "Point", "coordinates": [-39.01514851979807, -4.965549960367164]}}, {"type": "Feature", "properties": {"id": "1148", "name": "Ponto 1148"}, "geometry": {"type": "Point", "coordinates": [-39.01925778790417, -4.967015634738358]}}, {"type": "Feature", "properties": {"id": "1149", "name": "Ponto 1149"}, "geometry": {"type": "Point", "coordinates": [-39.01248064155227, -4.971519499236369]}}, {"type": "Feature", "properties": {"id": "1150", "name": "Ponto 1150"}, "geometry": {"type": "Point", "coordinates": [-39.01612501014764, -4.964489612915053]}}, {"type": "Feature", "properties": {"id": "1151", "name": "Ponto 1151"}, "geometry": {"type": "Point", "coordinates": [-39.015407057739885, -4.974170194748763]}}, {"type": "Feature", "properties": {"id": "1152", "name": "Ponto 1152"}, "geometry": {"type": "Point", "coordinates": [-39.031948910868316, -4.970844583907536]}}, {"type": "Feature", "properties": {"id": "1153", "name": "Ponto 1153"}, "geometry": {"type": "Point", "coordinates": [-39.01030277938202, -4.970605406847491]}}, {"type": "Feature", "properties": {"id": "1154", "name": "Ponto 1154"}, "geometry": {"type": "Point", "coordinates": [-39.009414093808275, -4.968882537082034]}}, {"type": "Feature", "properties": {"id": "1155", "name": "Ponto 1155"}, "geometry": {"type": "Point", "coordinates": [-39.00682983959788, -4.9666049005330475]}}, {"type": "Feature", "properties": {"id": "1156", "name": "Ponto 1156"}, "geometry": {"type": "Point", "coordinates": [-39.027693777168345, -4.967828904565343]}}, {"type": "Feature", "properties": {"id": "1157", "name": "Ponto 1157"}, "geometry": {"type": "Point", "coordinates": [-39.02721100230147, -4.9617778328783615]}}, {"type": "Feature", "properties": {"id": "1158", "name": "Ponto 1158"}, "geometry": {"type": "Point", "coordinates": [-39.02486310578345, -4.969717844832965]}}, {"type": "Feature", "properties": {"id": "1159", "name": "Ponto 1159"}, "geometry": {"type": "Point", "coordinates": [-39.02917805519711, -4.974357647037146]}}, {"type": "Feature", "properties": {"id": "1160", "name": "Ponto 1160"}, "geometry": {"type": "Point", "coordinates": [-39.024327821806466, -4.969955444384242]}}, {"type": "Feature", "properties": {"id": "1161", "name": "Ponto 1161"}, "geometry": {"type": "Point", "coordinates": [-39.02198785817207, -4.961758028334459]}}, {"type": "Feature", "properties": {"id": "1162", "name": "Ponto 1162"}, "geometry": {"type": "Point", "coordinates": [-39.024244140211174, -4.971967592167323]}}, {"type": "Feature", "properties": {"id": "1163", "name": "Ponto 1163"}, "geometry": {"type": "Point", "coordinates": [-39.03061921023665, -4.962163955144808]}}, {"type": "Feature", "properties": {"id": "1164", "name": "Ponto 1164"}, "geometry": {"type": "Point", "coordinates": [-39.02488516262465, -4.961326268756708]}}, {"type": "Feature", "properties": {"id": "1165", "name": "Ponto 1165"}, "geometry": {"type": "Point", "coordinates": [-39.01322558268482, -4.961740898212898]}}, {"type": "Feature", "properties": {"id": "1166", "name": "Ponto 1166"}, "geometry": {"type": "Point", "coordinates": [-39.026523423587285, -4.970146728988296]}}, {"type": "Feature", "properties": {"id": "1167", "name": "Ponto 1167"}, "geometry": {"type": "Point", "coordinates": [-39.02634963089759, -4.9645895439215515]}}, {"type": "Feature", "properties": {"id": "1168", "name": "Ponto 1168"}, "geometry": {"type": "Point", "coordinates": [-39.018975174242314, -4.9634716292853]}}, {"type": "Feature", "properties": {"id": "1169", "name": "Ponto 1169"}, "geometry": {"type": "Point", "coordinates": [-39.01343385421586, -4.964097478755308]}}, {"type": "Feature", "properties": {"id": "1170", "name": "Ponto 1170"}, "geometry": {"type": "Point", "coordinates": [-39.02639180222188, -4.967810936295467]}}, {"type": "Feature", "properties": {"id": "1171", "name": "Ponto 1171"}, "geometry": {"type": "Point", "coordinates": [-39.017865244706734, -4.964405644231848]}}, {"type": "Feature", "properties": {"id": "1172", "name": "Ponto 1172"}, "geometry": {"type": "Point", "coordinates": [-39.02252309947766, -4.969795707265165]}}, {"type": "Feature", "properties": {"id": "1173", "name": "Ponto 1173"}, "geometry": {"type": "Point", "coordinates": [-39.025274247599874, -4.972616289153716]}}, {"type": "Feature", "properties": {"id": "1174", "name": "Ponto 1174"}, "geometry": {"type": "Point", "coordinates": [-39.018567753507504, -4.9663522986492366]}}, {"type": "Feature", "properties": {"id": "1175", "name": "Ponto 1175"}, "geometry": {"type": "Point", "coordinates": [-39.02124580300521, -4.962248109950433]}}, {"type": "Feature", "properties": {"id": "1176", "name": "Ponto 1176"}, "geometry": {"type": "Point", "coordinates": [-39.017527956784896, -4.970121265975603]}}, {"type": "Feature", "properties": {"id": "1177", "name": "Ponto 1177"}, "geometry": {"type": "Point", "coordinates": [-39.03058770640796, -4.964761824765132]}}, {"type": "Feature", "properties": {"id": "1178", "name": "Ponto 1178"}, "geometry": {"type": "Point", "coordinates": [-39.01791474958211, -4.96844859986148]}}, {"type": "Feature", "properties": {"id": "1179", "name": "Ponto 1179"}, "geometry": {"type": "Point", "coordinates": [-39.01612176162774, -4.962008725443929]}}, {"type": "Feature", "properties": {"id": "1180", "name": "Ponto 1180"}, "geometry": {"type": "Point", "coordinates": [-39.00999860054615, -4.963012405052283]}}, {"type": "Feature", "properties": {"id": "1181", "name": "Ponto 1181"}, "geometry": {"type": "Point", "coordinates": [-39.02641614710433, -4.96312059084287]}}, {"type": "Feature", "properties": {"id": "1182", "name": "Ponto 1182"}, "geometry": {"type": "Point", "coordinates": [-39.01474477377103, -4.968829049230247]}}, {"type": "Feature", "properties": {"id": "1183", "name": "Ponto 1183"}, "geometry": {"type": "Point", "coordinates": [-39.029990358879125, -4.960967297852064]}}, {"type": "Feature", "properties": {"id": "1184", "name": "Ponto 1184"}, "geometry": {"type": "Point", "coordinates": [-39.01528885991742, -4.9610907251264456]}}, {"type": "Feature", "properties": {"id": "1185", "name": "Ponto 1185"}, "geometry": {"type": "Point", "coordinates": [-39.026213992288795, -4.9718789598703]}}, {"type": "Feature", "properties": {"id": "1186", "name": "Ponto 1186"}, "geometry": {"type": "Point", "coordinates": [-39.02333926131507, -4.964063118125485]}}, {"type": "Feature", "properties": {"id": "1187", "name": "Ponto 1187"}, "geometry": {"type": "Point", "coordinates": [-39.0280765226074, -4.970442130932214]}}, {"type": "Feature", "properties": {"id": "1188", "name": "Ponto 1188"}, "geometry": {"type": "Point", "coordinates": [-39.02819327205302, -4.973796320850395]}}, {"type": "Feature", "properties": {"id": "1189", "name": "Ponto 1189"}, "geometry": {"type": "Point", "coordinates": [-39.01901479336843, -4.972543022573469]}}, {"type": "Feature", "properties": {"id": "1190", "name": "Ponto 1190"}, "geometry": {"type": "Point", "coordinates": [-39.01948656820336, -4.965637941668342]}}, {"type": "Feature", "properties": {"id": "1191", "name": "Ponto 1191"}, "geometry": {"type": "Point", "coordinates": [-39.015643681037226, -4.9624382848195605]}}, {"type": "Feature", "properties": {"id": "1192", "name": "Ponto 1192"}, "geometry": {"type": "Point", "coordinates": [-39.01805363794471, -4.967151081303132]}}, {"type": "Feature", "properties": {"id": "1193", "name": "Ponto 1193"}, "geometry": {"type": "Point", "coordinates": [-39.01137590433581, -4.970187928716552]}}, {"type": "Feature", "properties": {"id": "1194", "name": "Ponto 1194"}, "geometry": {"type": "Point", "coordinates": [-39.01378438151775, -4.964364255095303]}}, {"type": "Feature", "properties": {"id": "1195", "name": "Ponto 1195"}, "geometry": {"type": "Point", "coordinates": [-39.02197214643717, -4.962094201121431]}}, {"type": "Feature", "properties": {"id": "1196", "name": "Ponto 1196"}, "geometry": {"type": "Point", "coordinates": [-39.010202504530845, -4.968504150743744]}}, {"type": "Feature", "properties": {"id": "1197", "name": "Ponto 1197"}, "geometry": {"type": "Point", "coordinates": [-39.02048482946715, -4.969789437161003]}}, {"type": "Feature", "properties": {"id": "1198", "name": "Ponto 1198"}, "geometry": {"type": "Point", "coordinates": [-39.00803703316639, -4.973145898284196]}}, {"type": "Feature", "properties": {"id": "1199", "name": "Ponto 1199"}, "geometry": {"type": "Point", "coordinates": [-39.012205553237116, -4.965555278005289]}}, {"type": "Feature", "properties": {"id": "1200", "name": "Ponto 1200"}, "geometry": {"type": "Point", "coordinates": [-39.01063734812816, -4.965387164847998]}}, {"type": "Feature", "properties": {"id": "1201", "name": "Ponto 1201"}, "geometry": {"type": "Point", "coordinates": [-39.022452792699184, -4.9635626699850315]}}, {"type": "Feature", "properties": {"id": "1202", "name": "Ponto 1202"}, "geometry": {"type": "Point", "coordinates": [-39.025466667726754, -4.9667566565295855]}}, {"type": "Feature", "properties": {"id": "1203", "name": "Ponto 1203"}, "geometry": {"type": "Point", "coordinates": [-39.03177566081694, -4.965758236651506]}}, {"type": "Feature", "properties": {"id": "1204", "name": "Ponto 1204"}, "geometry": {"type": "Point", "coordinates": [-39.02749364881566, -4.960976416869936]}}, {"type": "Feature", "properties": {"id": "1205", "name": "Ponto 1205"}, "geometry": {"type": "Point", "coordinates": [-39.02512760138414, -4.96618518196396]}}, {"type": "Feature", "properties": {"id": "1206", "name": "Ponto 1206"}, "geometry": {"type": "Point", "coordinates": [-39.0323860930293, -4.970634503644057]}}, {"type": "Feature", "properties": {"id": "1207", "name": "Ponto 1207"}, "geometry": {"type": "Point", "coordinates": [-39.008460743611764, -4.968134096837719]}}, {"type": "Feature", "properties": {"id": "1208", "name": "Ponto 1208"}, "geometry": {"type": "Point", "coordinates": [-39.020376891207974, -4.964317030209374]}}, {"type": "Feature", "properties": {"id": "1209", "name": "Ponto 1209"}, "geometry": {"type": "Point", "coordinates": [-39.0118995397337, -4.964837768218118]}}, {"type": "Feature", "properties": {"id": "1210", "name": "Ponto 1210"}, "geometry": {"type": "Point", "coordinates": [-39.00934821413624, -4.964728903833664]}}, {"type": "Feature", "properties": {"id": "1211", "name": "Ponto 1211"}, "geometry": {"type": "Point", "coordinates": [-39.0201363897993, -4.965623017779206]}}, {"type": "Feature", "properties": {"id": "1212", "name": "Ponto 1212"}, "geometry": {"type": "Point", "coordinates": [-39.01964044772514, -4.971525719181942]}}, {"type": "Feature", "properties": {"id": "1213", "name": "Ponto 1213"}, "geometry": {"type": "Point", "coordinates": [-39.02470474523866, -4.9692245860229205]}}, {"type": "Feature", "properties": {"id": "1214", "name": "Ponto 1214"}, "geometry": {"type": "Point", "coordinates": [-39.023623954531764, -4.969028168466736]}}, {"type": "Feature", "properties": {"id": "1215", "name": "Ponto 1215"}, "geometry": {"type": "Point", "coordinates": [-39.00918776498731, -4.973231120686708]}}, {"type": "Feature", "properties": {"id": "1216", "name": "Ponto 1216"}, "geometry": {"type": "Point", "coordinates": [-39.022008788418084, -4.966689221310864]}}, {"type": "Feature", "properties": {"id": "1217", "name": "Ponto 1217"}, "geometry": {"type": "Point", "coordinates": [-39.02412145451891, -4.964859777821617]}}, {"type": "Feature", "properties": {"id": "1218", "name": "Ponto 1218"}, "geometry": {"type": "Point", "coordinates": [-39.00722095788431, -4.968118033895604]}}, {"type": "Feature", "properties": {"id": "1219", "name": "Ponto 1219"}, "geometry": {"type": "Point", "coordinates": [-39.01357605345626, -4.965129143172847]}}, {"type": "Feature", "properties": {"id": "1220", "name": "Ponto 1220"}, "geometry": {"type": "Point", "coordinates": [-39.024908732293696, -4.971766690796378]}}, {"type": "Feature", "properties": {"id": "1221", "name": "Ponto 1221"}, "geometry": {"type": "Point", "coordinates": [-39.02549717909866, -4.962169340711886]}}, {"type": "Feature", "properties": {"id": "1222", "name": "Ponto 1222"}, "geometry": {"type": "Point", "coordinates": [-39.0079243165117, -4.962244638135172]}}, {"type": "Feature", "properties": {"id": "1223", "name": "Ponto 1223"}, "geometry": {"type": "Point", "coordinates": [-39.0229589395694, -4.97246400563938]}}, {"type": "Feature", "properties": {"id": "1224", "name": "Ponto 1224"}, "geometry": {"type": "Point", "coordinates": [-39.03204093712474, -4.969539160306492]}}, {"type": "Feature", "properties": {"id": "1225", "name": "Ponto 1225"}, "geometry": {"type": "Point", "coordinates": [-39.013789808252774, -4.9628716364015695]}}, {"type": "Feature", "properties": {"id": "1226", "name": "Ponto 1226"}, "geometry": {"type": "Point", "coordinates": [-39.02644155807948, -4.967875889128329]}}, {"type": "Feature", "properties": {"id": "1227", "name": "Ponto 1227"}, "geometry": {"type": "Point", "coordinates": [-39.020566209705734, -4.972580214320644]}}, {"type": "Feature", "properties": {"id": "1228", "name": "Ponto 1228"}, "geometry": {"type": "Point", "coordinates": [-39.02020692882101, -4.973450696100238]}}, {"type": "Feature", "properties": {"id": "1229", "name": "Ponto 1229"}, "geometry": {"type": "Point", "coordinates": [-39.019258069690466, -4.9725825725815715]}}, {"type": "Feature", "properties": {"id": "1230", "name": "Ponto 1230"}, "geometry": {"type": "Point", "coordinates": [-39.021181450489635, -4.971293454353866]}}, {"type": "Feature", "properties": {"id": "1231", "name": "Ponto 1231"}, "geometry": {"type": "Point", "coordinates": [-39.02196151921612, -4.961073770858648]}}, {"type": "Feature", "properties": {"id": "1232", "name": "Ponto 1232"}, "geometry": {"type": "Point", "coordinates": [-39.02476125825292, -4.974326852607689]}}, {"type": "Feature", "properties": {"id": "1233", "name": "Ponto 1233"}, "geometry": {"type": "Point", "coordinates": [-39.02328315226089, -4.963307494132214]}}, {"type": "Feature", "properties": {"id": "1234", "name": "Ponto 1234"}, "geometry": {"type": "Point", "coordinates": [-39.01700029911818, -4.963645463082019]}}, {"type": "Feature", "properties": {"id": "1235", "name": "Ponto 1235"}, "geometry": {"type": "Point", "coordinates": [-39.03164458061552, -4.967104399093776]}}, {"type": "Feature", "properties": {"id": "1236", "name": "Ponto 1236"}, "geometry": {"type": "Point", "coordinates": [-39.02499851672021, -4.970529807914221]}}, {"type": "Feature", "properties": {"id": "1237", "name": "Ponto 1237"}, "geometry": {"type": "Point", "coordinates": [-39.01837653202184, -4.9709320979829625]}}, {"type": "Feature", "properties": {"id": "1238", "name": "Ponto 1238"}, "geometry": {"type": "Point", "coordinates": [-39.02829431988775, -4.9663418667608825]}}, {"type": "Feature", "properties": {"id": "1239", "name": "Ponto 1239"}, "geometry": {"type": "Point", "coordinates": [-39.01682046199198, -4.973895720880312]}}, {"type": "Feature", "properties": {"id": "1240", "name": "Ponto 1240"}, "geometry": {"type": "Point", "coordinates": [-39.03064830670338, -4.971522615711415]}}, {"type": "Feature", "properties": {"id": "1241", "name": "Ponto 1241"}, "geometry": {"type": "Point", "coordinates": [-39.024828942843925, -4.9742291057207035]}}, {"type": "Feature", "properties": {"id": "1242", "name": "Ponto 1242"}, "geometry": {"type": "Point", "coordinates": [-39.00863067831032, -4.969766608310032]}}, {"type": "Feature", "properties": {"id": "1243", "name": "Ponto 1243"}, "geometry": {"type": "Point", "coordinates": [-39.007876191069656, -4.963871390469147]}}, {"type": "Feature", "properties": {"id": "1244", "name": "Ponto 1244"}, "geometry": {"type": "Point", "coordinates": [-39.014999251316446, -4.961069547328412]}}, {"type": "Feature", "properties": {"id": "1245", "name": "Ponto 1245"}, "geometry": {"type": "Point", "coordinates": [-39.02968497931584, -4.9622728576290696]}}, {"type": "Feature", "properties": {"id": "1246", "name": "Ponto 1246"}, "geometry": {"type": "Point", "coordinates": [-39.01958161462283, -4.963935673547872]}}, {"type": "Feature", "properties": {"id": "1247", "name": "Ponto 1247"}, "geometry": {"type": "Point", "coordinates": [-39.01360069439974, -4.964779816324557]}}, {"type": "Feature", "properties": {"id": "1248", "name": "Ponto 1248"}, "geometry": {"type": "Point", "coordinates": [-39.03098523722531, -4.9729366142496545]}}, {"type": "Feature", "properties": {"id": "1249", "name": "Ponto 1249"}, "geometry": {"type": "Point", "coordinates": [-39.01428980585831, -4.9723442171909245]}}, {"type": "Feature", "properties": {"id": "1250", "name": "Ponto 1250"}, "geometry": {"type": "Point", "coordinates": [-39.03157018590225, -4.9618941766558]}}, {"type": "Feature", "properties": {"id": "1251", "name": "Ponto 1251"}, "geometry": {"type": "Point", "coordinates": [-39.01632842190076, -4.971301838355489]}}, {"type": "Feature", "properties": {"id": "1252", "name": "Ponto 1252"}, "geometry": {"type": "Point", "coordinates": [-39.0315040285685, -4.967045426504326]}}, {"type": "Feature", "properties": {"id": "1253", "name": "Ponto 1253"}, "geometry": {"type": "Point", "coordinates": [-39.014790245404185, -4.966515088409645]}}, {"type": "Feature", "properties": {"id": "1254", "name": "Ponto 1254"}, "geometry": {"type": "Point", "coordinates": [-39.02248098014894, -4.963091924611226]}}, {"type": "Feature", "properties": {"id": "1255", "name": "Ponto 1255"}, "geometry": {"type": "Point", "coordinates": [-39.01004938868534, -4.96529960151298]}}, {"type": "Feature", "properties": {"id": "1256", "name": "Ponto 1256"}, "geometry": {"type": "Point", "coordinates": [-39.03122893096051, -4.970009973124046]}}, {"type": "Feature", "properties": {"id": "1257", "name": "Ponto 1257"}, "geometry": {"type": "Point", "coordinates": [-39.02081458660213, -4.971058655154519]}}, {"type": "Feature", "properties": {"id": "1258", "name": "Ponto 1258"}, "geometry": {"type": "Point", "coordinates": [-39.02253055449917, -4.9658906447918545]}}, {"type": "Feature", "properties": {"id": "1259", "name": "Ponto 1259"}, "geometry": {"type": "Point", "coordinates": [-39.023666009220584, -4.962474629143246]}}, {"type": "Feature", "properties": {"id": "1260", "name": "Ponto 1260"}, "geometry": {"type": "Point", "coordinates": [-39.01483668070203, -4.963339269765933]}}, {"type": "Feature", "properties": {"id": "1261", "name": "Ponto 1261"}, "geometry": {"type": "Point", "coordinates": [-39.01208803173663, -4.964400860428151]}}, {"type": "Feature", "properties": {"id": "1262", "name": "Ponto 1262"}, "geometry": {"type": "Point", "coordinates": [-39.01402848853758, -4.972583961305054]}}, {"type": "Feature", "properties": {"id": "1263", "name": "Ponto 1263"}, "geometry": {"type": "Point", "coordinates": [-39.011762688414045, -4.973698135629566]}}, {"type": "Feature", "properties": {"id": "1264", "name": "Ponto 1264"}, "geometry": {"type": "Point", "coordinates": [-39.028351443624764, -4.973927608876659]}}, {"type": "Feature", "properties": {"id": "1265", "name": "Ponto 1265"}, "geometry": {"type": "Point", "coordinates": [-39.00893419239871, -4.962346717046964]}}, {"type": "Feature", "properties": {"id": "1266", "name": "Ponto 1266"}, "geometry": {"type": "Point", "coordinates": [-39.01440299260424, -4.973680558142563]}}, {"type": "Feature", "properties": {"id": "1267", "name": "Ponto 1267"}, "geometry": {"type": "Point", "coordinates": [-39.02006222262601, -4.971558121789495]}}, {"type": "Feature", "properties": {"id": "1268", "name": "Ponto 1268"}, "geometry": {"type": "Point", "coordinates": [-39.0076913261363, -4.961206769295587]}}, {"type": "Feature", "properties": {"id": "1269", "name": "Ponto 1269"}, "geometry": {"type": "Point", "coordinates": [-39.02659461066122, -4.967322315570775]}}, {"type": "Feature", "properties": {"id": "1270", "name": "Ponto 1270"}, "geometry": {"type": "Point", "coordinates": [-39.01186635257218, -4.963078330679161]}}, {"type": "Feature", "properties": {"id": "1271", "name": "Ponto 1271"}, "geometry": {"type": "Point", "coordinates": [-39.023475024071935, -4.97078458623254]}}, {"type": "Feature", "properties": {"id": "1272", "name": "Ponto 1272"}, "geometry": {"type": "Point", "coordinates": [-39.010384826766, -4.96710703851081]}}, {"type": "Feature", "properties": {"id": "1273", "name": "Ponto 1273"}, "geometry": {"type": "Point", "coordinates": [-39.00790864139366, -4.966818479302368]}}, {"type": "Feature", "properties": {"id": "1274", "name": "Ponto 1274"}, "geometry": {"type": "Point", "coordinates": [-39.01918217693791, -4.968610776871566]}}, {"type": "Feature", "properties": {"id": "1275", "name": "Ponto 1275"}, "geometry": {"type": "Point", "coordinates": [-39.02166071116654, -4.966289567300896]}}, {"type": "Feature", "properties": {"id": "1276", "name": "Ponto 1276"}, "geometry": {"type": "Point", "coordinates": [-39.007114704396514, -4.963850393733656]}}, {"type": "Feature", "properties": {"id": "1277", "name": "Ponto 1277"}, "geometry": {"type": "Point", "coordinates": [-39.02312234841519, -4.967085951724106]}}, {"type": "Feature", "properties": {"id": "1278", "name": "Ponto 1278"}, "geometry": {"type": "Point", "coordinates": [-39.03059351621196, -4.971733674176447]}}, {"type": "Feature", "properties": {"id": "1279", "name": "Ponto 1279"}, "geometry": {"type": "Point", "coordinates": [-39.02734680162111, -4.9620949269718935]}}, {"type": "Feature", "properties": {"id": "1280", "name": "Ponto 1280"}, "geometry": {"type": "Point", "coordinates": [-39.02202075155692, -4.97081519171427]}}, {"type": "Feature", "properties": {"id": "1281", "name": "Ponto 1281"}, "geometry": {"type": "Point", "coordinates": [-39.009376988995704, -4.965306299309081]}}, {"type": "Feature", "properties": {"id": "1282", "name": "Ponto 1282"}, "geometry": {"type": "Point", "coordinates": [-39.015885337931216, -4.966936211904894]}}, {"type": "Feature", "properties": {"id": "1283", "name": "Ponto 1283"}, "geometry": {"type": "Point", "coordinates": [-39.016913489577476, -4.968329524947297]}}, {"type": "Feature", "properties": {"id": "1284", "name": "Ponto 1284"}, "geometry": {"type": "Point", "coordinates": [-39.02557170822899, -4.962063094845561]}}, {"type": "Feature", "properties": {"id": "1285", "name": "Ponto 1285"}, "geometry": {"type": "Point", "coordinates": [-39.022616720735044, -4.962536902830086]}}, {"type": "Feature", "properties": {"id": "1286", "name": "Ponto 1286"}, "geometry": {"type": "Point", "coordinates": [-39.00985003160856, -4.966244067464317]}}, {"type": "Feature", "properties": {"id": "1287", "name": "Ponto 1287"}, "geometry": {"type": "Point", "coordinates": [-39.018919512376485, -4.972332136813411]}}, {"type": "Feature", "properties": {"id": "1288", "name": "Ponto 1288"}, "geometry": {"type": "Point", "coordinates": [-39.012540809089614, -4.967063091222441]}}, {"type": "Feature", "properties": {"id": "1289", "name": "Ponto 1289"}, "geometry": {"type": "Point", "coordinates": [-39.01052513317119, -4.964370425267333]}}, {"type": "Feature", "properties": {"id": "1290", "name": "Ponto 1290"}, "geometry": {"type": "Point", "coordinates": [-39.019518463859725, -4.96583256153272]}}, {"type": "Feature", "properties": {"id": "1291", "name": "Ponto 1291"}, "geometry": {"type": "Point", "coordinates": [-39.02284004148741, -4.963049118468352]}}, {"type": "Feature", "properties": {"id": "1292", "name": "Ponto 1292"}, "geometry": {"type": "Point", "coordinates": [-39.016219659845234, -4.964061787507596]}}, {"type": "Feature", "properties": {"id": "1293", "name": "Ponto 1293"}, "geometry": {"type": "Point", "coordinates": [-39.00666254976592, -4.974294637462545]}}, {"type": "Feature", "properties": {"id": "1294", "name": "Ponto 1294"}, "geometry": {"type": "Point", "coordinates": [-39.00774017833097, -4.961288798192793]}}, {"type": "Feature", "properties": {"id": "1295", "name": "Ponto 1295"}, "geometry": {"type": "Point", "coordinates": [-39.032413686639536, -4.972091458181451]}}, {"type": "Feature", "properties": {"id": "1296", "name": "Ponto 1296"}, "geometry": {"type": "Point", "coordinates": [-39.012128723587054, -4.968078976430074]}}, {"type": "Feature", "properties": {"id": "1297", "name": "Ponto 1297"}, "geometry": {"type": "Point", "coordinates": [-39.028706634565495, -4.966458314737783]}}, {"type": "Feature", "properties": {"id": "1298", "name": "Ponto 1298"}, "geometry": {"type": "Point", "coordinates": [-39.02545435453517, -4.970543170922576]}}, {"type": "Feature", "properties": {"id": "1299", "name": "Ponto 1299"}, "geometry": {"type": "Point", "coordinates": [-39.015100369258704, -4.964135530900561]}}, {"type": "Feature", "properties": {"id": "1300", "name": "Ponto 1300"}, "geometry": {"type": "Point", "coordinates": [-39.02401895815819, -4.9644166252546205]}}, {"type": "Feature", "properties": {"id": "1301", "name": "Ponto 1301"}, "geometry": {"type": "Point", "coordinates": [-39.027546086215935, -4.967027992837451]}}, {"type": "Feature", "properties": {"id": "1302", "name": "Ponto 1302"}, "geometry": {"type": "Point", "coordinates": [-39.01414739407229, -4.966551429790114]}}, {"type": "Feature", "properties": {"id": "1303", "name": "Ponto 1303"}, "geometry": {"type": "Point", "coordinates": [-39.02328922614966, -4.9672186450978275]}}, {"type": "Feature", "properties": {"id": "1304", "name": "Ponto 1304"}, "geometry": {"type": "Point", "coordinates": [-39.025716756707816, -4.964673138997013]}}, {"type": "Feature", "properties": {"id": "1305", "name": "Ponto 1305"}, "geometry": {"type": "Point", "coordinates": [-39.01047747236082, -4.961046080315342]}}, {"type": "Feature", "properties": {"id": "1306", "name": "Ponto 1306"}, "geometry": {"type": "Point", "coordinates": [-39.02410808120788, -4.971670166684459]}}, {"type": "Feature", "properties": {"id": "1307", "name": "Ponto 1307"}, "geometry": {"type": "Point", "coordinates": [-39.00740472441145, -4.9712776647949015]}}, {"type": "Feature", "properties": {"id": "1308", "name": "Ponto 1308"}, "geometry": {"type": "Point", "coordinates": [-39.02418703005925, -4.973930192861517]}}, {"type": "Feature", "properties": {"id": "1309", "name": "Ponto 1309"}, "geometry": {"type": "Point", "coordinates": [-39.014371290782535, -4.971776966270229]}}, {"type": "Feature", "properties": {"id": "1310", "name": "Ponto 1310"}, "geometry": {"type": "Point", "coordinates": [-39.01224387525318, -4.971964964544963]}}, {"type": "Feature", "properties": {"id": "1311", "name": "Ponto 1311"}, "geometry": {"type": "Point", "coordinates": [-39.016441662930134, -4.963970308466372]}}, {"type": "Feature", "properties": {"id": "1312", "name": "Ponto 1312"}, "geometry": {"type": "Point", "coordinates": [-39.021924314125165, -4.967176765695236]}}, {"type": "Feature", "properties": {"id": "1313", "name": "Ponto 1313"}, "geometry": {"type": "Point", "coordinates": [-39.0202559944876, -4.965649456649023]}}, {"type": "Feature", "properties": {"id": "1314", "name": "Ponto 1314"}, "geometry": {"type": "Point", "coordinates": [-39.029594020807046, -4.968797316171119]}}, {"type": "Feature", "properties": {"id": "1315", "name": "Ponto 1315"}, "geometry": {"type": "Point", "coordinates": [-39.01698282066989, -4.974310192905591]}}, {"type": "Feature", "properties": {"id": "1316", "name": "Ponto 1316"}, "geometry": {"type": "Point", "coordinates": [-39.01299405868809, -4.969890030651702]}}, {"type": "Feature", "properties": {"id": "1317", "name": "Ponto 1317"}, "geometry": {"type": "Point", "coordinates": [-39.02552593901176, -4.96338992825601]}}, {"type": "Feature", "properties": {"id": "1318", "name": "Ponto 1318"}, "geometry": {"type": "Point", "coordinates": [-39.02577194701482, -4.973803222973305]}}, {"type": "Feature", "properties": {"id": "1319", "name": "Ponto 1319"}, "geometry": {"type": "Point", "coordinates": [-39.01663992351556, -4.963082652566782]}}, {"type": "Feature", "properties": {"id": "1320", "name": "Ponto 1320"}, "geometry": {"type": "Point", "coordinates": [-39.0110059351519, -4.96999793737897]}}, {"type": "Feature", "properties": {"id": "1321", "name": "Ponto 1321"}, "geometry": {"type": "Point", "coordinates": [-39.03051125674523, -4.973379343917184]}}, {"type": "Feature", "properties": {"id": "1322", "name": "Ponto 1322"}, "geometry": {"type": "Point", "coordinates": [-39.020306786904456, -4.969252172416005]}}, {"type": "Feature", "properties": {"id": "1323", "name": "Ponto 1323"}, "geometry": {"type": "Point", "coordinates": [-39.01637060189265, -4.963576551296445]}}, {"type": "Feature", "properties": {"id": "1324", "name": "Ponto 1324"}, "geometry": {"type": "Point", "coordinates": [-39.0249081504396, -4.963628086577356]}}, {"type": "Feature", "properties": {"id": "1325", "name": "Ponto 1325"}, "geometry": {"type": "Point", "coordinates": [-39.026420967152326, -4.973323982731481]}}, {"type": "Feature", "properties": {"id": "1326", "name": "Ponto 1326"}, "geometry": {"type": "Point", "coordinates": [-39.012513704288374, -4.964381300956882]}}, {"type": "Feature", "properties": {"id": "1327", "name": "Ponto 1327"}, "geometry": {"type": "Point", "coordinates": [-39.01317979958135, -4.971893183271345]}}, {"type": "Feature", "properties": {"id": "1328", "name": "Ponto 1328"}, "geometry": {"type": "Point", "coordinates": [-39.02757582865809, -4.966635978056219]}}, {"type": "Feature", "properties": {"id": "1329", "name": "Ponto 1329"}, "geometry": {"type": "Point", "coordinates": [-39.011328855298686, -4.971219214093824]}}, {"type": "Feature", "properties": {"id": "1330", "name": "Ponto 1330"}, "geometry": {"type": "Point", "coordinates": [-39.009449818326985, -4.971813128629201]}}, {"type": "Feature", "properties": {"id": "1331", "name": "Ponto 1331"}, "geometry": {"type": "Point", "coordinates": [-39.02262241051792, -4.968274574333277]}}, {"type": "Feature", "properties": {"id": "1332", "name": "Ponto 1332"}, "geometry": {"type": "Point", "coordinates": [-39.024758114273816, -4.963236581811733]}}, {"type": "Feature", "properties": {"id": "1333", "name": "Ponto 1333"}, "geometry": {"type": "Point", "coordinates": [-39.02924142690115, -4.961974569198286]}}, {"type": "Feature", "properties": {"id": "1334", "name": "Ponto 1334"}, "geometry": {"type": "Point", "coordinates": [-39.024980669043806, -4.9721813229121725]}}, {"type": "Feature", "properties": {"id": "1335", "name": "Ponto 1335"}, "geometry": {"type": "Point", "coordinates": [-39.02539612441102, -4.9621592241365216]}}, {"type": "Feature", "properties": {"id": "1336", "name": "Ponto 1336"}, "geometry": {"type": "Point", "coordinates": [-39.02041615226807, -4.969189057023034]}}, {"type": "Feature", "properties": {"id": "1337", "name": "Ponto 1337"}, "geometry": {"type": "Point", "coordinates": [-39.0253856589948, -4.967570717881344]}}, {"type": "Feature", "properties": {"id": "1338", "name": "Ponto 1338"}, "geometry": {"type": "Point", "coordinates": [-39.00729924627731, -4.966843384415707]}}, {"type": "Feature", "properties": {"id": "1339", "name": "Ponto 1339"}, "geometry": {"type": "Point", "coordinates": [-39.02776289267711, -4.966019744078067]}}, {"type": "Feature", "properties": {"id": "1340", "name": "Ponto 1340"}, "geometry": {"type": "Point", "coordinates": [-39.01032030256557, -4.9696156871418875]}}, {"type": "Feature", "properties": {"id": "1341", "name": "Ponto 1341"}, "geometry": {"type": "Point", "coordinates": [-39.032360483763135, -4.968706375927147]}}, {"type": "Feature", "properties": {"id": "1342", "name": "Ponto 1342"}, "geometry": {"type": "Point", "coordinates": [-39.013321673541725, -4.967281466873635]}}, {"type": "Feature", "properties": {"id": "1343", "name": "Ponto 1343"}, "geometry": {"type": "Point", "coordinates": [-39.01097050931126, -4.9625285661979825]}}, {"type": "Feature", "properties": {"id": "1344", "name": "Ponto 1344"}, "geometry": {"type": "Point", "coordinates": [-39.0216697722236, -4.965938093697851]}}, {"type": "Feature", "properties": {"id": "1345", "name": "Ponto 1345"}, "geometry": {"type": "Point", "coordinates": [-39.011916189676896, -4.960998501857856]}}, {"type": "Feature", "properties": {"id": "1346", "name": "Ponto 1346"}, "geometry": {"type": "Point", "coordinates": [-39.00747351386347, -4.961135035465634]}}, {"type": "Feature", "properties": {"id": "1347", "name": "Ponto 1347"}, "geometry": {"type": "Point", "coordinates": [-39.0253314322504, -4.971664594452075]}}, {"type": "Feature", "properties": {"id": "1348", "name": "Ponto 1348"}, "geometry": {"type": "Point", "coordinates": [-39.03110973867741, -4.9632958379673475]}}, {"type": "Feature", "properties": {"id": "1349", "name": "Ponto 1349"}, "geometry": {"type": "Point", "coordinates": [-39.0249703373831, -4.961211290871845]}}, {"type": "Feature", "properties": {"id": "1350", "name": "Ponto 1350"}, "geometry": {"type": "Point", "coordinates": [-39.02471872045467, -4.965345326191788]}}, {"type": "Feature", "properties": {"id": "1351", "name": "Ponto 1351"}, "geometry": {"type": "Point", "coordinates": [-39.0155836699304, -4.971084061861411]}}, {"type": "Feature", "properties": {"id": "1352", "name": "Ponto 1352"}, "geometry": {"type": "Point", "coordinates": [-39.01986726150223, -4.965759409077316]}}, {"type": "Feature", "properties": {"id": "1353", "name": "Ponto 1353"}, "geometry": {"type": "Point", "coordinates": [-39.018431566496176, -4.971759813646642]}}, {"type": "Feature", "properties": {"id": "1354", "name": "Ponto 1354"}, "geometry": {"type": "Point", "coordinates": [-39.030933170280676, -4.963442790712366]}}, {"type": "Feature", "properties": {"id": "1355", "name": "Ponto 1355"}, "geometry": {"type": "Point", "coordinates": [-39.01512381093442, -4.960958396230907]}}, {"type": "Feature", "properties": {"id": "1356", "name": "Ponto 1356"}, "geometry": {"type": "Point", "coordinates": [-39.03173475192307, -4.9646667398171935]}}, {"type": "Feature", "properties": {"id": "1357", "name": "Ponto 1357"}, "geometry": {"type": "Point", "coordinates": [-39.029252028651975, -4.971038677120069]}}, {"type": "Feature", "properties": {"id": "1358", "name": "Ponto 1358"}, "geometry": {"type": "Point", "coordinates": [-39.03211946368866, -4.963352563196662]}}, {"type": "Feature", "properties": {"id": "1359", "name": "Ponto 1359"}, "geometry": {"type": "Point", "coordinates": [-39.00710489776258, -4.966111606525443]}}, {"type": "Feature", "properties": {"id": "1360", "name": "Ponto 1360"}, "geometry": {"type": "Point", "coordinates": [-39.024077532658396, -4.963228488777058]}}, {"type": "Feature", "properties": {"id": "1361", "name": "Ponto 1361"}, "geometry": {"type": "Point", "coordinates": [-39.025824248538655, -4.970153069203687]}}, {"type": "Feature", "properties": {"id": "1362", "name": "Ponto 1362"}, "geometry": {"type": "Point", "coordinates": [-39.0179477926297, -4.9645858849168425]}}, {"type": "Feature", "properties": {"id": "1363", "name": "Ponto 1363"}, "geometry": {"type": "Point", "coordinates": [-39.022532697732785, -4.97413438916893]}}, {"type": "Feature", "properties": {"id": "1364", "name": "Ponto 1364"}, "geometry": {"type": "Point", "coordinates": [-39.00825312899997, -4.972797078370047]}}, {"type": "Feature", "properties": {"id": "1365", "name": "Ponto 1365"}, "geometry": {"type": "Point", "coordinates": [-39.008011952697615, -4.971152301776344]}}, {"type": "Feature", "properties": {"id": "1366", "name": "Ponto 1366"}, "geometry": {"type": "Point", "coordinates": [-39.02970324706048, -4.972256525868111]}}, {"type": "Feature", "properties": {"id": "1367", "name": "Ponto 1367"}, "geometry": {"type": "Point", "coordinates": [-39.02175299557327, -4.966336048358088]}}, {"type": "Feature", "properties": {"id": "1368", "name": "Ponto 1368"}, "geometry": {"type": "Point", "coordinates": [-39.01012241865731, -4.961644464999586]}}, {"type": "Feature", "properties": {"id": "1369", "name": "Ponto 1369"}, "geometry": {"type": "Point", "coordinates": [-39.032096388427405, -4.971589541555569]}}, {"type": "Feature", "properties": {"id": "1370", "name": "Ponto 1370"}, "geometry": {"type": "Point", "coordinates": [-39.02327765676364, -4.961556388841659]}}, {"type": "Feature", "properties": {"id": "1371", "name": "Ponto 1371"}, "geometry": {"type": "Point", "coordinates": [-39.024757596826866, -4.963014679855208]}}, {"type": "Feature", "properties": {"id": "1372", "name": "Ponto 1372"}, "geometry": {"type": "Point", "coordinates": [-39.0222801956086, -4.963041171528117]}}, {"type": "Feature", "properties": {"id": "1373", "name": "Ponto 1373"}, "geometry": {"type": "Point", "coordinates": [-39.02909437813368, -4.966766668836675]}}, {"type": "Feature", "properties": {"id": "1374", "name": "Ponto 1374"}, "geometry": {"type": "Point", "coordinates": [-39.01345807833177, -4.972536278502056]}}, {"type": "Feature", "properties": {"id": "1375", "name": "Ponto 1375"}, "geometry": {"type": "Point", "coordinates": [-39.008716326445004, -4.965443900755258]}}, {"type": "Feature", "properties": {"id": "1376", "name": "Ponto 1376"}, "geometry": {"type": "Point", "coordinates": [-39.03149587123925, -4.974033934498829]}}, {"type": "Feature", "properties": {"id": "1377", "name": "Ponto 1377"}, "geometry": {"type": "Point", "coordinates": [-39.024817888702465, -4.973962570815472]}}, {"type": "Feature", "properties": {"id": "1378", "name": "Ponto 1378"}, "geometry": {"type": "Point", "coordinates": [-39.018633034463534, -4.967143046104286]}}, {"type": "Feature", "properties": {"id": "1379", "name": "Ponto 1379"}, "geometry": {"type": "Point", "coordinates": [-39.022948488163266, -4.970585222811659]}}, {"type": "Feature", "properties": {"id": "1380", "name": "Ponto 1380"}, "geometry": {"type": "Point", "coordinates": [-39.022469173191816, -4.961558057603286]}}, {"type": "Feature", "properties": {"id": "1381", "name": "Ponto 1381"}, "geometry": {"type": "Point", "coordinates": [-39.02441049824132, -4.97007167225181]}}, {"type": "Feature", "properties": {"id": "1382", "name": "Ponto 1382"}, "geometry": {"type": "Point", "coordinates": [-39.00870644989691, -4.969632138264949]}}, {"type": "Feature", "properties": {"id": "1383", "name": "Ponto 1383"}, "geometry": {"type": "Point", "coordinates": [-39.02294370710695, -4.965701343914352]}}, {"type": "Feature", "properties": {"id": "1384", "name": "Ponto 1384"}, "geometry": {"type": "Point", "coordinates": [-39.028391468655336, -4.9713879972624975]}}, {"type": "Feature", "properties": {"id": "1385", "name": "Ponto 1385"}, "geometry": {"type": "Point", "coordinates": [-39.01315763844165, -4.967996393909212]}}, {"type": "Feature", "properties": {"id": "1386", "name": "Ponto 1386"}, "geometry": {"type": "Point", "coordinates": [-39.00732343531327, -4.96791529068045]}}, {"type": "Feature", "properties": {"id": "1387", "name": "Ponto 1387"}, "geometry": {"type": "Point", "coordinates": [-39.01098190568421, -4.9710276977563845]}}, {"type": "Feature", "properties": {"id": "1388", "name": "Ponto 1388"}, "geometry": {"type": "Point", "coordinates": [-39.014446813267476, -4.974182869173793]}}, {"type": "Feature", "properties": {"id": "1389", "name": "Ponto 1389"}, "geometry": {"type": "Point", "coordinates": [-39.01424531093364, -4.974085812350219]}}, {"type": "Feature", "properties": {"id": "1390", "name": "Ponto 1390"}, "geometry": {"type": "Point", "coordinates": [-39.022171885150065, -4.969863848085545]}}, {"type": "Feature", "properties": {"id": "1391", "name": "Ponto 1391"}, "geometry": {"type": "Point", "coordinates": [-39.031255967838604, -4.967277367112247]}}, {"type": "Feature", "properties": {"id": "1392", "name": "Ponto 1392"}, "geometry": {"type": "Point", "coordinates": [-39.01395120558179, -4.9693915033178415]}}, {"type": "Feature", "properties": {"id": "1393", "name": "Ponto 1393"}, "geometry": {"type": "Point", "coordinates": [-39.017737881763146, -4.972416900188377]}}, {"type": "Feature", "properties": {"id": "1394", "name": "Ponto 1394"}, "geometry": {"type": "Point", "coordinates": [-39.00801180567534, -4.9729090737571395]}}, {"type": "Feature", "properties": {"id": "1395", "name": "Ponto 1395"}, "geometry": {"type": "Point", "coordinates": [-39.01421538398219, -4.964635119946212]}}, {"type": "Feature", "properties": {"id": "1396", "name": "Ponto 1396"}, "geometry": {"type": "Point", "coordinates": [-39.0196576962253, -4.964295601113367]}}, {"type": "Feature", "properties": {"id": "1397", "name": "Ponto 1397"}, "geometry": {"type": "Point", "coordinates": [-39.02099741008635, -4.97251714287214]}}, {"type": "Feature", "properties": {"id": "1398", "name": "Ponto 1398"}, "geometry": {"type": "Point", "coordinates": [-39.021682436908, -4.968551095291664]}}, {"type": "Feature", "properties": {"id": "1399", "name": "Ponto 1399"}, "geometry": {"type": "Point", "coordinates": [-39.02202666033595, -4.964986280316306]}}, {"type": "Feature", "properties": {"id": "1400", "name": "Ponto 1400"}, "geometry": {"type": "Point", "coordinates": [-39.01866345999937, -4.973322391627957]}}, {"type": "Feature", "properties": {"id": "1401", "name": "Ponto 1401"}, "geometry": {"type": "Point", "coordinates": [-39.019595991556955, -4.969448907216216]}}, {"type": "Feature", "properties": {"id": "1402", "name": "Ponto 1402"}, "geometry": {"type": "Point", "coordinates": [-39.007147098841656, -4.966867887453345]}}, {"type": "Feature", "properties": {"id": "1403", "name": "Ponto 1403"}, "geometry": {"type": "Point", "coordinates": [-39.01863231360366, -4.964244400267851]}}, {"type": "Feature", "properties": {"id": "1404", "name": "Ponto 1404"}, "geometry": {"type": "Point", "coordinates": [-39.01277947886281, -4.965639045199845]}}, {"type": "Feature", "properties": {"id": "1405", "name": "Ponto 1405"}, "geometry": {"type": "Point", "coordinates": [-39.010269349260696, -4.969583221035909]}}, {"type": "Feature", "properties": {"id": "1406", "name": "Ponto 1406"}, "geometry": {"type": "Point", "coordinates": [-39.01440188049682, -4.965541138018047]}}, {"type": "Feature", "properties": {"id": "1407", "name": "Ponto 1407"}, "geometry": {"type": "Point", "coordinates": [-39.01876968405422, -4.965484296088737]}}, {"type": "Feature", "properties": {"id": "1408", "name": "Ponto 1408"}, "geometry": {"type": "Point", "coordinates": [-39.0167083476127, -4.964713781256771]}}, {"type": "Feature", "properties": {"id": "1409", "name": "Ponto 1409"}, "geometry": {"type": "Point", "coordinates": [-39.01858925938991, -4.970816866737967]}}, {"type": "Feature", "properties": {"id": "1410", "name": "Ponto 1410"}, "geometry": {"type": "Point", "coordinates": [-39.02058664466208, -4.968184240272913]}}, {"type": "Feature", "properties": {"id": "1411", "name": "Ponto 1411"}, "geometry": {"type": "Point", "coordinates": [-39.02358436311625, -4.966894252350926]}}, {"type": "Feature", "properties": {"id": "1412", "name": "Ponto 1412"}, "geometry": {"type": "Point", "coordinates": [-39.017392378309324, -4.96619838731203]}}, {"type": "Feature", "properties": {"id": "1413", "name": "Ponto 1413"}, "geometry": {"type": "Point", "coordinates": [-39.01335792911749, -4.968142181114756]}}, {"type": "Feature", "properties": {"id": "1414", "name": "Ponto 1414"}, "geometry": {"type": "Point", "coordinates": [-39.03100217453593, -4.969220422563485]}}, {"type": "Feature", "properties": {"id": "1415", "name": "Ponto 1415"}, "geometry": {"type": "Point", "coordinates": [-39.00704162931113, -4.9733052836813885]}}, {"type": "Feature", "properties": {"id": "1416", "name": "Ponto 1416"}, "geometry": {"type": "Point", "coordinates": [-39.02860445561935, -4.968663344632485]}}, {"type": "Feature", "properties": {"id": "1417", "name": "Ponto 1417"}, "geometry": {"type": "Point", "coordinates": [-39.01990274331241, -4.973558264918924]}}, {"type": "Feature", "properties": {"id": "1418", "name": "Ponto 1418"}, "geometry": {"type": "Point", "coordinates": [-39.0232704280991, -4.962614919725017]}}, {"type": "Feature", "properties": {"id": "1419", "name": "Ponto 1419"}, "geometry": {"type": "Point", "coordinates": [-39.01576490430017, -4.968273615813808]}}, {"type": "Feature", "properties": {"id": "1420", "name": "Ponto 1420"}, "geometry": {"type": "Point", "coordinates": [-39.03151308182154, -4.97253186693799]}}, {"type": "Feature", "properties": {"id": "1421", "name": "Ponto 1421"}, "geometry": {"type": "Point", "coordinates": [-39.012199291951994, -4.962120389420479]}}, {"type": "Feature", "properties": {"id": "1422", "name": "Ponto 1422"}, "geometry": {"type": "Point", "coordinates": [-39.00781197182124, -4.965711234628104]}}, {"type": "Feature", "properties": {"id": "1423", "name": "Ponto 1423"}, "geometry": {"type": "Point", "coordinates": [-39.01718270903298, -4.968084686179328]}}, {"type": "Feature", "properties": {"id": "1424", "name": "Ponto 1424"}, "geometry": {"type": "Point", "coordinates": [-39.006565090903734, -4.961609109942611]}}, {"type": "Feature", "properties": {"id": "1425", "name": "Ponto 1425"}, "geometry": {"type": "Point", "coordinates": [-39.02948145438161, -4.96332653924161]}}, {"type": "Feature", "properties": {"id": "1426", "name": "Ponto 1426"}, "geometry": {"type": "Point", "coordinates": [-39.01567646358506, -4.964521173709464]}}, {"type": "Feature", "properties": {"id": "1427", "name": "Ponto 1427"}, "geometry": {"type": "Point", "coordinates": [-39.006671565560836, -4.969185565468501]}}, {"type": "Feature", "properties": {"id": "1428", "name": "Ponto 1428"}, "geometry": {"type": "Point", "coordinates": [-39.03127943918938, -4.9709643342797385]}}, {"type": "Feature", "properties": {"id": "1429", "name": "Ponto 1429"}, "geometry": {"type": "Point", "coordinates": [-39.02232017909767, -4.970989114006495]}}, {"type": "Feature", "properties": {"id": "1430", "name": "Ponto 1430"}, "geometry": {"type": "Point", "coordinates": [-39.013746748017546, -4.973180242662311]}}, {"type": "Feature", "properties": {"id": "1431", "name": "Ponto 1431"}, "geometry": {"type": "Point", "coordinates": [-39.023667226053504, -4.969772204503822]}}, {"type": "Feature", "properties": {"id": "1432", "name": "Ponto 1432"}, "geometry": {"type": "Point", "coordinates": [-39.021948411720466, -4.962434485542965]}}, {"type": "Feature", "properties": {"id": "1433", "name": "Ponto 1433"}, "geometry": {"type": "Point", "coordinates": [-39.013034884996884, -4.965660484057072]}}, {"type": "Feature", "properties": {"id": "1434", "name": "Ponto 1434"}, "geometry": {"type": "Point", "coordinates": [-39.00700246286054, -4.972113916801783]}}, {"type": "Feature", "properties": {"id": "1435", "name": "Ponto 1435"}, "geometry": {"type": "Point", "coordinates": [-39.00980996378606, -4.962599108848562]}}, {"type": "Feature", "properties": {"id": "1436", "name": "Ponto 1436"}, "geometry": {"type": "Point", "coordinates": [-39.0279941517742, -4.972713660393433]}}, {"type": "Feature", "properties": {"id": "1437", "name": "Ponto 1437"}, "geometry": {"type": "Point", "coordinates": [-39.01876323104109, -4.9701004662634185]}}, {"type": "Feature", "properties": {"id": "1438", "name": "Ponto 1438"}, "geometry": {"type": "Point", "coordinates": [-39.02840276449838, -4.968521357138709]}}, {"type": "Feature", "properties": {"id": "1439", "name": "Ponto 1439"}, "geometry": {"type": "Point", "coordinates": [-39.009600457740135, -4.96434364321082]}}, {"type": "Feature", "properties": {"id": "1440", "name": "Ponto 1440"}, "geometry": {"type": "Point", "coordinates": [-39.02205005579466, -4.963471051487904]}}, {"type": "Feature", "properties": {"id": "1441", "name": "Ponto 1441"}, "geometry": {"type": "Point", "coordinates": [-39.02313899435686, -4.973939515224923]}}, {"type": "Feature", "properties": {"id": "1442", "name": "Ponto 1442"}, "geometry": {"type": "Point", "coordinates": [-39.00848654746496, -4.973512669044105]}}, {"type": "Feature", "properties": {"id": "1443", "name": "Ponto 1443"}, "geometry": {"type": "Point", "coordinates": [-39.025601536611696, -4.97004123280619]}}, {"type": "Feature", "properties": {"id": "1444", "name": "Ponto 1444"}, "geometry": {"type": "Point", "coordinates": [-39.01597301901388, -4.966526171763689]}}, {"type": "Feature", "properties": {"id": "1445", "name": "Ponto 1445"}, "geometry": {"type": "Point", "coordinates": [-39.019606660882125, -4.968095569535238]}}, {"type": "Feature", "properties": {"id": "1446", "name": "Ponto 1446"}, "geometry": {"type": "Point", "coordinates": [-39.019848166948634, -4.97411681154589]}}, {"type": "Feature", "properties": {"id": "1447", "name": "Ponto 1447"}, "geometry": {"type": "Point", "coordinates": [-39.03008049223655, -4.971283597385365]}}, {"type": "Feature", "properties": {"id": "1448", "name": "Ponto 1448"}, "geometry": {"type": "Point", "coordinates": [-39.02908043188846, -4.961349893669331]}}, {"type": "Feature", "properties": {"id": "1449", "name": "Ponto 1449"}, "geometry": {"type": "Point", "coordinates": [-39.01942939260117, -4.961358094506327]}}, {"type": "Feature", "properties": {"id": "1450", "name": "Ponto 1450"}, "geometry": {"type": "Point", "coordinates": [-39.03142760699343, -4.974190616054732]}}, {"type": "Feature", "properties": {"id": "1451", "name": "Ponto 1451"}, "geometry": {"type": "Point", "coordinates": [-39.008005525947794, -4.968144450152116]}}, {"type": "Feature", "properties": {"id": "1452", "name": "Ponto 1452"}, "geometry": {"type": "Point", "coordinates": [-39.02155162411303, -4.972085600176638]}}, {"type": "Feature", "properties": {"id": "1453", "name": "Ponto 1453"}, "geometry": {"type": "Point", "coordinates": [-39.012995905506884, -4.9704623068107345]}}, {"type": "Feature", "properties": {"id": "1454", "name": "Ponto 1454"}, "geometry": {"type": "Point", "coordinates": [-39.0096060686389, -4.971423122393692]}}, {"type": "Feature", "properties": {"id": "1455", "name": "Ponto 1455"}, "geometry": {"type": "Point", "coordinates": [-39.02421832976464, -4.961743211233457]}}, {"type": "Feature", "properties": {"id": "1456", "name": "Ponto 1456"}, "geometry": {"type": "Point", "coordinates": [-39.02495249463443, -4.964608792607597]}}, {"type": "Feature", "properties": {"id": "1457", "name": "Ponto 1457"}, "geometry": {"type": "Point", "coordinates": [-39.01814089129519, -4.963383892765344]}}, {"type": "Feature", "properties": {"id": "1458", "name": "Ponto 1458"}, "geometry": {"type": "Point", "coordinates": [-39.027046331842975, -4.973009861765119]}}, {"type": "Feature", "properties": {"id": "1459", "name": "Ponto 1459"}, "geometry": {"type": "Point", "coordinates": [-39.027888155572874, -4.970950977685835]}}, {"type": "Feature", "properties": {"id": "1460", "name": "Ponto 1460"}, "geometry": {"type": "Point", "coordinates": [-39.0251980129497, -4.97276532560301]}}, {"type": "Feature", "properties": {"id": "1461", "name": "Ponto 1461"}, "geometry": {"type": "Point", "coordinates": [-39.01639115492222, -4.961367023154253]}}, {"type": "Feature", "properties": {"id": "1462", "name": "Ponto 1462"}, "geometry": {"type": "Point", "coordinates": [-39.01874332504897, -4.967868775895898]}}, {"type": "Feature", "properties": {"id": "1463", "name": "Ponto 1463"}, "geometry": {"type": "Point", "coordinates": [-39.0249506445219, -4.9677559171653805]}}, {"type": "Feature", "properties": {"id": "1464", "name": "Ponto 1464"}, "geometry": {"type": "Point", "coordinates": [-39.01761861074846, -4.9686185594180365]}}, {"type": "Feature", "properties": {"id": "1465", "name": "Ponto 1465"}, "geometry": {"type": "Point", "coordinates": [-39.008086092309036, -4.973690382358733]}}, {"type": "Feature", "properties": {"id": "1466", "name": "Ponto 1466"}, "geometry": {"type": "Point", "coordinates": [-39.019101216357775, -4.967820068297222]}}, {"type": "Feature", "properties": {"id": "1467", "name": "Ponto 1467"}, "geometry": {"type": "Point", "coordinates": [-39.03130231038715, -4.970112150708806]}}, {"type": "Feature", "properties": {"id": "1468", "name": "Ponto 1468"}, "geometry": {"type": "Point", "coordinates": [-39.01469922904281, -4.973838428057186]}}, {"type": "Feature", "properties": {"id": "1469", "name": "Ponto 1469"}, "geometry": {"type": "Point", "coordinates": [-39.016851073006954, -4.963177684144451]}}, {"type": "Feature", "properties": {"id": "1470", "name": "Ponto 1470"}, "geometry": {"type": "Point", "coordinates": [-39.029707970755915, -4.971440310224717]}}, {"type": "Feature", "properties": {"id": "1471", "name": "Ponto 1471"}, "geometry": {"type": "Point", "coordinates": [-39.016111887043316, -4.966272202841099]}}, {"type": "Feature", "properties": {"id": "1472", "name": "Ponto 1472"}, "geometry": {"type": "Point", "coordinates": [-39.017233617008706, -4.971565074878188]}}, {"type": "Feature", "properties": {"id": "1473", "name": "Ponto 1473"}, "geometry": {"type": "Point", "coordinates": [-39.009547377326186, -4.9618892626211615]}}, {"type": "Feature", "properties": {"id": "1474", "name": "Ponto 1474"}, "geometry": {"type": "Point", "coordinates": [-39.031900457325996, -4.973421627997674]}}, {"type": "Feature", "properties": {"id": "1475", "name": "Ponto 1475"}, "geometry": {"type": "Point", "coordinates": [-39.03021101604736, -4.973490862671344]}}, {"type": "Feature", "properties": {"id": "1476", "name": "Ponto 1476"}, "geometry": {"type": "Point", "coordinates": [-39.02771689805316, -4.969148417903672]}}, {"type": "Feature", "properties": {"id": "1477", "name": "Ponto 1477"}, "geometry": {"type": "Point", "coordinates": [-39.026198823263336, -4.971413888178579]}}, {"type": "Feature", "properties": {"id": "1478", "name": "Ponto 1478"}, "geometry": {"type": "Point", "coordinates": [-39.01593147310169, -4.968748227061689]}}, {"type": "Feature", "properties": {"id": "1479", "name": "Ponto 1479"}, "geometry": {"type": "Point", "coordinates": [-39.03183144956434, -4.9739103325947855]}}, {"type": "Feature", "properties": {"id": "1480", "name": "Ponto 1480"}, "geometry": {"type": "Point", "coordinates": [-39.0291931135239, -4.973410280762822]}}, {"type": "Feature", "properties": {"id": "1481", "name": "Ponto 1481"}, "geometry": {"type": "Point", "coordinates": [-39.03139319990114, -4.968209140755485]}}, {"type": "Feature", "properties": {"id": "1482", "name": "Ponto 1482"}, "geometry": {"type": "Point", "coordinates": [-39.024312081046716, -4.967699353837484]}}, {"type": "Feature", "properties": {"id": "1483", "name": "Ponto 1483"}, "geometry": {"type": "Point", "coordinates": [-39.01935798406246, -4.961275914966276]}}, {"type": "Feature", "properties": {"id": "1484", "name": "Ponto 1484"}, "geometry": {"type": "Point", "coordinates": [-39.02675417135235, -4.965354615212563]}}, {"type": "Feature", "properties": {"id": "1485", "name": "Ponto 1485"}, "geometry": {"type": "Point", "coordinates": [-39.02416604798569, -4.962043832970519]}}, {"type": "Feature", "properties": {"id": "1486", "name": "Ponto 1486"}, "geometry": {"type": "Point", "coordinates": [-39.0279494922612, -4.970714733149755]}}, {"type": "Feature", "properties": {"id": "1487", "name": "Ponto 1487"}, "geometry": {"type": "Point", "coordinates": [-39.023631506205, -4.960967707147957]}}, {"type": "Feature", "properties": {"id": "1488", "name": "Ponto 1488"}, "geometry": {"type": "Point", "coordinates": [-39.024742345194454, -4.967906090289154]}}, {"type": "Feature", "properties": {"id": "1489", "name": "Ponto 1489"}, "geometry": {"type": "Point", "coordinates": [-39.02149104665043, -4.963052624324131]}}, {"type": "Feature", "properties": {"id": "1490", "name": "Ponto 1490"}, "geometry": {"type": "Point", "coordinates": [-39.017083142427296, -4.971777748382277]}}, {"type": "Feature", "properties": {"id": "1491", "name": "Ponto 1491"}, "geometry": {"type": "Point", "coordinates": [-39.0076633522511, -4.966788464119689]}}, {"type": "Feature", "properties": {"id": "1492", "name": "Ponto 1492"}, "geometry": {"type": "Point", "coordinates": [-39.0100008513481, -4.9721542904472535]}}, {"type": "Feature", "properties": {"id": "1493", "name": "Ponto 1493"}, "geometry": {"type": "Point", "coordinates": [-39.016072068267455, -4.97388653390793]}}, {"type": "Feature", "properties": {"id": "1494", "name": "Ponto 1494"}, "geometry": {"type": "Point", "coordinates": [-39.009347215677494, -4.971765895548225]}}, {"type": "Feature", "properties": {"id": "1495", "name": "Ponto 1495"}, "geometry": {"type": "Point", "coordinates": [-39.02403287163294, -4.971497239012248]}}, {"type": "Feature", "properties": {"id": "1496", "name": "Ponto 1496"}, "geometry": {"type": "Point", "coordinates": [-39.02674237851748, -4.970491622700061]}}, {"type": "Feature", "properties": {"id": "1497", "name": "Ponto 1497"}, "geometry": {"type": "Point", "coordinates": [-39.02312697101314, -4.966070639856773]}}, {"type": "Feature", "properties": {"id": "1498", "name": "Ponto 1498"}, "geometry": {"type": "Point", "coordinates": [-39.02914826481765, -4.972736870303397]}}, {"type": "Feature", "properties": {"id": "1499", "name": "Ponto 1499"}, "geometry": {"type": "Point", "coordinates": [-39.020888117711145, -4.967877343526111]}}, {"type": "Feature", "properties": {"id": "1500", "name": "Ponto 1500"}, "geometry": {"type": "Point", "coordinates": [-39.02764219223263, -4.972438153189093]}}, {"type": "Feature", "properties": {"id": "1501", "name": "Ponto 1501"}, "geometry": {"type": "Point", "coordinates": [-39.030063098051265, -4.969754437588682]}}, {"type": "Feature", "properties": {"id": "1502", "name": "Ponto 1502"}, "geometry": {"type": "Point", "coordinates": [-39.00661180567901, -4.962953943447373]}}, {"type": "Feature", "properties": {"id": "1503", "name": "Ponto 1503"}, "geometry": {"type": "Point", "coordinates": [-39.00969982149895, -4.972532149894228]}}, {"type": "Feature", "properties": {"id": "1504", "name": "Ponto 1504"}, "geometry": {"type": "Point", "coordinates": [-39.03030354001582, -4.961899583170359]}}, {"type": "Feature", "properties": {"id": "1505", "name": "Ponto 1505"}, "geometry": {"type": "Point", "coordinates": [-39.03058450720549, -4.963618957604607]}}, {"type": "Feature", "properties": {"id": "1506", "name": "Ponto 1506"}, "geometry": {"type": "Point", "coordinates": [-39.006816111441225, -4.971365235093285]}}, {"type": "Feature", "properties": {"id": "1507", "name": "Ponto 1507"}, "geometry": {"type": "Point", "coordinates": [-39.018331125694445, -4.971051796364989]}}, {"type": "Feature", "properties": {"id": "1508", "name": "Ponto 1508"}, "geometry": {"type": "Point", "coordinates": [-39.010882615748066, -4.972321816507651]}}, {"type": "Feature", "properties": {"id": "1509", "name": "Ponto 1509"}, "geometry": {"type": "Point", "coordinates": [-39.03022707315848, -4.973234418001479]}}, {"type": "Feature", "properties": {"id": "1510", "name": "Ponto 1510"}, "geometry": {"type": "Point", "coordinates": [-39.02860682853267, -4.961801297463972]}}, {"type": "Feature", "properties": {"id": "1511", "name": "Ponto 1511"}, "geometry": {"type": "Point", "coordinates": [-39.02076442113694, -4.972925854963834]}}, {"type": "Feature", "properties": {"id": "1512", "name": "Ponto 1512"}, "geometry": {"type": "Point", "coordinates": [-39.00667048630181, -4.967218939843971]}}, {"type": "Feature", "properties": {"id": "1513", "name": "Ponto 1513"}, "geometry": {"type": "Point", "coordinates": [-39.012488191459084, -4.9695216865118645]}}, {"type": "Feature", "properties": {"id": "1514", "name": "Ponto 1514"}, "geometry": {"type": "Point", "coordinates": [-39.0078227794233, -4.967811337963011]}}, {"type": "Feature", "properties": {"id": "1515", "name": "Ponto 1515"}, "geometry": {"type": "Point", "coordinates": [-39.025449662279, -4.965786504009438]}}, {"type": "Feature", "properties": {"id": "1516", "name": "Ponto 1516"}, "geometry": {"type": "Point", "coordinates": [-39.018083739569455, -4.9620511364390705]}}, {"type": "Feature", "properties": {"id": "1517", "name": "Ponto 1517"}, "geometry": {"type": "Point", "coordinates": [-39.01734870469315, -4.9689360078515445]}}, {"type": "Feature", "properties": {"id": "1518", "name": "Ponto 1518"}, "geometry": {"type": "Point", "coordinates": [-39.016387724165874, -4.970775138654707]}}, {"type": "Feature", "properties": {"id": "1519", "name": "Ponto 1519"}, "geometry": {"type": "Point", "coordinates": [-39.02425806098566, -4.964638225891311]}}, {"type": "Feature", "properties": {"id": "1520", "name": "Ponto 1520"}, "geometry": {"type": "Point", "coordinates": [-39.00880757471587, -4.971860091961658]}}, {"type": "Feature", "properties": {"id": "1521", "name": "Ponto 1521"}, "geometry": {"type": "Point", "coordinates": [-39.016799329349205, -4.97254209204743]}}, {"type": "Feature", "properties": {"id": "1522", "name": "Ponto 1522"}, "geometry": {"type": "Point", "coordinates": [-39.01244785207189, -4.966770072806312]}}, {"type": "Feature", "properties": {"id": "1523", "name": "Ponto 1523"}, "geometry": {"type": "Point", "coordinates": [-39.02540372427595, -4.9655649862858535]}}, {"type": "Feature", "properties": {"id": "1524", "name": "Ponto 1524"}, "geometry": {"type": "Point", "coordinates": [-39.021949155949315, -4.9646761004478535]}}, {"type": "Feature", "properties": {"id": "1525", "name": "Ponto 1525"}, "geometry": {"type": "Point", "coordinates": [-39.018145091920026, -4.973946177452852]}}, {"type": "Feature", "properties": {"id": "1526", "name": "Ponto 1526"}, "geometry": {"type": "Point", "coordinates": [-39.01988000266418, -4.96169328288091]}}, {"type": "Feature", "properties": {"id": "1527", "name": "Ponto 1527"}, "geometry": {"type": "Point", "coordinates": [-39.02524335814643, -4.970200707894975]}}, {"type": "Feature", "properties": {"id": "1528", "name": "Ponto 1528"}, "geometry": {"type": "Point", "coordinates": [-39.02144230401792, -4.969023632278494]}}, {"type": "Feature", "properties": {"id": "1529", "name": "Ponto 1529"}, "geometry": {"type": "Point", "coordinates": [-39.01396315574401, -4.963318977453571]}}, {"type": "Feature", "properties": {"id": "1530", "name": "Ponto 1530"}, "geometry": {"type": "Point", "coordinates": [-39.00973027990529, -4.966201109939437]}}, {"type": "Feature", "properties": {"id": "1531", "name": "Ponto 1531"}, "geometry": {"type": "Point", "coordinates": [-39.025896132073775, -4.963142244017967]}}, {"type": "Feature", "properties": {"id": "1532", "name": "Ponto 1532"}, "geometry": {"type": "Point", "coordinates": [-39.018553285832404, -4.961445940167094]}}, {"type": "Feature", "properties": {"id": "1533", "name": "Ponto 1533"}, "geometry": {"type": "Point", "coordinates": [-39.02715316980231, -4.969721406573921]}}, {"type": "Feature", "properties": {"id": "1534", "name": "Ponto 1534"}, "geometry": {"type": "Point", "coordinates": [-39.01069400509063, -4.968812276676263]}}, {"type": "Feature", "properties": {"id": "1535", "name": "Ponto 1535"}, "geometry": {"type": "Point", "coordinates": [-39.00893726949886, -4.964903026743833]}}, {"type": "Feature", "properties": {"id": "1536", "name": "Ponto 1536"}, "geometry": {"type": "Point", "coordinates": [-39.028072537368914, -4.964612935144704]}}, {"type": "Feature", "properties": {"id": "1537", "name": "Ponto 1537"}, "geometry": {"type": "Point", "coordinates": [-39.01004828190977, -4.966158036450268]}}, {"type": "Feature", "properties": {"id": "1538", "name": "Ponto 1538"}, "geometry": {"type": "Point", "coordinates": [-39.01772334800495, -4.963311383911388]}}, {"type": "Feature", "properties": {"id": "1539", "name": "Ponto 1539"}, "geometry": {"type": "Point", "coordinates": [-39.02728935231384, -4.961245436747954]}}, {"type": "Feature", "properties": {"id": "1540", "name": "Ponto 1540"}, "geometry": {"type": "Point", "coordinates": [-39.011203740262474, -4.9661457789467764]}}, {"type": "Feature", "properties": {"id": "1541", "name": "Ponto 1541"}, "geometry": {"type": "Point", "coordinates": [-39.021260909390804, -4.964653304046122]}}, {"type": "Feature", "properties": {"id": "1542", "name": "Ponto 1542"}, "geometry": {"type": "Point", "coordinates": [-39.009113286403185, -4.967998249712802]}}, {"type": "Feature", "properties": {"id": "1543", "name": "Ponto 1543"}, "geometry": {"type": "Point", "coordinates": [-39.03156891970583, -4.963465381441714]}}, {"type": "Feature", "properties": {"id": "1544", "name": "Ponto 1544"}, "geometry": {"type": "Point", "coordinates": [-39.006802222046154, -4.973208189347334]}}, {"type": "Feature", "properties": {"id": "1545", "name": "Ponto 1545"}, "geometry": {"type": "Point", "coordinates": [-39.03244464197238, -4.967046675031148]}}, {"type": "Feature", "properties": {"id": "1546", "name": "Ponto 1546"}, "geometry": {"type": "Point", "coordinates": [-39.020979100824064, -4.962310468136165]}}, {"type": "Feature", "properties": {"id": "1547", "name": "Ponto 1547"}, "geometry": {"type": "Point", "coordinates": [-39.00831044270162, -4.973882927528818]}}, {"type": "Feature", "properties": {"id": "1548", "name": "Ponto 1548"}, "geometry": {"type": "Point", "coordinates": [-39.0083681948202, -4.967506252087198]}}, {"type": "Feature", "properties": {"id": "1549", "name": "Ponto 1549"}, "geometry": {"type": "Point", "coordinates": [-39.029661432785666, -4.964380338957813]}}, {"type": "Feature", "properties": {"id": "1550", "name": "Ponto 1550"}, "geometry": {"type": "Point", "coordinates": [-39.014638738748936, -4.9743641542250785]}}, {"type": "Feature", "properties": {"id": "1551", "name": "Ponto 1551"}, "geometry": {"type": "Point", "coordinates": [-39.0098816473464, -4.96293833542638]}}, {"type": "Feature", "properties": {"id": "1552", "name": "Ponto 1552"}, "geometry": {"type": "Point", "coordinates": [-39.0296224439981, -4.964593829860914]}}, {"type": "Feature", "properties": {"id": "1553", "name": "Ponto 1553"}, "geometry": {"type": "Point", "coordinates": [-39.01823909642891, -4.9670043382146565]}}, {"type": "Feature", "properties": {"id": "1554", "name": "Ponto 1554"}, "geometry": {"type": "Point", "coordinates": [-39.02068242804217, -4.966090267238894]}}, {"type": "Feature", "properties": {"id": "1555", "name": "Ponto 1555"}, "geometry": {"type": "Point", "coordinates": [-39.01335813046411, -4.966675731473034]}}, {"type": "Feature", "properties": {"id": "1556", "name": "Ponto 1556"}, "geometry": {"type": "Point", "coordinates": [-39.01109687480289, -4.9705559714883725]}}, {"type": "Feature", "properties": {"id": "1557", "name": "Ponto 1557"}, "geometry": {"type": "Point", "coordinates": [-39.014021882307006, -4.962453230503689]}}, {"type": "Feature", "properties": {"id": "1558", "name": "Ponto 1558"}, "geometry": {"type": "Point", "coordinates": [-39.020373270882615, -4.961810088231165]}}, {"type": "Feature", "properties": {"id": "1559", "name": "Ponto 1559"}, "geometry": {"type": "Point", "coordinates": [-39.0091356555983, -4.974327715990712]}}, {"type": "Feature", "properties": {"id": "1560", "name": "Ponto 1560"}, "geometry": {"type": "Point", "coordinates": [-39.015103386466016, -4.971512314921933]}}, {"type": "Feature", "properties": {"id": "1561", "name": "Ponto 1561"}, "geometry": {"type": "Point", "coordinates": [-39.01436689778939, -4.968974527260461]}}, {"type": "Feature", "properties": {"id": "1562", "name": "Ponto 1562"}, "geometry": {"type": "Point", "coordinates": [-39.0120869704523, -4.971935011265982]}}, {"type": "Feature", "properties": {"id": "1563", "name": "Ponto 1563"}, "geometry": {"type": "Point", "coordinates": [-39.01247125498141, -4.966273502876562]}}, {"type": "Feature", "properties": {"id": "1564", "name": "Ponto 1564"}, "geometry": {"type": "Point", "coordinates": [-39.02951204223075, -4.963557442103482]}}, {"type": "Feature", "properties": {"id": "1565", "name": "Ponto 1565"}, "geometry": {"type": "Point", "coordinates": [-39.02628331704769, -4.968093500991787]}}, {"type": "Feature", "properties": {"id": "1566", "name": "Ponto 1566"}, "geometry": {"type": "Point", "coordinates": [-39.023369579573874, -4.969294281640731]}}, {"type": "Feature", "properties": {"id": "1567", "name": "Ponto 1567"}, "geometry": {"type": "Point", "coordinates": [-39.00812569468938, -4.973270597069421]}}, {"type": "Feature", "properties": {"id": "1568", "name": "Ponto 1568"}, "geometry": {"type": "Point", "coordinates": [-39.029050615573716, -4.965476927860797]}}, {"type": "Feature", "properties": {"id": "1569", "name": "Ponto 1569"}, "geometry": {"type": "Point", "coordinates": [-39.008706589250686, -4.964735771652982]}}, {"type": "Feature", "properties": {"id": "1570", "name": "Ponto 1570"}, "geometry": {"type": "Point", "coordinates": [-39.01578238105897, -4.9664479200764236]}}, {"type": "Feature", "properties": {"id": "1571", "name": "Ponto 1571"}, "geometry": {"type": "Point", "coordinates": [-39.02666086353149, -4.96400157059154]}}, {"type": "Feature", "properties": {"id": "1572", "name": "Ponto 1572"}, "geometry": {"type": "Point", "coordinates": [-39.02619817696036, -4.9680402876006875]}}, {"type": "Feature", "properties": {"id": "1573", "name": "Ponto 1573"}, "geometry": {"type": "Point", "coordinates": [-39.03003424334078, -4.967565987072138]}}, {"type": "Feature", "properties": {"id": "1574", "name": "Ponto 1574"}, "geometry": {"type": "Point", "coordinates": [-39.029946190612065, -4.962264014171737]}}, {"type": "Feature", "properties": {"id": "1575", "name": "Ponto 1575"}, "geometry": {"type": "Point", "coordinates": [-39.01682497896697, -4.965257810580578]}}, {"type": "Feature", "properties": {"id": "1576", "name": "Ponto 1576"}, "geometry": {"type": "Point", "coordinates": [-39.02401775771763, -4.9712411080618955]}}, {"type": "Feature", "properties": {"id": "1577", "name": "Ponto 1577"}, "geometry": {"type": "Point", "coordinates": [-39.006989903827154, -4.974343491315106]}}, {"type": "Feature", "properties": {"id": "1578", "name": "Ponto 1578"}, "geometry": {"type": "Point", "coordinates": [-39.01682396938222, -4.967990726529953]}}, {"type": "Feature", "properties": {"id": "1579", "name": "Ponto 1579"}, "geometry": {"type": "Point", "coordinates": [-39.02053317383557, -4.966573368898369]}}, {"type": "Feature", "properties": {"id": "1580", "name": "Ponto 1580"}, "geometry": {"type": "Point", "coordinates": [-39.02523612043847, -4.960909202699027]}}, {"type": "Feature", "properties": {"id": "1581", "name": "Ponto 1581"}, "geometry": {"type": "Point", "coordinates": [-39.0197054036895, -4.97018297703959]}}, {"type": "Feature", "properties": {"id": "1582", "name": "Ponto 1582"}, "geometry": {"type": "Point", "coordinates": [-39.02323407978631, -4.97228125374725]}}, {"type": "Feature", "properties": {"id": "1583", "name": "Ponto 1583"}, "geometry": {"type": "Point", "coordinates": [-39.026842433003154, -4.962120037576931]}}, {"type": "Feature", "properties": {"id": "1584", "name": "Ponto 1584"}, "geometry": {"type": "Point", "coordinates": [-39.01138253263012, -4.973921979504182]}}, {"type": "Feature", "properties": {"id": "1585", "name": "Ponto 1585"}, "geometry": {"type": "Point", "coordinates": [-39.02716690834988, -4.963609785450777]}}, {"type": "Feature", "properties": {"id": "1586", "name": "Ponto 1586"}, "geometry": {"type": "Point", "coordinates": [-39.01231648651406, -4.9613740895088405]}}, {"type": "Feature", "properties": {"id": "1587", "name": "Ponto 1587"}, "geometry": {"type": "Point", "coordinates": [-39.01593894638185, -4.972073107685024]}}, {"type": "Feature", "properties": {"id": "1588", "name": "Ponto 1588"}, "geometry": {"type": "Point", "coordinates": [-39.02665567669421, -4.972830125493323]}}, {"type": "Feature", "properties": {"id": "1589", "name": "Ponto 1589"}, "geometry": {"type": "Point", "coordinates": [-39.0228860196554, -4.973173873236018]}}, {"type": "Feature", "properties": {"id": "1590", "name": "Ponto 1590"}, "geometry": {"type": "Point", "coordinates": [-39.00911468888585, -4.968752450839203]}}, {"type": "Feature", "properties": {"id": "1591", "name": "Ponto 1591"}, "geometry": {"type": "Point", "coordinates": [-39.01873916371621, -4.965555706763018]}}, {"type": "Feature", "properties": {"id": "1592", "name": "Ponto 1592"}, "geometry": {"type": "Point", "coordinates": [-39.007286045997596, -4.9692406089708445]}}, {"type": "Feature", "properties": {"id": "1593", "name": "Ponto 1593"}, "geometry": {"type": "Point", "coordinates": [-39.02299753094677, -4.964080305814757]}}, {"type": "Feature", "properties": {"id": "1594", "name": "Ponto 1594"}, "geometry": {"type": "Point", "coordinates": [-39.00966200380184, -4.969498284181347]}}, {"type": "Feature", "properties": {"id": "1595", "name": "Ponto 1595"}, "geometry": {"type": "Point", "coordinates": [-39.01538463383932, -4.9655462824988925]}}, {"type": "Feature", "properties": {"id": "1596", "name": "Ponto 1596"}, "geometry": {"type": "Point", "coordinates": [-39.023350647378976, -4.969058543284918]}}, {"type": "Feature", "properties": {"id": "1597", "name": "Ponto 1597"}, "geometry": {"type": "Point", "coordinates": [-39.02906257575386, -4.965795675354158]}}, {"type": "Feature", "properties": {"id": "1598", "name": "Ponto 1598"}, "geometry": {"type": "Point", "coordinates": [-39.00689906313152, -4.96388848345393]}}, {"type": "Feature", "properties": {"id": "1599", "name": "Ponto 1599"}, "geometry": {"type": "Point", "coordinates": [-39.01266480540406, -4.965576545233994]}}, {"type": "Feature", "properties": {"id": "1600", "name": "Ponto 1600"}, "geometry": {"type": "Point", "coordinates": [-39.00940078610393, -4.973369462016712]}}, {"type": "Feature", "properties": {"id": "1601", "name": "Ponto 1601"}, "geometry": {"type": "Point", "coordinates": [-39.016267979348555, -4.971562653550107]}}, {"type": "Feature", "properties": {"id": "1602", "name": "Ponto 1602"}, "geometry": {"type": "Point", "coordinates": [-39.02462007003339, -4.973569012361387]}}, {"type": "Feature", "properties": {"id": "1603", "name": "Ponto 1603"}, "geometry": {"type": "Point", "coordinates": [-39.02485469361401, -4.96823380418805]}}, {"type": "Feature", "properties": {"id": "1604", "name": "Ponto 1604"}, "geometry": {"type": "Point", "coordinates": [-39.0119678838169, -4.966021979776837]}}, {"type": "Feature", "properties": {"id": "1605", "name": "Ponto 1605"}, "geometry": {"type": "Point", "coordinates": [-39.025506694576, -4.961231043381898]}}, {"type": "Feature", "properties": {"id": "1606", "name": "Ponto 1606"}, "geometry": {"type": "Point", "coordinates": [-39.01118745989182, -4.96493786538037]}}, {"type": "Feature", "properties": {"id": "1607", "name": "Ponto 1607"}, "geometry": {"type": "Point", "coordinates": [-39.03143696830049, -4.969666955716092]}}, {"type": "Feature", "properties": {"id": "1608", "name": "Ponto 1608"}, "geometry": {"type": "Point", "coordinates": [-39.00670523951149, -4.973860103021672]}}, {"type": "Feature", "properties": {"id": "1609", "name": "Ponto 1609"}, "geometry": {"type": "Point", "coordinates": [-39.02256565744108, -4.968198013657974]}}, {"type": "Feature", "properties": {"id": "1610", "name": "Ponto 1610"}, "geometry": {"type": "Point", "coordinates": [-39.03000992634868, -4.96125633311471]}}, {"type": "Feature", "properties": {"id": "1611", "name": "Ponto 1611"}, "geometry": {"type": "Point", "coordinates": [-39.0087774967506, -4.963727470267789]}}, {"type": "Feature", "properties": {"id": "1612", "name": "Ponto 1612"}, "geometry": {"type": "Point", "coordinates": [-39.00948932095387, -4.973206486841979]}}, {"type": "Feature", "properties": {"id": "1613", "name": "Ponto 1613"}, "geometry": {"type": "Point", "coordinates": [-39.02450949549601, -4.973469736757996]}}, {"type": "Feature", "properties": {"id": "1614", "name": "Ponto 1614"}, "geometry": {"type": "Point", "coordinates": [-39.031173580057654, -4.967865436404298]}}, {"type": "Feature", "properties": {"id": "1615", "name": "Ponto 1615"}, "geometry": {"type": "Point", "coordinates": [-39.024415594365266, -4.961970026134016]}}, {"type": "Feature", "properties": {"id": "1616", "name": "Ponto 1616"}, "geometry": {"type": "Point", "coordinates": [-39.01134060899517, -4.9674993052852265]}}, {"type": "Feature", "properties": {"id": "1617", "name": "Ponto 1617"}, "geometry": {"type": "Point", "coordinates": [-39.00972745532098, -4.966184698564317]}}, {"type": "Feature", "properties": {"id": "1618", "name": "Ponto 1618"}, "geometry": {"type": "Point", "coordinates": [-39.013027511226326, -4.965344652536604]}}, {"type": "Feature", "properties": {"id": "1619", "name": "Ponto 1619"}, "geometry": {"type": "Point", "coordinates": [-39.03028056831721, -4.966340055875585]}}, {"type": "Feature", "properties": {"id": "1620", "name": "Ponto 1620"}, "geometry": {"type": "Point", "coordinates": [-39.01437928058947, -4.965282687743041]}}, {"type": "Feature", "properties": {"id": "1621", "name": "Ponto 1621"}, "geometry": {"type": "Point", "coordinates": [-39.02441842804329, -4.964902535094375]}}, {"type": "Feature", "properties": {"id": "1622", "name": "Ponto 1622"}, "geometry": {"type": "Point", "coordinates": [-39.01253471960088, -4.96776520522871]}}, {"type": "Feature", "properties": {"id": "1623", "name": "Ponto 1623"}, "geometry": {"type": "Point", "coordinates": [-39.031792348604235, -4.96309498479344]}}, {"type": "Feature", "properties": {"id": "1624", "name": "Ponto 1624"}, "geometry": {"type": "Point", "coordinates": [-39.016822776163416, -4.968838857701386]}}, {"type": "Feature", "properties": {"id": "1625", "name": "Ponto 1625"}, "geometry": {"type": "Point", "coordinates": [-39.02070418310228, -4.960975415156553]}}, {"type": "Feature", "properties": {"id": "1626", "name": "Ponto 1626"}, "geometry": {"type": "Point", "coordinates": [-39.026791612305296, -4.964158428868533]}}, {"type": "Feature", "properties": {"id": "1627", "name": "Ponto 1627"}, "geometry": {"type": "Point", "coordinates": [-39.02739413352098, -4.965473211920183]}}, {"type": "Feature", "properties": {"id": "1628", "name": "Ponto 1628"}, "geometry": {"type": "Point", "coordinates": [-39.02649623627482, -4.972181511101641]}}, {"type": "Feature", "properties": {"id": "1629", "name": "Ponto 1629"}, "geometry": {"type": "Point", "coordinates": [-39.0203462627556, -4.969088319842218]}}, {"type": "Feature", "properties": {"id": "1630", "name": "Ponto 1630"}, "geometry": {"type": "Point", "coordinates": [-39.02311100943034, -4.96291541191439]}}, {"type": "Feature", "properties": {"id": "1631", "name": "Ponto 1631"}, "geometry": {"type": "Point", "coordinates": [-39.01841739285703, -4.966449180990062]}}, {"type": "Feature", "properties": {"id": "1632", "name": "Ponto 1632"}, "geometry": {"type": "Point", "coordinates": [-39.0250998301682, -4.969571093389911]}}, {"type": "Feature", "properties": {"id": "1633", "name": "Ponto 1633"}, "geometry": {"type": "Point", "coordinates": [-39.01565898774468, -4.962197566513831]}}, {"type": "Feature", "properties": {"id": "1634", "name": "Ponto 1634"}, "geometry": {"type": "Point", "coordinates": [-39.02471327401291, -4.965672253380522]}}, {"type": "Feature", "properties": {"id": "1635", "name": "Ponto 1635"}, "geometry": {"type": "Point", "coordinates": [-39.01645206795209, -4.972110501407057]}}, {"type": "Feature", "properties": {"id": "1636", "name": "Ponto 1636"}, "geometry": {"type": "Point", "coordinates": [-39.02181672302437, -4.970985111123782]}}, {"type": "Feature", "properties": {"id": "1637", "name": "Ponto 1637"}, "geometry": {"type": "Point", "coordinates": [-39.0135817660487, -4.963776374760624]}}, {"type": "Feature", "properties": {"id": "1638", "name": "Ponto 1638"}, "geometry": {"type": "Point", "coordinates": [-39.01740450448248, -4.968259361949058]}}, {"type": "Feature", "properties": {"id": "1639", "name": "Ponto 1639"}, "geometry": {"type": "Point", "coordinates": [-39.00737088242178, -4.966311252580949]}}, {"type": "Feature", "properties": {"id": "1640", "name": "Ponto 1640"}, "geometry": {"type": "Point", "coordinates": [-39.016113171444076, -4.974028914869667]}}, {"type": "Feature", "properties": {"id": "1641", "name": "Ponto 1641"}, "geometry": {"type": "Point", "coordinates": [-39.01755474367497, -4.964232672965985]}}, {"type": "Feature", "properties": {"id": "1642", "name": "Ponto 1642"}, "geometry": {"type": "Point", "coordinates": [-39.02531715670295, -4.970754260877855]}}, {"type": "Feature", "properties": {"id": "1643", "name": "Ponto 1643"}, "geometry": {"type": "Point", "coordinates": [-39.019052490300055, -4.967249027670085]}}, {"type": "Feature", "properties": {"id": "1644", "name": "Ponto 1644"}, "geometry": {"type": "Point", "coordinates": [-39.02525919321537, -4.965895906338197]}}, {"type": "Feature", "properties": {"id": "1645", "name": "Ponto 1645"}, "geometry": {"type": "Point", "coordinates": [-39.009715629467415, -4.970839084548594]}}, {"type": "Feature", "properties": {"id": "1646", "name": "Ponto 1646"}, "geometry": {"type": "Point", "coordinates": [-39.021587806040955, -4.969002982720016]}}, {"type": "Feature", "properties": {"id": "1647", "name": "Ponto 1647"}, "geometry": {"type": "Point", "coordinates": [-39.03050668786939, -4.9633258800443505]}}, {"type": "Feature", "properties": {"id": "1648", "name": "Ponto 1648"}, "geometry": {"type": "Point", "coordinates": [-39.03107627044472, -4.974371945483354]}}, {"type": "Feature", "properties": {"id": "1649", "name": "Ponto 1649"}, "geometry": {"type": "Point", "coordinates": [-39.01767613955929, -4.962703982278078]}}, {"type": "Feature", "properties": {"id": "1650", "name": "Ponto 1650"}, "geometry": {"type": "Point", "coordinates": [-39.01073564617362, -4.969937359465137]}}, {"type": "Feature", "properties": {"id": "1651", "name": "Ponto 1651"}, "geometry": {"type": "Point", "coordinates": [-39.02379804738423, -4.96267955088807]}}, {"type": "Feature", "properties": {"id": "1652", "name": "Ponto 1652"}, "geometry": {"type": "Point", "coordinates": [-39.0313440461065, -4.967755183771714]}}, {"type": "Feature", "properties": {"id": "1653", "name": "Ponto 1653"}, "geometry": {"type": "Point", "coordinates": [-39.01786571963794, -4.967719994680873]}}, {"type": "Feature", "properties": {"id": "1654", "name": "Ponto 1654"}, "geometry": {"type": "Point", "coordinates": [-39.03057248831819, -4.968833981208275]}}, {"type": "Feature", "properties": {"id": "1655", "name": "Ponto 1655"}, "geometry": {"type": "Point", "coordinates": [-39.03060097403137, -4.962562516042833]}}, {"type": "Feature", "properties": {"id": "1656", "name": "Ponto 1656"}, "geometry": {"type": "Point", "coordinates": [-39.00948957089791, -4.964555255638739]}}, {"type": "Feature", "properties": {"id": "1657", "name": "Ponto 1657"}, "geometry": {"type": "Point", "coordinates": [-39.01553185193433, -4.96167714256243]}}, {"type": "Feature", "properties": {"id": "1658", "name": "Ponto 1658"}, "geometry": {"type": "Point", "coordinates": [-39.01131035486383, -4.971947113594402]}}, {"type": "Feature", "properties": {"id": "1659", "name": "Ponto 1659"}, "geometry": {"type": "Point", "coordinates": [-39.02660735503719, -4.970402700980109]}}, {"type": "Feature", "properties": {"id": "1660", "name": "Ponto 1660"}, "geometry": {"type": "Point", "coordinates": [-39.02168987912842, -4.9717196324127615]}}, {"type": "Feature", "properties": {"id": "1661", "name": "Ponto 1661"}, "geometry": {"type": "Point", "coordinates": [-39.01698728575238, -4.968094124012454]}}, {"type": "Feature", "properties": {"id": "1662", "name": "Ponto 1662"}, "geometry": {"type": "Point", "coordinates": [-39.0122774768761, -4.964293833260458]}}, {"type": "Feature", "properties": {"id": "1663", "name": "Ponto 1663"}, "geometry": {"type": "Point", "coordinates": [-39.02750996040464, -4.961383885018751]}}, {"type": "Feature", "properties": {"id": "1664", "name": "Ponto 1664"}, "geometry": {"type": "Point", "coordinates": [-39.01741529076633, -4.972103216372444]}}, {"type": "Feature", "properties": {"id": "1665", "name": "Ponto 1665"}, "geometry": {"type": "Point", "coordinates": [-39.015140968672114, -4.966331869817095]}}, {"type": "Feature", "properties": {"id": "1666", "name": "Ponto 1666"}, "geometry": {"type": "Point", "coordinates": [-39.01125325413262, -4.961290035138312]}}, {"type": "Feature", "properties": {"id": "1667", "name": "Ponto 1667"}, "geometry": {"type": "Point", "coordinates": [-39.02717015729348, -4.964501679958128]}}, {"type": "Feature", "properties": {"id": "1668", "name": "Ponto 1668"}, "geometry": {"type": "Point", "coordinates": [-39.024823646512004, -4.967852856200977]}}, {"type": "Feature", "properties": {"id": "1669", "name": "Ponto 1669"}, "geometry": {"type": "Point", "coordinates": [-39.02179440347751, -4.964807208473683]}}, {"type": "Feature", "properties": {"id": "1670", "name": "Ponto 1670"}, "geometry": {"type": "Point", "coordinates": [-39.00834684153103, -4.961007342161731]}}, {"type": "Feature", "properties": {"id": "1671", "name": "Ponto 1671"}, "geometry": {"type": "Point", "coordinates": [-39.02607946453528, -4.964724291127067]}}, {"type": "Feature", "properties": {"id": "1672", "name": "Ponto 1672"}, "geometry": {"type": "Point", "coordinates": [-39.02824014490228, -4.965886613424629]}}, {"type": "Feature", "properties": {"id": "1673", "name": "Ponto 1673"}, "geometry": {"type": "Point", "coordinates": [-39.01640435973986, -4.966718300820743]}}, {"type": "Feature", "properties": {"id": "1674", "name": "Ponto 1674"}, "geometry": {"type": "Point", "coordinates": [-39.0154482726704, -4.966813968797897]}}, {"type": "Feature", "properties": {"id": "1675", "name": "Ponto 1675"}, "geometry": {"type": "Point", "coordinates": [-39.008243157132334, -4.9643983257628]}}, {"type": "Feature", "properties": {"id": "1676", "name": "Ponto 1676"}, "geometry": {"type": "Point", "coordinates": [-39.032208632423284, -4.968247081789894]}}, {"type": "Feature", "properties": {"id": "1677", "name": "Ponto 1677"}, "geometry": {"type": "Point", "coordinates": [-39.02175845943576, -4.964652441680999]}}, {"type": "Feature", "properties": {"id": "1678", "name": "Ponto 1678"}, "geometry": {"type": "Point", "coordinates": [-39.01904642111698, -4.963990308119906]}}, {"type": "Feature", "properties": {"id": "1679", "name": "Ponto 1679"}, "geometry": {"type": "Point", "coordinates": [-39.02660993027998, -4.965780591952788]}}, {"type": "Feature", "properties": {"id": "1680", "name": "Ponto 1680"}, "geometry": {"type": "Point", "coordinates": [-39.020235961175196, -4.9629628642842585]}}, {"type": "Feature", "properties": {"id": "1681", "name": "Ponto 1681"}, "geometry": {"type": "Point", "coordinates": [-39.02975476674233, -4.970388977405022]}}, {"type": "Feature", "properties": {"id": "1682", "name": "Ponto 1682"}, "geometry": {"type": "Point", "coordinates": [-39.0158804936162, -4.964712486889417]}}, {"type": "Feature", "properties": {"id": "1683", "name": "Ponto 1683"}, "geometry": {"type": "Point", "coordinates": [-39.02815692120025, -4.963251403520321]}}, {"type": "Feature", "properties": {"id": "1684", "name": "Ponto 1684"}, "geometry": {"type": "Point", "coordinates": [-39.01162325991976, -4.972598353012394]}}, {"type": "Feature", "properties": {"id": "1685", "name": "Ponto 1685"}, "geometry": {"type": "Point", "coordinates": [-39.01398430886392, -4.963196572181825]}}, {"type": "Feature", "properties": {"id": "1686", "name": "Ponto 1686"}, "geometry": {"type": "Point", "coordinates": [-39.01821758578787, -4.9618258392989345]}}, {"type": "Feature", "properties": {"id": "1687", "name": "Ponto 1687"}, "geometry": {"type": "Point", "coordinates": [-39.0194532738767, -4.96122394665729]}}, {"type": "Feature", "properties": {"id": "1688", "name": "Ponto 1688"}, "geometry": {"type": "Point", "coordinates": [-39.01045668510675, -4.968125698460545]}}, {"type": "Feature", "properties": {"id": "1689", "name": "Ponto 1689"}, "geometry": {"type": "Point", "coordinates": [-39.02560758599727, -4.967935605190526]}}, {"type": "Feature", "properties": {"id": "1690", "name": "Ponto 1690"}, "geometry": {"type": "Point", "coordinates": [-39.02731213192512, -4.9613600251794585]}}, {"type": "Feature", "properties": {"id": "1691", "name": "Ponto 1691"}, "geometry": {"type": "Point", "coordinates": [-39.01629383262319, -4.9686709997756795]}}, {"type": "Feature", "properties": {"id": "1692", "name": "Ponto 1692"}, "geometry": {"type": "Point", "coordinates": [-39.018872223726255, -4.972234603075978]}}, {"type": "Feature", "properties": {"id": "1693", "name": "Ponto 1693"}, "geometry": {"type": "Point", "coordinates": [-39.032293418932454, -4.974163523243421]}}, {"type": "Feature", "properties": {"id": "1694", "name": "Ponto 1694"}, "geometry": {"type": "Point", "coordinates": [-39.01459561092876, -4.965203862848452]}}, {"type": "Feature", "properties": {"id": "1695", "name": "Ponto 1695"}, "geometry": {"type": "Point", "coordinates": [-39.020772293991044, -4.964266502896265]}}, {"type": "Feature", "properties": {"id": "1696", "name": "Ponto 1696"}, "geometry": {"type": "Point", "coordinates": [-39.01306874520452, -4.965215073270926]}}, {"type": "Feature", "properties": {"id": "1697", "name": "Ponto 1697"}, "geometry": {"type": "Point", "coordinates": [-39.02884519441042, -4.973837393449671]}}, {"type": "Feature", "properties": {"id": "1698", "name": "Ponto 1698"}, "geometry": {"type": "Point", "coordinates": [-39.01944186161926, -4.9722427247806005]}}, {"type": "Feature", "properties": {"id": "1699", "name": "Ponto 1699"}, "geometry": {"type": "Point", "coordinates": [-39.02664610522455, -4.973001469868656]}}, {"type": "Feature", "properties": {"id": "1700", "name": "Ponto 1700"}, "geometry": {"type": "Point", "coordinates": [-39.03136800463385, -4.967393604451979]}}, {"type": "Feature", "properties": {"id": "1701", "name": "Ponto 1701"}, "geometry": {"type": "Point", "coordinates": [-39.01967975988117, -4.969202067469178]}}, {"type": "Feature", "properties": {"id": "1702", "name": "Ponto 1702"}, "geometry": {"type": "Point", "coordinates": [-39.013940201875585, -4.964572842321846]}}, {"type": "Feature", "properties": {"id": "1703", "name": "Ponto 1703"}, "geometry": {"type": "Point", "coordinates": [-39.01917787171779, -4.9643191010967795]}}, {"type": "Feature", "properties": {"id": "1704", "name": "Ponto 1704"}, "geometry": {"type": "Point", "coordinates": [-39.03001489324842, -4.960918715626267]}}, {"type": "Feature", "properties": {"id": "1705", "name": "Ponto 1705"}, "geometry": {"type": "Point", "coordinates": [-39.03046843138482, -4.963583870369179]}}, {"type": "Feature", "properties": {"id": "1706", "name": "Ponto 1706"}, "geometry": {"type": "Point", "coordinates": [-39.01322190137384, -4.973287318430404]}}, {"type": "Feature", "properties": {"id": "1707", "name": "Ponto 1707"}, "geometry": {"type": "Point", "coordinates": [-39.01837108554706, -4.9716982441926225]}}, {"type": "Feature", "properties": {"id": "1708", "name": "Ponto 1708"}, "geometry": {"type": "Point", "coordinates": [-39.02872956910677, -4.972881553648088]}}, {"type": "Feature", "properties": {"id": "1709", "name": "Ponto 1709"}, "geometry": {"type": "Point", "coordinates": [-39.03038202614041, -4.973099610917359]}}, {"type": "Feature", "properties": {"id": "1710", "name": "Ponto 1710"}, "geometry": {"type": "Point", "coordinates": [-39.02687206812633, -4.97284358048201]}}, {"type": "Feature", "properties": {"id": "1711", "name": "Ponto 1711"}, "geometry": {"type": "Point", "coordinates": [-39.01079466227483, -4.967279461376175]}}, {"type": "Feature", "properties": {"id": "1712", "name": "Ponto 1712"}, "geometry": {"type": "Point", "coordinates": [-39.02148579277373, -4.972745562327982]}}, {"type": "Feature", "properties": {"id": "1713", "name": "Ponto 1713"}, "geometry": {"type": "Point", "coordinates": [-39.02684374956896, -4.9740655593670935]}}, {"type": "Feature", "properties": {"id": "1714", "name": "Ponto 1714"}, "geometry": {"type": "Point", "coordinates": [-39.029706472784454, -4.961625225975617]}}, {"type": "Feature", "properties": {"id": "1715", "name": "Ponto 1715"}, "geometry": {"type": "Point", "coordinates": [-39.02679608402803, -4.968299729176178]}}, {"type": "Feature", "properties": {"id": "1716", "name": "Ponto 1716"}, "geometry": {"type": "Point", "coordinates": [-39.01709803382376, -4.967141166307354]}}, {"type": "Feature", "properties": {"id": "1717", "name": "Ponto 1717"}, "geometry": {"type": "Point", "coordinates": [-39.02638370110963, -4.970633068409102]}}, {"type": "Feature", "properties": {"id": "1718", "name": "Ponto 1718"}, "geometry": {"type": "Point", "coordinates": [-39.02524182817296, -4.970495809455553]}}, {"type": "Feature", "properties": {"id": "1719", "name": "Ponto 1719"}, "geometry": {"type": "Point", "coordinates": [-39.0104369094961, -4.973851449936586]}}, {"type": "Feature", "properties": {"id": "1720", "name": "Ponto 1720"}, "geometry": {"type": "Point", "coordinates": [-39.01073350715949, -4.964038284340031]}}, {"type": "Feature", "properties": {"id": "1721", "name": "Ponto 1721"}, "geometry": {"type": "Point", "coordinates": [-39.024499032467205, -4.97006867150918]}}, {"type": "Feature", "properties": {"id": "1722", "name": "Ponto 1722"}, "geometry": {"type": "Point", "coordinates": [-39.01985969493153, -4.967080864277573]}}, {"type": "Feature", "properties": {"id": "1723", "name": "Ponto 1723"}, "geometry": {"type": "Point", "coordinates": [-39.021238178932634, -4.968175144775687]}}, {"type": "Feature", "properties": {"id": "1724", "name": "Ponto 1724"}, "geometry": {"type": "Point", "coordinates": [-39.02161637770424, -4.963805105596649]}}, {"type": "Feature", "properties": {"id": "1725", "name": "Ponto 1725"}, "geometry": {"type": "Point", "coordinates": [-39.027997351830365, -4.962192666989813]}}, {"type": "Feature", "properties": {"id": "1726", "name": "Ponto 1726"}, "geometry": {"type": "Point", "coordinates": [-39.02410104478924, -4.969145064974932]}}, {"type": "Feature", "properties": {"id": "1727", "name": "Ponto 1727"}, "geometry": {"type": "Point", "coordinates": [-39.01875606782836, -4.970669325619577]}}, {"type": "Feature", "properties": {"id": "1728", "name": "Ponto 1728"}, "geometry": {"type": "Point", "coordinates": [-39.012272400353424, -4.968502490308909]}}, {"type": "Feature", "properties": {"id": "1729", "name": "Ponto 1729"}, "geometry": {"type": "Point", "coordinates": [-39.02728735296554, -4.971059194419569]}}, {"type": "Feature", "properties": {"id": "1730", "name": "Ponto 1730"}, "geometry": {"type": "Point", "coordinates": [-39.0133885942392, -4.97109108239383]}}, {"type": "Feature", "properties": {"id": "1731", "name": "Ponto 1731"}, "geometry": {"type": "Point", "coordinates": [-39.018561041983844, -4.97285044105737]}}, {"type": "Feature", "properties": {"id": "1732", "name": "Ponto 1732"}, "geometry": {"type": "Point", "coordinates": [-39.01816388089524, -4.965806131109072]}}, {"type": "Feature", "properties": {"id": "1733", "name": "Ponto 1733"}, "geometry": {"type": "Point", "coordinates": [-39.0207986335631, -4.968172823466939]}}, {"type": "Feature", "properties": {"id": "1734", "name": "Ponto 1734"}, "geometry": {"type": "Point", "coordinates": [-39.0230934153559, -4.961490225045302]}}, {"type": "Feature", "properties": {"id": "1735", "name": "Ponto 1735"}, "geometry": {"type": "Point", "coordinates": [-39.011432905192244, -4.963299740988393]}}, {"type": "Feature", "properties": {"id": "1736", "name": "Ponto 1736"}, "geometry": {"type": "Point", "coordinates": [-39.0285142622458, -4.971040911305118]}}, {"type": "Feature", "properties": {"id": "1737", "name": "Ponto 1737"}, "geometry": {"type": "Point", "coordinates": [-39.02170127190204, -4.967013958216263]}}, {"type": "Feature", "properties": {"id": "1738", "name": "Ponto 1738"}, "geometry": {"type": "Point", "coordinates": [-39.01703916587918, -4.96103358120638]}}, {"type": "Feature", "properties": {"id": "1739", "name": "Ponto 1739"}, "geometry": {"type": "Point", "coordinates": [-39.008480244683035, -4.96660790522648]}}, {"type": "Feature", "properties": {"id": "1740", "name": "Ponto 1740"}, "geometry": {"type": "Point", "coordinates": [-39.007963642216104, -4.972339256120201]}}, {"type": "Feature", "properties": {"id": "1741", "name": "Ponto 1741"}, "geometry": {"type": "Point", "coordinates": [-39.01642731790866, -4.960981882659584]}}, {"type": "Feature", "properties": {"id": "1742", "name": "Ponto 1742"}, "geometry": {"type": "Point", "coordinates": [-39.01808501817231, -4.968772565602529]}}, {"type": "Feature", "properties": {"id": "1743", "name": "Ponto 1743"}, "geometry": {"type": "Point", "coordinates": [-39.028321696617965, -4.966734551472477]}}, {"type": "Feature", "properties": {"id": "1744", "name": "Ponto 1744"}, "geometry": {"type": "Point", "coordinates": [-39.0113456846961, -4.972011516231172]}}, {"type": "Feature", "properties": {"id": "1745", "name": "Ponto 1745"}, "geometry": {"type": "Point", "coordinates": [-39.026262402853355, -4.973765895834492]}}, {"type": "Feature", "properties": {"id": "1746", "name": "Ponto 1746"}, "geometry": {"type": "Point", "coordinates": [-39.011902279213935, -4.965566858431188]}}, {"type": "Feature", "properties": {"id": "1747", "name": "Ponto 1747"}, "geometry": {"type": "Point", "coordinates": [-39.03119398332888, -4.9735143813245895]}}, {"type": "Feature", "properties": {"id": "1748", "name": "Ponto 1748"}, "geometry": {"type": "Point", "coordinates": [-39.028827038815514, -4.972054921853978]}}, {"type": "Feature", "properties": {"id": "1749", "name": "Ponto 1749"}, "geometry": {"type": "Point", "coordinates": [-39.00854316072016, -4.966657027699347]}}, {"type": "Feature", "properties": {"id": "1750", "name": "Ponto 1750"}, "geometry": {"type": "Point", "coordinates": [-39.00918543543967, -4.970119526082353]}}, {"type": "Feature", "properties": {"id": "1751", "name": "Ponto 1751"}, "geometry": {"type": "Point", "coordinates": [-39.02846745893855, -4.965690018461826]}}, {"type": "Feature", "properties": {"id": "1752", "name": "Ponto 1752"}, "geometry": {"type": "Point", "coordinates": [-39.00844772591116, -4.967395985165132]}}, {"type": "Feature", "properties": {"id": "1753", "name": "Ponto 1753"}, "geometry": {"type": "Point", "coordinates": [-39.025867864069774, -4.966293284390091]}}, {"type": "Feature", "properties": {"id": "1754", "name": "Ponto 1754"}, "geometry": {"type": "Point", "coordinates": [-39.01338295949225, -4.97364553497497]}}, {"type": "Feature", "properties": {"id": "1755", "name": "Ponto 1755"}, "geometry": {"type": "Point", "coordinates": [-39.01178347918714, -4.968739128725375]}}, {"type": "Feature", "properties": {"id": "1756", "name": "Ponto 1756"}, "geometry": {"type": "Point", "coordinates": [-39.01401523836665, -4.96095600907874]}}, {"type": "Feature", "properties": {"id": "1757", "name": "Ponto 1757"}, "geometry": {"type": "Point", "coordinates": [-39.01883670556072, -4.961386139787737]}}, {"type": "Feature", "properties": {"id": "1758", "name": "Ponto 1758"}, "geometry": {"type": "Point", "coordinates": [-39.008519619456195, -4.966137537499843]}}, {"type": "Feature", "properties": {"id": "1759", "name": "Ponto 1759"}, "geometry": {"type": "Point", "coordinates": [-39.00999318850132, -4.966739600006905]}}, {"type": "Feature", "properties": {"id": "1760", "name": "Ponto 1760"}, "geometry": {"type": "Point", "coordinates": [-39.02974148994326, -4.96469116091361]}}, {"type": "Feature", "properties": {"id": "1761", "name": "Ponto 1761"}, "geometry": {"type": "Point", "coordinates": [-39.01036385387017, -4.973617986474433]}}, {"type": "Feature", "properties": {"id": "1762", "name": "Ponto 1762"}, "geometry": {"type": "Point", "coordinates": [-39.01528382560585, -4.970417856250981]}}, {"type": "Feature", "properties": {"id": "1763", "name": "Ponto 1763"}, "geometry": {"type": "Point", "coordinates": [-39.021005754077414, -4.971654818974939]}}, {"type": "Feature", "properties": {"id": "1764", "name": "Ponto 1764"}, "geometry": {"type": "Point", "coordinates": [-39.031430360411264, -4.973697265903069]}}, {"type": "Feature", "properties": {"id": "1765", "name": "Ponto 1765"}, "geometry": {"type": "Point", "coordinates": [-39.022822567604486, -4.9692202039272875]}}, {"type": "Feature", "properties": {"id": "1766", "name": "Ponto 1766"}, "geometry": {"type": "Point", "coordinates": [-39.029922368442165, -4.969478522006406]}}, {"type": "Feature", "properties": {"id": "1767", "name": "Ponto 1767"}, "geometry": {"type": "Point", "coordinates": [-39.01012922988922, -4.962505953848653]}}, {"type": "Feature", "properties": {"id": "1768", "name": "Ponto 1768"}, "geometry": {"type": "Point", "coordinates": [-39.02079059408692, -4.961910009470591]}}, {"type": "Feature", "properties": {"id": "1769", "name": "Ponto 1769"}, "geometry": {"type": "Point", "coordinates": [-39.03203626724733, -4.967484917701258]}}, {"type": "Feature", "properties": {"id": "1770", "name": "Ponto 1770"}, "geometry": {"type": "Point", "coordinates": [-39.02273329355451, -4.961309245932546]}}, {"type": "Feature", "properties": {"id": "1771", "name": "Ponto 1771"}, "geometry": {"type": "Point", "coordinates": [-39.02865014676869, -4.9626770001853755]}}, {"type": "Feature", "properties": {"id": "1772", "name": "Ponto 1772"}, "geometry": {"type": "Point", "coordinates": [-39.012762197687266, -4.9644610525283355]}}, {"type": "Feature", "properties": {"id": "1773", "name": "Ponto 1773"}, "geometry": {"type": "Point", "coordinates": [-39.0150698656729, -4.964624148814106]}}, {"type": "Feature", "properties": {"id": "1774", "name": "Ponto 1774"}, "geometry": {"type": "Point", "coordinates": [-39.02740739292898, -4.962182726663648]}}, {"type": "Feature", "properties": {"id": "1775", "name": "Ponto 1775"}, "geometry": {"type": "Point", "coordinates": [-39.01762140094294, -4.973354268621901]}}, {"type": "Feature", "properties": {"id": "1776", "name": "Ponto 1776"}, "geometry": {"type": "Point", "coordinates": [-39.00808548986047, -4.969954752689181]}}, {"type": "Feature", "properties": {"id": "1777", "name": "Ponto 1777"}, "geometry": {"type": "Point", "coordinates": [-39.02721463772376, -4.966577595565652]}}, {"type": "Feature", "properties": {"id": "1778", "name": "Ponto 1778"}, "geometry": {"type": "Point", "coordinates": [-39.00672381758547, -4.968925177546869]}}, {"type": "Feature", "properties": {"id": "1779", "name": "Ponto 1779"}, "geometry": {"type": "Point", "coordinates": [-39.029001694579335, -4.972743593140452]}}, {"type": "Feature", "properties": {"id": "1780", "name": "Ponto 1780"}, "geometry": {"type": "Point", "coordinates": [-39.0217952669813, -4.963716431999773]}}, {"type": "Feature", "properties": {"id": "1781", "name": "Ponto 1781"}, "geometry": {"type": "Point", "coordinates": [-39.0185382567221, -4.968088085183502]}}, {"type": "Feature", "properties": {"id": "1782", "name": "Ponto 1782"}, "geometry": {"type": "Point", "coordinates": [-39.020075194364296, -4.9616863163332185]}}, {"type": "Feature", "properties": {"id": "1783", "name": "Ponto 1783"}, "geometry": {"type": "Point", "coordinates": [-39.01862652796644, -4.963590309097618]}}, {"type": "Feature", "properties": {"id": "1784", "name": "Ponto 1784"}, "geometry": {"type": "Point", "coordinates": [-39.010110411008185, -4.97405601938624]}}, {"type": "Feature", "properties": {"id": "1785", "name": "Ponto 1785"}, "geometry": {"type": "Point", "coordinates": [-39.00917636134317, -4.968192299805707]}}, {"type": "Feature", "properties": {"id": "1786", "name": "Ponto 1786"}, "geometry": {"type": "Point", "coordinates": [-39.02680520658874, -4.973182721369174]}}, {"type": "Feature", "properties": {"id": "1787", "name": "Ponto 1787"}, "geometry": {"type": "Point", "coordinates": [-39.017801431412146, -4.971866878098207]}}, {"type": "Feature", "properties": {"id": "1788", "name": "Ponto 1788"}, "geometry": {"type": "Point", "coordinates": [-39.011532645088415, -4.962770414478169]}}, {"type": "Feature", "properties": {"id": "1789", "name": "Ponto 1789"}, "geometry": {"type": "Point", "coordinates": [-39.01428957176012, -4.973597371035479]}}, {"type": "Feature", "properties": {"id": "1790", "name": "Ponto 1790"}, "geometry": {"type": "Point", "coordinates": [-39.0314265697969, -4.9706726031440525]}}, {"type": "Feature", "properties": {"id": "1791", "name": "Ponto 1791"}, "geometry": {"type": "Point", "coordinates": [-39.01475355564477, -4.969385935732406]}}, {"type": "Feature", "properties": {"id": "1792", "name": "Ponto 1792"}, "geometry": {"type": "Point", "coordinates": [-39.02236193545735, -4.965947401307294]}}, {"type": "Feature", "properties": {"id": "1793", "name": "Ponto 1793"}, "geometry": {"type": "Point", "coordinates": [-39.0201920923593, -4.973101941481814]}}, {"type": "Feature", "properties": {"id": "1794", "name": "Ponto 1794"}, "geometry": {"type": "Point", "coordinates": [-39.01936673821995, -4.962933736500479]}}, {"type": "Feature", "properties": {"id": "1795", "name": "Ponto 1795"}, "geometry": {"type": "Point", "coordinates": [-39.00716126694013, -4.966605076048521]}}, {"type": "Feature", "properties": {"id": "1796", "name": "Ponto 1796"}, "geometry": {"type": "Point", "coordinates": [-39.01827342960686, -4.96886222939643]}}, {"type": "Feature", "properties": {"id": "1797", "name": "Ponto 1797"}, "geometry": {"type": "Point", "coordinates": [-39.0114667136157, -4.961119160584724]}}, {"type": "Feature", "properties": {"id": "1798", "name": "Ponto 1798"}, "geometry": {"type": "Point", "coordinates": [-39.010753867609836, -4.964242578213844]}}, {"type": "Feature", "properties": {"id": "1799", "name": "Ponto 1799"}, "geometry": {"type": "Point", "coordinates": [-39.01322572875405, -4.969605032436847]}}, {"type": "Feature", "properties": {"id": "1800", "name": "Ponto 1800"}, "geometry": {"type": "Point", "coordinates": [-39.02558083421472, -4.963102354860173]}}, {"type": "Feature", "properties": {"id": "1801", "name": "Ponto 1801"}, "geometry": {"type": "Point", "coordinates": [-39.00803170167232, -4.966503687840733]}}, {"type": "Feature", "properties": {"id": "1802", "name": "Ponto 1802"}, "geometry": {"type": "Point", "coordinates": [-39.02527835595004, -4.962779075006961]}}, {"type": "Feature", "properties": {"id": "1803", "name": "Ponto 1803"}, "geometry": {"type": "Point", "coordinates": [-39.019479954050695, -4.969448146737436]}}, {"type": "Feature", "properties": {"id": "1804", "name": "Ponto 1804"}, "geometry": {"type": "Point", "coordinates": [-39.019876681632766, -4.965152327200439]}}, {"type": "Feature", "properties": {"id": "1805", "name": "Ponto 1805"}, "geometry": {"type": "Point", "coordinates": [-39.01005601797767, -4.962805562217387]}}, {"type": "Feature", "properties": {"id": "1806", "name": "Ponto 1806"}, "geometry": {"type": "Point", "coordinates": [-39.03195104069896, -4.963105870839698]}}, {"type": "Feature", "properties": {"id": "1807", "name": "Ponto 1807"}, "geometry": {"type": "Point", "coordinates": [-39.02121965616912, -4.966955647247626]}}, {"type": "Feature", "properties": {"id": "1808", "name": "Ponto 1808"}, "geometry": {"type": "Point", "coordinates": [-39.00937878429172, -4.971049535862417]}}, {"type": "Feature", "properties": {"id": "1809", "name": "Ponto 1809"}, "geometry": {"type": "Point", "coordinates": [-39.0242220927017, -4.961886796944593]}}, {"type": "Feature", "properties": {"id": "1810", "name": "Ponto 1810"}, "geometry": {"type": "Point", "coordinates": [-39.02481882595877, -4.961437781601923]}}, {"type": "Feature", "properties": {"id": "1811", "name": "Ponto 1811"}, "geometry": {"type": "Point", "coordinates": [-39.008590606519164, -4.968190351614495]}}, {"type": "Feature", "properties": {"id": "1812", "name": "Ponto 1812"}, "geometry": {"type": "Point", "coordinates": [-39.01154750074822, -4.9609837473476155]}}, {"type": "Feature", "properties": {"id": "1813", "name": "Ponto 1813"}, "geometry": {"type": "Point", "coordinates": [-39.0125528485717, -4.961872127011124]}}, {"type": "Feature", "properties": {"id": "1814", "name": "Ponto 1814"}, "geometry": {"type": "Point", "coordinates": [-39.031428232546325, -4.96966991857445]}}, {"type": "Feature", "properties": {"id": "1815", "name": "Ponto 1815"}, "geometry": {"type": "Point", "coordinates": [-39.027622689096034, -4.966637211417914]}}, {"type": "Feature", "properties": {"id": "1816", "name": "Ponto 1816"}, "geometry": {"type": "Point", "coordinates": [-39.02759723380698, -4.972198107933034]}}, {"type": "Feature", "properties": {"id": "1817", "name": "Ponto 1817"}, "geometry": {"type": "Point", "coordinates": [-39.01358367087842, -4.968823571013629]}}, {"type": "Feature", "properties": {"id": "1818", "name": "Ponto 1818"}, "geometry": {"type": "Point", "coordinates": [-39.02018632718793, -4.96121363098984]}}, {"type": "Feature", "properties": {"id": "1819", "name": "Ponto 1819"}, "geometry": {"type": "Point", "coordinates": [-39.02654653387335, -4.971717300885945]}}, {"type": "Feature", "properties": {"id": "1820", "name": "Ponto 1820"}, "geometry": {"type": "Point", "coordinates": [-39.017640791013434, -4.97357403329176]}}, {"type": "Feature", "properties": {"id": "1821", "name": "Ponto 1821"}, "geometry": {"type": "Point", "coordinates": [-39.027390700136124, -4.965463984730693]}}, {"type": "Feature", "properties": {"id": "1822", "name": "Ponto 1822"}, "geometry": {"type": "Point", "coordinates": [-39.00918495035042, -4.961842253097061]}}, {"type": "Feature", "properties": {"id": "1823", "name": "Ponto 1823"}, "geometry": {"type": "Point", "coordinates": [-39.02296135608876, -4.9698340595554935]}}, {"type": "Feature", "properties": {"id": "1824", "name": "Ponto 1824"}, "geometry": {"type": "Point", "coordinates": [-39.02462184108245, -4.961751907141438]}}, {"type": "Feature", "properties": {"id": "1825", "name": "Ponto 1825"}, "geometry": {"type": "Point", "coordinates": [-39.01073699468494, -4.973943884024188]}}, {"type": "Feature", "properties": {"id": "1826", "name": "Ponto 1826"}, "geometry": {"type": "Point", "coordinates": [-39.0190195928778, -4.972744110657878]}}, {"type": "Feature", "properties": {"id": "1827", "name": "Ponto 1827"}, "geometry": {"type": "Point", "coordinates": [-39.02320099235164, -4.967812831804804]}}, {"type": "Feature", "properties": {"id": "1828", "name": "Ponto 1828"}, "geometry": {"type": "Point", "coordinates": [-39.028873419468944, -4.962426355290444]}}, {"type": "Feature", "properties": {"id": "1829", "name": "Ponto 1829"}, "geometry": {"type": "Point", "coordinates": [-39.02884539634829, -4.967584661650384]}}, {"type": "Feature", "properties": {"id": "1830", "name": "Ponto 1830"}, "geometry": {"type": "Point", "coordinates": [-39.01368718515176, -4.971973681317681]}}, {"type": "Feature", "properties": {"id": "1831", "name": "Ponto 1831"}, "geometry": {"type": "Point", "coordinates": [-39.01894790997115, -4.968671947971806]}}, {"type": "Feature", "properties": {"id": "1832", "name": "Ponto 1832"}, "geometry": {"type": "Point", "coordinates": [-39.006879190747966, -4.969847136414183]}}, {"type": "Feature", "properties": {"id": "1833", "name": "Ponto 1833"}, "geometry": {"type": "Point", "coordinates": [-39.011826916755915, -4.963746403326814]}}, {"type": "Feature", "properties": {"id": "1834", "name": "Ponto 1834"}, "geometry": {"type": "Point", "coordinates": [-39.01747813795274, -4.969350962184242]}}, {"type": "Feature", "properties": {"id": "1835", "name": "Ponto 1835"}, "geometry": {"type": "Point", "coordinates": [-39.022586833798506, -4.970518621038416]}}, {"type": "Feature", "properties": {"id": "1836", "name": "Ponto 1836"}, "geometry": {"type": "Point", "coordinates": [-39.01721202717214, -4.961463072868207]}}, {"type": "Feature", "properties": {"id": "1837", "name": "Ponto 1837"}, "geometry": {"type": "Point", "coordinates": [-39.012743859055256, -4.973574475199999]}}, {"type": "Feature", "properties": {"id": "1838", "name": "Ponto 1838"}, "geometry": {"type": "Point", "coordinates": [-39.02302561380317, -4.972274726859434]}}, {"type": "Feature", "properties": {"id": "1839", "name": "Ponto 1839"}, "geometry": {"type": "Point", "coordinates": [-39.01850634749376, -4.962278461170259]}}, {"type": "Feature", "properties": {"id": "1840", "name": "Ponto 1840"}, "geometry": {"type": "Point", "coordinates": [-39.02843327295534, -4.9669351412322]}}, {"type": "Feature", "properties": {"id": "1841", "name": "Ponto 1841"}, "geometry": {"type": "Point", "coordinates": [-39.00727655961818, -4.962660773931872]}}, {"type": "Feature", "properties": {"id": "1842", "name": "Ponto 1842"}, "geometry": {"type": "Point", "coordinates": [-39.01905335909725, -4.964045666178734]}}, {"type": "Feature", "properties": {"id": "1843", "name": "Ponto 1843"}, "geometry": {"type": "Point", "coordinates": [-39.008088363383024, -4.96784089058589]}}, {"type": "Feature", "properties": {"id": "1844", "name": "Ponto 1844"}, "geometry": {"type": "Point", "coordinates": [-39.02385686671809, -4.970613205329909]}}, {"type": "Feature", "properties": {"id": "1845", "name": "Ponto 1845"}, "geometry": {"type": "Point", "coordinates": [-39.03233759508296, -4.973145486234333]}}, {"type": "Feature", "properties": {"id": "1846", "name": "Ponto 1846"}, "geometry": {"type": "Point", "coordinates": [-39.01651838863958, -4.964366770610377]}}, {"type": "Feature", "properties": {"id": "1847", "name": "Ponto 1847"}, "geometry": {"type": "Point", "coordinates": [-39.00822400597626, -4.966989162853422]}}, {"type": "Feature", "properties": {"id": "1848", "name": "Ponto 1848"}, "geometry": {"type": "Point", "coordinates": [-39.00957697679415, -4.967265618491928]}}, {"type": "Feature", "properties": {"id": "1849", "name": "Ponto 1849"}, "geometry": {"type": "Point", "coordinates": [-39.00698955495565, -4.968763194507664]}}, {"type": "Feature", "properties": {"id": "1850", "name": "Ponto 1850"}, "geometry": {"type": "Point", "coordinates": [-39.02464469451049, -4.964990232357201]}}, {"type": "Feature", "properties": {"id": "1851", "name": "Ponto 1851"}, "geometry": {"type": "Point", "coordinates": [-39.01779901080367, -4.965153803522008]}}, {"type": "Feature", "properties": {"id": "1852", "name": "Ponto 1852"}, "geometry": {"type": "Point", "coordinates": [-39.02323738866279, -4.971804990358988]}}, {"type": "Feature", "properties": {"id": "1853", "name": "Ponto 1853"}, "geometry": {"type": "Point", "coordinates": [-39.01516841415483, -4.97344136168191]}}, {"type": "Feature", "properties": {"id": "1854", "name": "Ponto 1854"}, "geometry": {"type": "Point", "coordinates": [-39.01138625468859, -4.969250904407115]}}, {"type": "Feature", "properties": {"id": "1855", "name": "Ponto 1855"}, "geometry": {"type": "Point", "coordinates": [-39.02442299912546, -4.961074323674193]}}, {"type": "Feature", "properties": {"id": "1856", "name": "Ponto 1856"}, "geometry": {"type": "Point", "coordinates": [-39.0137059211569, -4.968360385455577]}}, {"type": "Feature", "properties": {"id": "1857", "name": "Ponto 1857"}, "geometry": {"type": "Point", "coordinates": [-39.029138993129315, -4.9628456827524445]}}, {"type": "Feature", "properties": {"id": "1858", "name": "Ponto 1858"}, "geometry": {"type": "Point", "coordinates": [-39.01355308702886, -4.964867269962264]}}, {"type": "Feature", "properties": {"id": "1859", "name": "Ponto 1859"}, "geometry": {"type": "Point", "coordinates": [-39.032127219419515, -4.96336881971636]}}, {"type": "Feature", "properties": {"id": "1860", "name": "Ponto 1860"}, "geometry": {"type": "Point", "coordinates": [-39.01961783944903, -4.9648504221623035]}}, {"type": "Feature", "properties": {"id": "1861", "name": "Ponto 1861"}, "geometry": {"type": "Point", "coordinates": [-39.021126884333164, -4.973864911504028]}}, {"type": "Feature", "properties": {"id": "1862", "name": "Ponto 1862"}, "geometry": {"type": "Point", "coordinates": [-39.01778948620131, -4.969095467840888]}}, {"type": "Feature", "properties": {"id": "1863", "name": "Ponto 1863"}, "geometry": {"type": "Point", "coordinates": [-39.00768444031849, -4.974296393506299]}}, {"type": "Feature", "properties": {"id": "1864", "name": "Ponto 1864"}, "geometry": {"type": "Point", "coordinates": [-39.00977902029298, -4.9618204545411855]}}, {"type": "Feature", "properties": {"id": "1865", "name": "Ponto 1865"}, "geometry": {"type": "Point", "coordinates": [-39.02465238283655, -4.963735792980494]}}, {"type": "Feature", "properties": {"id": "1866", "name": "Ponto 1866"}, "geometry": {"type": "Point", "coordinates": [-39.0194197131925, -4.966876074565405]}}, {"type": "Feature", "properties": {"id": "1867", "name": "Ponto 1867"}, "geometry": {"type": "Point", "coordinates": [-39.03037538855443, -4.971194549056905]}}, {"type": "Feature", "properties": {"id": "1868", "name": "Ponto 1868"}, "geometry": {"type": "Point", "coordinates": [-39.02600982948031, -4.967096880726886]}}, {"type": "Feature", "properties": {"id": "1869", "name": "Ponto 1869"}, "geometry": {"type": "Point", "coordinates": [-39.00714841084754, -4.969708428413597]}}, {"type": "Feature", "properties": {"id": "1870", "name": "Ponto 1870"}, "geometry": {"type": "Point", "coordinates": [-39.018352276649864, -4.969619381776278]}}, {"type": "Feature", "properties": {"id": "1871", "name": "Ponto 1871"}, "geometry": {"type": "Point", "coordinates": [-39.01342275971319, -4.963809039930621]}}, {"type": "Feature", "properties": {"id": "1872", "name": "Ponto 1872"}, "geometry": {"type": "Point", "coordinates": [-39.01827474769815, -4.961745170773812]}}, {"type": "Feature", "properties": {"id": "1873", "name": "Ponto 1873"}, "geometry": {"type": "Point", "coordinates": [-39.024745717141265, -4.961765196013455]}}, {"type": "Feature", "properties": {"id": "1874", "name": "Ponto 1874"}, "geometry": {"type": "Point", "coordinates": [-39.01789737846627, -4.962715137503078]}}, {"type": "Feature", "properties": {"id": "1875", "name": "Ponto 1875"}, "geometry": {"type": "Point", "coordinates": [-39.01272376644165, -4.9659386342027085]}}, {"type": "Feature", "properties": {"id": "1876", "name": "Ponto 1876"}, "geometry": {"type": "Point", "coordinates": [-39.01486449821213, -4.971453353103046]}}, {"type": "Feature", "properties": {"id": "1877", "name": "Ponto 1877"}, "geometry": {"type": "Point", "coordinates": [-39.02596466320937, -4.964657240614488]}}, {"type": "Feature", "properties": {"id": "1878", "name": "Ponto 1878"}, "geometry": {"type": "Point", "coordinates": [-39.020644788392076, -4.965785618252662]}}, {"type": "Feature", "properties": {"id": "1879", "name": "Ponto 1879"}, "geometry": {"type": "Point", "coordinates": [-39.01992094790549, -4.973110556824575]}}, {"type": "Feature", "properties": {"id": "1880", "name": "Ponto 1880"}, "geometry": {"type": "Point", "coordinates": [-39.0116409902409, -4.971059269105005]}}, {"type": "Feature", "properties": {"id": "1881", "name": "Ponto 1881"}, "geometry": {"type": "Point", "coordinates": [-39.01160960117374, -4.961426036553697]}}, {"type": "Feature", "properties": {"id": "1882", "name": "Ponto 1882"}, "geometry": {"type": "Point", "coordinates": [-39.02150395558216, -4.964380719017971]}}, {"type": "Feature", "properties": {"id": "1883", "name": "Ponto 1883"}, "geometry": {"type": "Point", "coordinates": [-39.03023617230879, -4.961511045523737]}}, {"type": "Feature", "properties": {"id": "1884", "name": "Ponto 1884"}, "geometry": {"type": "Point", "coordinates": [-39.02154087094816, -4.969952643255402]}}, {"type": "Feature", "properties": {"id": "1885", "name": "Ponto 1885"}, "geometry": {"type": "Point", "coordinates": [-39.01070513846204, -4.9687328121472625]}}, {"type": "Feature", "properties": {"id": "1886", "name": "Ponto 1886"}, "geometry": {"type": "Point", "coordinates": [-39.026183910170886, -4.961357547573069]}}, {"type": "Feature", "properties": {"id": "1887", "name": "Ponto 1887"}, "geometry": {"type": "Point", "coordinates": [-39.028187249764095, -4.972747200488871]}}, {"type": "Feature", "properties": {"id": "1888", "name": "Ponto 1888"}, "geometry": {"type": "Point", "coordinates": [-39.02554438349318, -4.962618506831823]}}, {"type": "Feature", "properties": {"id": "1889", "name": "Ponto 1889"}, "geometry": {"type": "Point", "coordinates": [-39.02622554066762, -4.973796600867993]}}, {"type": "Feature", "properties": {"id": "1890", "name": "Ponto 1890"}, "geometry": {"type": "Point", "coordinates": [-39.02690732680985, -4.968190076355878]}}, {"type": "Feature", "properties": {"id": "1891", "name": "Ponto 1891"}, "geometry": {"type": "Point", "coordinates": [-39.011672875315924, -4.96947452050803]}}, {"type": "Feature", "properties": {"id": "1892", "name": "Ponto 1892"}, "geometry": {"type": "Point", "coordinates": [-39.00772573789145, -4.964452186294788]}}, {"type": "Feature", "properties": {"id": "1893", "name": "Ponto 1893"}, "geometry": {"type": "Point", "coordinates": [-39.01156204268952, -4.9637216182030155]}}, {"type": "Feature", "properties": {"id": "1894", "name": "Ponto 1894"}, "geometry": {"type": "Point", "coordinates": [-39.0143951212438, -4.964797478680955]}}, {"type": "Feature", "properties": {"id": "1895", "name": "Ponto 1895"}, "geometry": {"type": "Point", "coordinates": [-39.01610635554299, -4.964774401201196]}}, {"type": "Feature", "properties": {"id": "1896", "name": "Ponto 1896"}, "geometry": {"type": "Point", "coordinates": [-39.031417167282754, -4.969356376601031]}}, {"type": "Feature", "properties": {"id": "1897", "name": "Ponto 1897"}, "geometry": {"type": "Point", "coordinates": [-39.02276052269404, -4.962317485604748]}}, {"type": "Feature", "properties": {"id": "1898", "name": "Ponto 1898"}, "geometry": {"type": "Point", "coordinates": [-39.01095129268702, -4.97356305330751]}}, {"type": "Feature", "properties": {"id": "1899", "name": "Ponto 1899"}, "geometry": {"type": "Point", "coordinates": [-39.02366834986281, -4.96387281148884]}}, {"type": "Feature", "properties": {"id": "1900", "name": "Ponto 1900"}, "geometry": {"type": "Point", "coordinates": [-39.022450794998704, -4.967932407097]}}, {"type": "Feature", "properties": {"id": "1901", "name": "Ponto 1901"}, "geometry": {"type": "Point", "coordinates": [-39.024962928552064, -4.967715729969013]}}, {"type": "Feature", "properties": {"id": "1902", "name": "Ponto 1902"}, "geometry": {"type": "Point", "coordinates": [-39.03037116932326, -4.973825710009628]}}, {"type": "Feature", "properties": {"id": "1903", "name": "Ponto 1903"}, "geometry": {"type": "Point", "coordinates": [-39.02920015590224, -4.9719778305609665]}}, {"type": "Feature", "properties": {"id": "1904", "name": "Ponto 1904"}, "geometry": {"type": "Point", "coordinates": [-39.007358503366724, -4.973155743238262]}}, {"type": "Feature", "properties": {"id": "1905", "name": "Ponto 1905"}, "geometry": {"type": "Point", "coordinates": [-39.03219956073755, -4.970506290639471]}}, {"type": "Feature", "properties": {"id": "1906", "name": "Ponto 1906"}, "geometry": {"type": "Point", "coordinates": [-39.02892820700113, -4.9634464655263555]}}, {"type": "Feature", "properties": {"id": "1907", "name": "Ponto 1907"}, "geometry": {"type": "Point", "coordinates": [-39.019020208232924, -4.973453610700882]}}, {"type": "Feature", "properties": {"id": "1908", "name": "Ponto 1908"}, "geometry": {"type": "Point", "coordinates": [-39.0238818252122, -4.964196417988044]}}, {"type": "Feature", "properties": {"id": "1909", "name": "Ponto 1909"}, "geometry": {"type": "Point", "coordinates": [-39.02884847324955, -4.971551857140977]}}, {"type": "Feature", "properties": {"id": "1910", "name": "Ponto 1910"}, "geometry": {"type": "Point", "coordinates": [-39.02179608469562, -4.961565951025877]}}, {"type": "Feature", "properties": {"id": "1911", "name": "Ponto 1911"}, "geometry": {"type": "Point", "coordinates": [-39.032338311084494, -4.971425019524148]}}, {"type": "Feature", "properties": {"id": "1912", "name": "Ponto 1912"}, "geometry": {"type": "Point", "coordinates": [-39.02885179573195, -4.971215106383109]}}, {"type": "Feature", "properties": {"id": "1913", "name": "Ponto 1913"}, "geometry": {"type": "Point", "coordinates": [-39.013044703891524, -4.966078442209831]}}, {"type": "Feature", "properties": {"id": "1914", "name": "Ponto 1914"}, "geometry": {"type": "Point", "coordinates": [-39.02562474554974, -4.9677967653460975]}}, {"type": "Feature", "properties": {"id": "1915", "name": "Ponto 1915"}, "geometry": {"type": "Point", "coordinates": [-39.015198658786694, -4.969862276862568]}}, {"type": "Feature", "properties": {"id": "1916", "name": "Ponto 1916"}, "geometry": {"type": "Point", "coordinates": [-39.022821960384064, -4.973615017988435]}}, {"type": "Feature", "properties": {"id": "1917", "name": "Ponto 1917"}, "geometry": {"type": "Point", "coordinates": [-39.031549055435825, -4.965196016848026]}}, {"type": "Feature", "properties": {"id": "1918", "name": "Ponto 1918"}, "geometry": {"type": "Point", "coordinates": [-39.02779025418446, -4.967786920967768]}}, {"type": "Feature", "properties": {"id": "1919", "name": "Ponto 1919"}, "geometry": {"type": "Point", "coordinates": [-39.02434337226977, -4.966820430920076]}}, {"type": "Feature", "properties": {"id": "1920", "name": "Ponto 1920"}, "geometry": {"type": "Point", "coordinates": [-39.00955298107981, -4.971374862212435]}}, {"type": "Feature", "properties": {"id": "1921", "name": "Ponto 1921"}, "geometry": {"type": "Point", "coordinates": [-39.031365886995445, -4.963992013698929]}}, {"type": "Feature", "properties": {"id": "1922", "name": "Ponto 1922"}, "geometry": {"type": "Point", "coordinates": [-39.01879677904655, -4.973757324947838]}}, {"type": "Feature", "properties": {"id": "1923", "name": "Ponto 1923"}, "geometry": {"type": "Point", "coordinates": [-39.021518712699496, -4.962931043273468]}}, {"type": "Feature", "properties": {"id": "1924", "name": "Ponto 1924"}, "geometry": {"type": "Point", "coordinates": [-39.03156948051635, -4.964250273923111]}}, {"type": "Feature", "properties": {"id": "1925", "name": "Ponto 1925"}, "geometry": {"type": "Point", "coordinates": [-39.030107047432125, -4.966721751354679]}}, {"type": "Feature", "properties": {"id": "1926", "name": "Ponto 1926"}, "geometry": {"type": "Point", "coordinates": [-39.01619740721506, -4.970564714886634]}}, {"type": "Feature", "properties": {"id": "1927", "name": "Ponto 1927"}, "geometry": {"type": "Point", "coordinates": [-39.02964983943715, -4.971317071821482]}}, {"type": "Feature", "properties": {"id": "1928", "name": "Ponto 1928"}, "geometry": {"type": "Point", "coordinates": [-39.02489477668289, -4.966184820650157]}}, {"type": "Feature", "properties": {"id": "1929", "name": "Ponto 1929"}, "geometry": {"type": "Point", "coordinates": [-39.03008629390657, -4.967845818197654]}}, {"type": "Feature", "properties": {"id": "1930", "name": "Ponto 1930"}, "geometry": {"type": "Point", "coordinates": [-39.018548388447265, -4.962426642289735]}}, {"type": "Feature", "properties": {"id": "1931", "name": "Ponto 1931"}, "geometry": {"type": "Point", "coordinates": [-39.030447974670984, -4.972579563464606]}}, {"type": "Feature", "properties": {"id": "1932", "name": "Ponto 1932"}, "geometry": {"type": "Point", "coordinates": [-39.029194338974854, -4.962323913164385]}}, {"type": "Feature", "properties": {"id": "1933", "name": "Ponto 1933"}, "geometry": {"type": "Point", "coordinates": [-39.02580009958345, -4.9673681661652145]}}, {"type": "Feature", "properties": {"id": "1934", "name": "Ponto 1934"}, "geometry": {"type": "Point", "coordinates": [-39.02019569658813, -4.9615351567023716]}}, {"type": "Feature", "properties": {"id": "1935", "name": "Ponto 1935"}, "geometry": {"type": "Point", "coordinates": [-39.01852907446732, -4.966452557324097]}}, {"type": "Feature", "properties": {"id": "1936", "name": "Ponto 1936"}, "geometry": {"type": "Point", "coordinates": [-39.00963731516291, -4.962007127916681]}}, {"type": "Feature", "properties": {"id": "1937", "name": "Ponto 1937"}, "geometry": {"type": "Point", "coordinates": [-39.013304807882776, -4.972951906937359]}}, {"type": "Feature", "properties": {"id": "1938", "name": "Ponto 1938"}, "geometry": {"type": "Point", "coordinates": [-39.00998756273175, -4.973796270635659]}}, {"type": "Feature", "properties": {"id": "1939", "name": "Ponto 1939"}, "geometry": {"type": "Point", "coordinates": [-39.010890084567116, -4.966641269656537]}}, {"type": "Feature", "properties": {"id": "1940", "name": "Ponto 1940"}, "geometry": {"type": "Point", "coordinates": [-39.01705216816871, -4.971500834198891]}}, {"type": "Feature", "properties": {"id": "1941", "name": "Ponto 1941"}, "geometry": {"type": "Point", "coordinates": [-39.01884950132315, -4.972507036501984]}}, {"type": "Feature", "properties": {"id": "1942", "name": "Ponto 1942"}, "geometry": {"type": "Point", "coordinates": [-39.00944250841985, -4.964930224736653]}}, {"type": "Feature", "properties": {"id": "1943", "name": "Ponto 1943"}, "geometry": {"type": "Point", "coordinates": [-39.017707892072835, -4.96479211869761]}}, {"type": "Feature", "properties": {"id": "1944", "name": "Ponto 1944"}, "geometry": {"type": "Point", "coordinates": [-39.02506437667874, -4.973650698471534]}}, {"type": "Feature", "properties": {"id": "1945", "name": "Ponto 1945"}, "geometry": {"type": "Point", "coordinates": [-39.026487093246566, -4.9610747111025715]}}, {"type": "Feature", "properties": {"id": "1946", "name": "Ponto 1946"}, "geometry": {"type": "Point", "coordinates": [-39.01709415819523, -4.966094199425235]}}, {"type": "Feature", "properties": {"id": "1947", "name": "Ponto 1947"}, "geometry": {"type": "Point", "coordinates": [-39.02809578007949, -4.966241124909426]}}, {"type": "Feature", "properties": {"id": "1948", "name": "Ponto 1948"}, "geometry": {"type": "Point", "coordinates": [-39.03042378469454, -4.973462943704596]}}, {"type": "Feature", "properties": {"id": "1949", "name": "Ponto 1949"}, "geometry": {"type": "Point", "coordinates": [-39.02973827082034, -4.964520843391679]}}, {"type": "Feature", "properties": {"id": "1950", "name": "Ponto 1950"}, "geometry": {"type": "Point", "coordinates": [-39.02798417136682, -4.963090474117451]}}, {"type": "Feature", "properties": {"id": "1951", "name": "Ponto 1951"}, "geometry": {"type": "Point", "coordinates": [-39.01762422089771, -4.962530865105016]}}, {"type": "Feature", "properties": {"id": "1952", "name": "Ponto 1952"}, "geometry": {"type": "Point", "coordinates": [-39.01304408036052, -4.967775211489431]}}, {"type": "Feature", "properties": {"id": "1953", "name": "Ponto 1953"}, "geometry": {"type": "Point", "coordinates": [-39.026526421901636, -4.964619979630515]}}, {"type": "Feature", "properties": {"id": "1954", "name": "Ponto 1954"}, "geometry": {"type": "Point", "coordinates": [-39.02022037946951, -4.96782552619339]}}, {"type": "Feature", "properties": {"id": "1955", "name": "Ponto 1955"}, "geometry": {"type": "Point", "coordinates": [-39.02396422503901, -4.970039118062558]}}, {"type": "Feature", "properties": {"id": "1956", "name": "Ponto 1956"}, "geometry": {"type": "Point", "coordinates": [-39.02280361569458, -4.9632228693753095]}}, {"type": "Feature", "properties": {"id": "1957", "name": "Ponto 1957"}, "geometry": {"type": "Point", "coordinates": [-39.01229974294105, -4.962672139180899]}}, {"type": "Feature", "properties": {"id": "1958", "name": "Ponto 1958"}, "geometry": {"type": "Point", "coordinates": [-39.028567723820885, -4.971586127675616]}}, {"type": "Feature", "properties": {"id": "1959", "name": "Ponto 1959"}, "geometry": {"type": "Point", "coordinates": [-39.00826149369058, -4.969686011692775]}}, {"type": "Feature", "properties": {"id": "1960", "name": "Ponto 1960"}, "geometry": {"type": "Point", "coordinates": [-39.03236979815291, -4.972703150394425]}}, {"type": "Feature", "properties": {"id": "1961", "name": "Ponto 1961"}, "geometry": {"type": "Point", "coordinates": [-39.01194244546087, -4.9705668508570655]}}, {"type": "Feature", "properties": {"id": "1962", "name": "Ponto 1962"}, "geometry": {"type": "Point", "coordinates": [-39.02627773738894, -4.963831235173755]}}, {"type": "Feature", "properties": {"id": "1963", "name": "Ponto 1963"}, "geometry": {"type": "Point", "coordinates": [-39.01381856575865, -4.96695778977579]}}, {"type": "Feature", "properties": {"id": "1964", "name": "Ponto 1964"}, "geometry": {"type": "Point", "coordinates": [-39.00949931156085, -4.968317367907676]}}, {"type": "Feature", "properties": {"id": "1965", "name": "Ponto 1965"}, "geometry": {"type": "Point", "coordinates": [-39.02197107570932, -4.97329131073923]}}, {"type": "Feature", "properties": {"id": "1966", "name": "Ponto 1966"}, "geometry": {"type": "Point", "coordinates": [-39.0319369857599, -4.967262339688803]}}, {"type": "Feature", "properties": {"id": "1967", "name": "Ponto 1967"}, "geometry": {"type": "Point", "coordinates": [-39.01016057195533, -4.967201774395889]}}, {"type": "Feature", "properties": {"id": "1968", "name": "Ponto 1968"}, "geometry": {"type": "Point", "coordinates": [-39.022363103526914, -4.96809584425093]}}, {"type": "Feature", "properties": {"id": "1969", "name": "Ponto 1969"}, "geometry": {"type": "Point", "coordinates": [-39.01905593113131, -4.96929859406686]}}, {"type": "Feature", "properties": {"id": "1970", "name": "Ponto 1970"}, "geometry": {"type": "Point", "coordinates": [-39.008958811371286, -4.971882378948339]}}, {"type": "Feature", "properties": {"id": "1971", "name": "Ponto 1971"}, "geometry": {"type": "Point", "coordinates": [-39.017008965405466, -4.9728236360362645]}}, {"type": "Feature", "properties": {"id": "1972", "name": "Ponto 1972"}, "geometry": {"type": "Point", "coordinates": [-39.029233153487475, -4.970236654469543]}}, {"type": "Feature", "properties": {"id": "1973", "name": "Ponto 1973"}, "geometry": {"type": "Point", "coordinates": [-39.00854937426453, -4.974309644412098]}}, {"type": "Feature", "properties": {"id": "1974", "name": "Ponto 1974"}, "geometry": {"type": "Point", "coordinates": [-39.0112492686344, -4.9646857308350265]}}, {"type": "Feature", "properties": {"id": "1975", "name": "Ponto 1975"}, "geometry": {"type": "Point", "coordinates": [-39.029505077571386, -4.972649995436019]}}, {"type": "Feature", "properties": {"id": "1976", "name": "Ponto 1976"}, "geometry": {"type": "Point", "coordinates": [-39.020877233658126, -4.967036074371677]}}, {"type": "Feature", "properties": {"id": "1977", "name": "Ponto 1977"}, "geometry": {"type": "Point", "coordinates": [-39.00702814392259, -4.972156666967525]}}, {"type": "Feature", "properties": {"id": "1978", "name": "Ponto 1978"}, "geometry": {"type": "Point", "coordinates": [-39.03245520843352, -4.961194237812592]}}, {"type": "Feature", "properties": {"id": "1979", "name": "Ponto 1979"}, "geometry": {"type": "Point", "coordinates": [-39.01875566155461, -4.967556998010448]}}, {"type": "Feature", "properties": {"id": "1980", "name": "Ponto 1980"}, "geometry": {"type": "Point", "coordinates": [-39.018227746217704, -4.968593059253797]}}, {"type": "Feature", "properties": {"id": "1981", "name": "Ponto 1981"}, "geometry": {"type": "Point", "coordinates": [-39.01471002855592, -4.961691919441843]}}, {"type": "Feature", "properties": {"id": "1982", "name": "Ponto 1982"}, "geometry": {"type": "Point", "coordinates": [-39.008976656827414, -4.966334449504842]}}, {"type": "Feature", "properties": {"id": "1983", "name": "Ponto 1983"}, "geometry": {"type": "Point", "coordinates": [-39.016647013115, -4.960970009788856]}}, {"type": "Feature", "properties": {"id": "1984", "name": "Ponto 1984"}, "geometry": {"type": "Point", "coordinates": [-39.01699599392954, -4.963253255642579]}}, {"type": "Feature", "properties": {"id": "1985", "name": "Ponto 1985"}, "geometry": {"type": "Point", "coordinates": [-39.02638277293783, -4.9647848337284195]}}, {"type": "Feature", "properties": {"id": "1986", "name": "Ponto 1986"}, "geometry": {"type": "Point", "coordinates": [-39.03179251419144, -4.962922436350969]}}, {"type": "Feature", "properties": {"id": "1987", "name": "Ponto 1987"}, "geometry": {"type": "Point", "coordinates": [-39.02099223622703, -4.973980564705336]}}, {"type": "Feature", "properties": {"id": "1988", "name": "Ponto 1988"}, "geometry": {"type": "Point", "coordinates": [-39.020098290421906, -4.9624528409129685]}}, {"type": "Feature", "properties": {"id": "1989", "name": "Ponto 1989"}, "geometry": {"type": "Point", "coordinates": [-39.02996647167172, -4.964290308365635]}}, {"type": "Feature", "properties": {"id": "1990", "name": "Ponto 1990"}, "geometry": {"type": "Point", "coordinates": [-39.027680514691106, -4.964341612868077]}}, {"type": "Feature", "properties": {"id": "1991", "name": "Ponto 1991"}, "geometry": {"type": "Point", "coordinates": [-39.031587732417826, -4.961879679659797]}}, {"type": "Feature", "properties": {"id": "1992", "name": "Ponto 1992"}, "geometry": {"type": "Point", "coordinates": [-39.00806282276479, -4.9690399604299715]}}, {"type": "Feature", "properties": {"id": "1993", "name": "Ponto 1993"}, "geometry": {"type": "Point", "coordinates": [-39.0207389201983, -4.963731253660362]}}, {"type": "Feature", "properties": {"id": "1994", "name": "Ponto 1994"}, "geometry": {"type": "Point", "coordinates": [-39.03203103915601, -4.973057617485131]}}, {"type": "Feature", "properties": {"id": "1995", "name": "Ponto 1995"}, "geometry": {"type": "Point", "coordinates": [-39.00858358941402, -4.971391961077879]}}, {"type": "Feature", "properties": {"id": "1996", "name": "Ponto 1996"}, "geometry": {"type": "Point", "coordinates": [-39.022064935814775, -4.961881621986794]}}, {"type": "Feature", "properties": {"id": "1997", "name": "Ponto 1997"}, "geometry": {"type": "Point", "coordinates": [-39.01560856907317, -4.963662305650361]}}, {"type": "Feature", "properties": {"id": "1998", "name": "Ponto 1998"}, "geometry": {"type": "Point", "coordinates": [-39.011987244653696, -4.964501837328166]}}, {"type": "Feature", "properties": {"id": "1999", "name": "Ponto 1999"}, "geometry": {"type": "Point", "coordinates": [-39.01943951251936, -4.966666754970905]}}, {"type": "Feature", "properties": {"id": "2000", "name": "Ponto 2000"}, "geometry": {"type": "Point", "coordinates": [-39.0094536302931, -4.97163332027526]}}, {"type": "Feature", "properties": {"id": "2001", "name": "Ponto 2001"}, "geometry": {"type": "Point", "coordinates": [-39.0307888435652, -4.965573102156764]}}, {"type": "Feature", "properties": {"id": "2002", "name": "Ponto 2002"}, "geometry": {"type": "Point", "coordinates": [-39.01063515399804, -4.964341401621963]}}, {"type": "Feature", "properties": {"id": "2003", "name": "Ponto 2003"}, "geometry": {"type": "Point", "coordinates": [-39.02621298469695, -4.964904944860183]}}, {"type": "Feature", "properties": {"id": "2004", "name": "Ponto 2004"}, "geometry": {"type": "Point", "coordinates": [-39.01053131325216, -4.969101381051649]}}, {"type": "Feature", "properties": {"id": "2005", "name": "Ponto 2005"}, "geometry": {"type": "Point", "coordinates": [-39.02555309371408, -4.97318627872938]}}, {"type": "Feature", "properties": {"id": "2006", "name": "Ponto 2006"}, "geometry": {"type": "Point", "coordinates": [-39.03126965451607, -4.967959821659866]}}, {"type": "Feature", "properties": {"id": "2007", "name": "Ponto 2007"}, "geometry": {"type": "Point", "coordinates": [-39.01627415037987, -4.962101503422747]}}, {"type": "Feature", "properties": {"id": "2008", "name": "Ponto 2008"}, "geometry": {"type": "Point", "coordinates": [-39.014032888636805, -4.967834441126792]}}, {"type": "Feature", "properties": {"id": "2009", "name": "Ponto 2009"}, "geometry": {"type": "Point", "coordinates": [-39.01920040152729, -4.96444580929376]}}, {"type": "Feature", "properties": {"id": "2010", "name": "Ponto 2010"}, "geometry": {"type": "Point", "coordinates": [-39.00895483756351, -4.966059972909419]}}, {"type": "Feature", "properties": {"id": "2011", "name": "Ponto 2011"}, "geometry": {"type": "Point", "coordinates": [-39.02303145600175, -4.962720555245983]}}, {"type": "Feature", "properties": {"id": "2012", "name": "Ponto 2012"}, "geometry": {"type": "Point", "coordinates": [-39.01864364345221, -4.961438305384123]}}, {"type": "Feature", "properties": {"id": "2013", "name": "Ponto 2013"}, "geometry": {"type": "Point", "coordinates": [-39.02331467452143, -4.97012782415347]}}, {"type": "Feature", "properties": {"id": "2014", "name": "Ponto 2014"}, "geometry": {"type": "Point", "coordinates": [-39.00856010251722, -4.965538818711696]}}, {"type": "Feature", "properties": {"id": "2015", "name": "Ponto 2015"}, "geometry": {"type": "Point", "coordinates": [-39.02331004352865, -4.973931490933764]}}, {"type": "Feature", "properties": {"id": "2016", "name": "Ponto 2016"}, "geometry": {"type": "Point", "coordinates": [-39.02050209012868, -4.965169522686565]}}, {"type": "Feature", "properties": {"id": "2017", "name": "Ponto 2017"}, "geometry": {"type": "Point", "coordinates": [-39.03043492529652, -4.9654291585844454]}}, {"type": "Feature", "properties": {"id": "2018", "name": "Ponto 2018"}, "geometry": {"type": "Point", "coordinates": [-39.02159405428394, -4.966087183011899]}}, {"type": "Feature", "properties": {"id": "2019", "name": "Ponto 2019"}, "geometry": {"type": "Point", "coordinates": [-39.02529769157889, -4.971818415543435]}}, {"type": "Feature", "properties": {"id": "2020", "name": "Ponto 2020"}, "geometry": {"type": "Point", "coordinates": [-39.01998365180141, -4.96547453723927]}}, {"type": "Feature", "properties": {"id": "2021", "name": "Ponto 2021"}, "geometry": {"type": "Point", "coordinates": [-39.0261347974142, -4.970121488002935]}}, {"type": "Feature", "properties": {"id": "2022", "name": "Ponto 2022"}, "geometry": {"type": "Point", "coordinates": [-39.0210969343594, -4.969094713603118]}}, {"type": "Feature", "properties": {"id": "2023", "name": "Ponto 2023"}, "geometry": {"type": "Point", "coordinates": [-39.012385321493, -4.969858526539335]}}, {"type": "Feature", "properties": {"id": "2024", "name": "Ponto 2024"}, "geometry": {"type": "Point", "coordinates": [-39.02345365888539, -4.965210307500923]}}, {"type": "Feature", "properties": {"id": "2025", "name": "Ponto 2025"}, "geometry": {"type": "Point", "coordinates": [-39.01075140402891, -4.967186736992318]}}, {"type": "Feature", "properties": {"id": "2026", "name": "Ponto 2026"}, "geometry": {"type": "Point", "coordinates": [-39.010349160190486, -4.962327435801269]}}, {"type": "Feature", "properties": {"id": "2027", "name": "Ponto 2027"}, "geometry": {"type": "Point", "coordinates": [-39.01434543657449, -4.971253325678725]}}, {"type": "Feature", "properties": {"id": "2028", "name": "Ponto 2028"}, "geometry": {"type": "Point", "coordinates": [-39.02449456715514, -4.963355976606686]}}, {"type": "Feature", "properties": {"id": "2029", "name": "Ponto 2029"}, "geometry": {"type": "Point", "coordinates": [-39.0211189351372, -4.9721965685271075]}}, {"type": "Feature", "properties": {"id": "2030", "name": "Ponto 2030"}, "geometry": {"type": "Point", "coordinates": [-39.01269492785079, -4.962617858737836]}}, {"type": "Feature", "properties": {"id": "2031", "name": "Ponto 2031"}, "geometry": {"type": "Point", "coordinates": [-39.028468772428, -4.9690718625999795]}}, {"type": "Feature", "properties": {"id": "2032", "name": "Ponto 2032"}, "geometry": {"type": "Point", "coordinates": [-39.01459784454602, -4.963622672967354]}}, {"type": "Feature", "properties": {"id": "2033", "name": "Ponto 2033"}, "geometry": {"type": "Point", "coordinates": [-39.022742865358005, -4.967316851632643]}}, {"type": "Feature", "properties": {"id": "2034", "name": "Ponto 2034"}, "geometry": {"type": "Point", "coordinates": [-39.030571164416465, -4.971364925640215]}}, {"type": "Feature", "properties": {"id": "2035", "name": "Ponto 2035"}, "geometry": {"type": "Point", "coordinates": [-39.01932740466686, -4.9631575584805985]}}, {"type": "Feature", "properties": {"id": "2036", "name": "Ponto 2036"}, "geometry": {"type": "Point", "coordinates": [-39.01743768949229, -4.967290567183966]}}, {"type": "Feature", "properties": {"id": "2037", "name": "Ponto 2037"}, "geometry": {"type": "Point", "coordinates": [-39.01577284345711, -4.974062576668919]}}, {"type": "Feature", "properties": {"id": "2038", "name": "Ponto 2038"}, "geometry": {"type": "Point", "coordinates": [-39.00806657242087, -4.963117284704679]}}, {"type": "Feature", "properties": {"id": "2039", "name": "Ponto 2039"}, "geometry": {"type": "Point", "coordinates": [-39.0082726192245, -4.970659734751215]}}, {"type": "Feature", "properties": {"id": "2040", "name": "Ponto 2040"}, "geometry": {"type": "Point", "coordinates": [-39.01428313284833, -4.971753812840049]}}, {"type": "Feature", "properties": {"id": "2041", "name": "Ponto 2041"}, "geometry": {"type": "Point", "coordinates": [-39.03102412320618, -4.964647600708443]}}, {"type": "Feature", "properties": {"id": "2042", "name": "Ponto 2042"}, "geometry": {"type": "Point", "coordinates": [-39.0315540143953, -4.971156767002829]}}, {"type": "Feature", "properties": {"id": "2043", "name": "Ponto 2043"}, "geometry": {"type": "Point", "coordinates": [-39.02234473585642, -4.971777170261496]}}, {"type": "Feature", "properties": {"id": "2044", "name": "Ponto 2044"}, "geometry": {"type": "Point", "coordinates": [-39.025107310961964, -4.97000110815472]}}, {"type": "Feature", "properties": {"id": "2045", "name": "Ponto 2045"}, "geometry": {"type": "Point", "coordinates": [-39.03193099421599, -4.971434214422277]}}, {"type": "Feature", "properties": {"id": "2046", "name": "Ponto 2046"}, "geometry": {"type": "Point", "coordinates": [-39.027853140199674, -4.966148951394019]}}, {"type": "Feature", "properties": {"id": "2047", "name": "Ponto 2047"}, "geometry": {"type": "Point", "coordinates": [-39.013169251993155, -4.961008326208183]}}, {"type": "Feature", "properties": {"id": "2048", "name": "Ponto 2048"}, "geometry": {"type": "Point", "coordinates": [-39.02245685118591, -4.971440442689465]}}, {"type": "Feature", "properties": {"id": "2049", "name": "Ponto 2049"}, "geometry": {"type": "Point", "coordinates": [-39.031502974027774, -4.962585862047361]}}, {"type": "Feature", "properties": {"id": "2050", "name": "Ponto 2050"}, "geometry": {"type": "Point", "coordinates": [-39.01079983223238, -4.969683971439561]}}, {"type": "Feature", "properties": {"id": "2051", "name": "Ponto 2051"}, "geometry": {"type": "Point", "coordinates": [-39.01063437396065, -4.965653293616663]}}, {"type": "Feature", "properties": {"id": "2052", "name": "Ponto 2052"}, "geometry": {"type": "Point", "coordinates": [-39.02431753252837, -4.973261131086697]}}, {"type": "Feature", "properties": {"id": "2053", "name": "Ponto 2053"}, "geometry": {"type": "Point", "coordinates": [-39.01252900728959, -4.974023268214558]}}, {"type": "Feature", "properties": {"id": "2054", "name": "Ponto 2054"}, "geometry": {"type": "Point", "coordinates": [-39.01476480193487, -4.970564399540501]}}, {"type": "Feature", "properties": {"id": "2055", "name": "Ponto 2055"}, "geometry": {"type": "Point", "coordinates": [-39.02184756054842, -4.964233226178139]}}, {"type": "Feature", "properties": {"id": "2056", "name": "Ponto 2056"}, "geometry": {"type": "Point", "coordinates": [-39.00756971565194, -4.967520742985732]}}, {"type": "Feature", "properties": {"id": "2057", "name": "Ponto 2057"}, "geometry": {"type": "Point", "coordinates": [-39.03002793299698, -4.9649646772201645]}}, {"type": "Feature", "properties": {"id": "2058", "name": "Ponto 2058"}, "geometry": {"type": "Point", "coordinates": [-39.01158079036542, -4.972679215610048]}}, {"type": "Feature", "properties": {"id": "2059", "name": "Ponto 2059"}, "geometry": {"type": "Point", "coordinates": [-39.00979837702938, -4.967849028281581]}}, {"type": "Feature", "properties": {"id": "2060", "name": "Ponto 2060"}, "geometry": {"type": "Point", "coordinates": [-39.00781828496903, -4.962273376010824]}}, {"type": "Feature", "properties": {"id": "2061", "name": "Ponto 2061"}, "geometry": {"type": "Point", "coordinates": [-39.0158468473162, -4.972665901430909]}}, {"type": "Feature", "properties": {"id": "2062", "name": "Ponto 2062"}, "geometry": {"type": "Point", "coordinates": [-39.00742544565922, -4.9632918810156275]}}, {"type": "Feature", "properties": {"id": "2063", "name": "Ponto 2063"}, "geometry": {"type": "Point", "coordinates": [-39.01240930391442, -4.96629499844377]}}, {"type": "Feature", "properties": {"id": "2064", "name": "Ponto 2064"}, "geometry": {"type": "Point", "coordinates": [-39.016939812400544, -4.96667068034023]}}, {"type": "Feature", "properties": {"id": "2065", "name": "Ponto 2065"}, "geometry": {"type": "Point", "coordinates": [-39.014024089611645, -4.967314869846967]}}, {"type": "Feature", "properties": {"id": "2066", "name": "Ponto 2066"}, "geometry": {"type": "Point", "coordinates": [-39.014807716916586, -4.9629576342549635]}}, {"type": "Feature", "properties": {"id": "2067", "name": "Ponto 2067"}, "geometry": {"type": "Point", "coordinates": [-39.027547730254966, -4.965040856460988]}}, {"type": "Feature", "properties": {"id": "2068", "name": "Ponto 2068"}, "geometry": {"type": "Point", "coordinates": [-39.0270171776194, -4.964535586657863]}}, {"type": "Feature", "properties": {"id": "2069", "name": "Ponto 2069"}, "geometry": {"type": "Point", "coordinates": [-39.010013465558096, -4.963813347195652]}}, {"type": "Feature", "properties": {"id": "2070", "name": "Ponto 2070"}, "geometry": {"type": "Point", "coordinates": [-39.02279512241583, -4.9636925803734915]}}, {"type": "Feature", "properties": {"id": "2071", "name": "Ponto 2071"}, "geometry": {"type": "Point", "coordinates": [-39.00744657703491, -4.9726195112660205]}}, {"type": "Feature", "properties": {"id": "2072", "name": "Ponto 2072"}, "geometry": {"type": "Point", "coordinates": [-39.015867730148415, -4.970278464699559]}}, {"type": "Feature", "properties": {"id": "2073", "name": "Ponto 2073"}, "geometry": {"type": "Point", "coordinates": [-39.023406791535656, -4.970514065311746]}}, {"type": "Feature", "properties": {"id": "2074", "name": "Ponto 2074"}, "geometry": {"type": "Point", "coordinates": [-39.008913358093366, -4.96132591682794]}}, {"type": "Feature", "properties": {"id": "2075", "name": "Ponto 2075"}, "geometry": {"type": "Point", "coordinates": [-39.016961996899006, -4.96703683935849]}}, {"type": "Feature", "properties": {"id": "2076", "name": "Ponto 2076"}, "geometry": {"type": "Point", "coordinates": [-39.021924770237334, -4.96667779309395]}}, {"type": "Feature", "properties": {"id": "2077", "name": "Ponto 2077"}, "geometry": {"type": "Point", "coordinates": [-39.02524671689996, -4.970430790767158]}}, {"type": "Feature", "properties": {"id": "2078", "name": "Ponto 2078"}, "geometry": {"type": "Point", "coordinates": [-39.014973202076845, -4.9611925596021225]}}, {"type": "Feature", "properties": {"id": "2079", "name": "Ponto 2079"}, "geometry": {"type": "Point", "coordinates": [-39.032300757666775, -4.961704642425858]}}, {"type": "Feature", "properties": {"id": "2080", "name": "Ponto 2080"}, "geometry": {"type": "Point", "coordinates": [-39.02892102666881, -4.961636590686293]}}, {"type": "Feature", "properties": {"id": "2081", "name": "Ponto 2081"}, "geometry": {"type": "Point", "coordinates": [-39.01836739908132, -4.96554269512176]}}, {"type": "Feature", "properties": {"id": "2082", "name": "Ponto 2082"}, "geometry": {"type": "Point", "coordinates": [-39.03049780732448, -4.970832566586142]}}, {"type": "Feature", "properties": {"id": "2083", "name": "Ponto 2083"}, "geometry": {"type": "Point", "coordinates": [-39.02080816690483, -4.960985484893766]}}, {"type": "Feature", "properties": {"id": "2084", "name": "Ponto 2084"}, "geometry": {"type": "Point", "coordinates": [-39.031450157309955, -4.972593527396303]}}, {"type": "Feature", "properties": {"id": "2085", "name": "Ponto 2085"}, "geometry": {"type": "Point", "coordinates": [-39.011663988945855, -4.970646181465265]}}, {"type": "Feature", "properties": {"id": "2086", "name": "Ponto 2086"}, "geometry": {"type": "Point", "coordinates": [-39.01726296060223, -4.973622381174391]}}, {"type": "Feature", "properties": {"id": "2087", "name": "Ponto 2087"}, "geometry": {"type": "Point", "coordinates": [-39.03017244541018, -4.970016654600295]}}, {"type": "Feature", "properties": {"id": "2088", "name": "Ponto 2088"}, "geometry": {"type": "Point", "coordinates": [-39.01073352875511, -4.9735813352505245]}}, {"type": "Feature", "properties": {"id": "2089", "name": "Ponto 2089"}, "geometry": {"type": "Point", "coordinates": [-39.01918924124364, -4.965826914282965]}}, {"type": "Feature", "properties": {"id": "2090", "name": "Ponto 2090"}, "geometry": {"type": "Point", "coordinates": [-39.032247985061026, -4.965920364827138]}}, {"type": "Feature", "properties": {"id": "2091", "name": "Ponto 2091"}, "geometry": {"type": "Point", "coordinates": [-39.018216278109925, -4.970618298288005]}}, {"type": "Feature", "properties": {"id": "2092", "name": "Ponto 2092"}, "geometry": {"type": "Point", "coordinates": [-39.02790220154031, -4.965879003125463]}}, {"type": "Feature", "properties": {"id": "2093", "name": "Ponto 2093"}, "geometry": {"type": "Point", "coordinates": [-39.023582799992035, -4.967846618508311]}}, {"type": "Feature", "properties": {"id": "2094", "name": "Ponto 2094"}, "geometry": {"type": "Point", "coordinates": [-39.02538250371913, -4.961071913919477]}}, {"type": "Feature", "properties": {"id": "2095", "name": "Ponto 2095"}, "geometry": {"type": "Point", "coordinates": [-39.031166336336284, -4.968476856157577]}}, {"type": "Feature", "properties": {"id": "2096", "name": "Ponto 2096"}, "geometry": {"type": "Point", "coordinates": [-39.030874564237905, -4.972672075367171]}}, {"type": "Feature", "properties": {"id": "2097", "name": "Ponto 2097"}, "geometry": {"type": "Point", "coordinates": [-39.00864886370519, -4.96546791736379]}}, {"type": "Feature", "properties": {"id": "2098", "name": "Ponto 2098"}, "geometry": {"type": "Point", "coordinates": [-39.00919875758291, -4.961310037621001]}}, {"type": "Feature", "properties": {"id": "2099", "name": "Ponto 2099"}, "geometry": {"type": "Point", "coordinates": [-39.00790518403961, -4.968038204676413]}}, {"type": "Feature", "properties": {"id": "2100", "name": "Ponto 2100"}, "geometry": {"type": "Point", "coordinates": [-39.025279404359054, -4.967913793068774]}}, {"type": "Feature", "properties": {"id": "2101", "name": "Ponto 2101"}, "geometry": {"type": "Point", "coordinates": [-39.01625432940704, -4.97240172956638]}}, {"type": "Feature", "properties": {"id": "2102", "name": "Ponto 2102"}, "geometry": {"type": "Point", "coordinates": [-39.012363256785896, -4.965170086804042]}}, {"type": "Feature", "properties": {"id": "2103", "name": "Ponto 2103"}, "geometry": {"type": "Point", "coordinates": [-39.02242862702031, -4.970771671952995]}}, {"type": "Feature", "properties": {"id": "2104", "name": "Ponto 2104"}, "geometry": {"type": "Point", "coordinates": [-39.02335917273909, -4.964122129620669]}}, {"type": "Feature", "properties": {"id": "2105", "name": "Ponto 2105"}, "geometry": {"type": "Point", "coordinates": [-39.01672268402744, -4.973056573415798]}}, {"type": "Feature", "properties": {"id": "2106", "name": "Ponto 2106"}, "geometry": {"type": "Point", "coordinates": [-39.01003176170546, -4.96426175965209]}}, {"type": "Feature", "properties": {"id": "2107", "name": "Ponto 2107"}, "geometry": {"type": "Point", "coordinates": [-39.03145750091693, -4.96430367807255]}}, {"type": "Feature", "properties": {"id": "2108", "name": "Ponto 2108"}, "geometry": {"type": "Point", "coordinates": [-39.01636523370066, -4.963609022330985]}}, {"type": "Feature", "properties": {"id": "2109", "name": "Ponto 2109"}, "geometry": {"type": "Point", "coordinates": [-39.02702700685241, -4.971084646317918]}}, {"type": "Feature", "properties": {"id": "2110", "name": "Ponto 2110"}, "geometry": {"type": "Point", "coordinates": [-39.02628103918274, -4.971756673786392]}}, {"type": "Feature", "properties": {"id": "2111", "name": "Ponto 2111"}, "geometry": {"type": "Point", "coordinates": [-39.02225730842782, -4.973620994251488]}}, {"type": "Feature", "properties": {"id": "2112", "name": "Ponto 2112"}, "geometry": {"type": "Point", "coordinates": [-39.01980722531456, -4.9622093804879555]}}, {"type": "Feature", "properties": {"id": "2113", "name": "Ponto 2113"}, "geometry": {"type": "Point", "coordinates": [-39.029870975582526, -4.963456526640634]}}, {"type": "Feature", "properties": {"id": "2114", "name": "Ponto 2114"}, "geometry": {"type": "Point", "coordinates": [-39.03067730157733, -4.964243284812139]}}, {"type": "Feature", "properties": {"id": "2115", "name": "Ponto 2115"}, "geometry": {"type": "Point", "coordinates": [-39.03114403487991, -4.9624426449138195]}}, {"type": "Feature", "properties": {"id": "2116", "name": "Ponto 2116"}, "geometry": {"type": "Point", "coordinates": [-39.031687973630476, -4.961788158938234]}}, {"type": "Feature", "properties": {"id": "2117", "name": "Ponto 2117"}, "geometry": {"type": "Point", "coordinates": [-39.0191203396299, -4.972116504716548]}}, {"type": "Feature", "properties": {"id": "2118", "name": "Ponto 2118"}, "geometry": {"type": "Point", "coordinates": [-39.03017999126685, -4.96683178174843]}}, {"type": "Feature", "properties": {"id": "2119", "name": "Ponto 2119"}, "geometry": {"type": "Point", "coordinates": [-39.0080474980241, -4.967448860969888]}}, {"type": "Feature", "properties": {"id": "2120", "name": "Ponto 2120"}, "geometry": {"type": "Point", "coordinates": [-39.00803130510261, -4.969140046338334]}}, {"type": "Feature", "properties": {"id": "2121", "name": "Ponto 2121"}, "geometry": {"type": "Point", "coordinates": [-39.02300042696507, -4.970023362943386]}}, {"type": "Feature", "properties": {"id": "2122", "name": "Ponto 2122"}, "geometry": {"type": "Point", "coordinates": [-39.010406860077374, -4.964702327179558]}}, {"type": "Feature", "properties": {"id": "2123", "name": "Ponto 2123"}, "geometry": {"type": "Point", "coordinates": [-39.024850800435495, -4.965675044420916]}}, {"type": "Feature", "properties": {"id": "2124", "name": "Ponto 2124"}, "geometry": {"type": "Point", "coordinates": [-39.020175502924076, -4.962918608756717]}}, {"type": "Feature", "properties": {"id": "2125", "name": "Ponto 2125"}, "geometry": {"type": "Point", "coordinates": [-39.02756980699574, -4.968806885396599]}}, {"type": "Feature", "properties": {"id": "2126", "name": "Ponto 2126"}, "geometry": {"type": "Point", "coordinates": [-39.02606050089659, -4.971264701380428]}}, {"type": "Feature", "properties": {"id": "2127", "name": "Ponto 2127"}, "geometry": {"type": "Point", "coordinates": [-39.02167079826739, -4.9677024966040895]}}, {"type": "Feature", "properties": {"id": "2128", "name": "Ponto 2128"}, "geometry": {"type": "Point", "coordinates": [-39.0156795364991, -4.966244691394756]}}, {"type": "Feature", "properties": {"id": "2129", "name": "Ponto 2129"}, "geometry": {"type": "Point", "coordinates": [-39.02698227303013, -4.961195055760558]}}, {"type": "Feature", "properties": {"id": "2130", "name": "Ponto 2130"}, "geometry": {"type": "Point", "coordinates": [-39.006925089582886, -4.963301454278138]}}, {"type": "Feature", "properties": {"id": "2131", "name": "Ponto 2131"}, "geometry": {"type": "Point", "coordinates": [-39.03090578563274, -4.973591337122263]}}, {"type": "Feature", "properties": {"id": "2132", "name": "Ponto 2132"}, "geometry": {"type": "Point", "coordinates": [-39.0297684369944, -4.964504053674408]}}, {"type": "Feature", "properties": {"id": "2133", "name": "Ponto 2133"}, "geometry": {"type": "Point", "coordinates": [-39.007639334712316, -4.966501135418192]}}, {"type": "Feature", "properties": {"id": "2134", "name": "Ponto 2134"}, "geometry": {"type": "Point", "coordinates": [-39.03229623500126, -4.970341565166321]}}, {"type": "Feature", "properties": {"id": "2135", "name": "Ponto 2135"}, "geometry": {"type": "Point", "coordinates": [-39.01465503206642, -4.962823050628218]}}, {"type": "Feature", "properties": {"id": "2136", "name": "Ponto 2136"}, "geometry": {"type": "Point", "coordinates": [-39.03238295290914, -4.970727171457759]}}, {"type": "Feature", "properties": {"id": "2137", "name": "Ponto 2137"}, "geometry": {"type": "Point", "coordinates": [-39.02802553522415, -4.966001551543426]}}, {"type": "Feature", "properties": {"id": "2138", "name": "Ponto 2138"}, "geometry": {"type": "Point", "coordinates": [-39.02288538088988, -4.961876777765959]}}, {"type": "Feature", "properties": {"id": "2139", "name": "Ponto 2139"}, "geometry": {"type": "Point", "coordinates": [-39.03162885134611, -4.974099701834835]}}, {"type": "Feature", "properties": {"id": "2140", "name": "Ponto 2140"}, "geometry": {"type": "Point", "coordinates": [-39.014991222729066, -4.966270104977036]}}, {"type": "Feature", "properties": {"id": "2141", "name": "Ponto 2141"}, "geometry": {"type": "Point", "coordinates": [-39.01692892650293, -4.97435782193453]}}, {"type": "Feature", "properties": {"id": "2142", "name": "Ponto 2142"}, "geometry": {"type": "Point", "coordinates": [-39.03092908697693, -4.9726834091969705]}}, {"type": "Feature", "properties": {"id": "2143", "name": "Ponto 2143"}, "geometry": {"type": "Point", "coordinates": [-39.01312567345253, -4.965680598419492]}}, {"type": "Feature", "properties": {"id": "2144", "name": "Ponto 2144"}, "geometry": {"type": "Point", "coordinates": [-39.02977121828996, -4.965387622847459]}}, {"type": "Feature", "properties": {"id": "2145", "name": "Ponto 2145"}, "geometry": {"type": "Point", "coordinates": [-39.03143791992674, -4.961830692795073]}}, {"type": "Feature", "properties": {"id": "2146", "name": "Ponto 2146"}, "geometry": {"type": "Point", "coordinates": [-39.02138654152193, -4.962815862664732]}}, {"type": "Feature", "properties": {"id": "2147", "name": "Ponto 2147"}, "geometry": {"type": "Point", "coordinates": [-39.0106060010292, -4.968051836461795]}}, {"type": "Feature", "properties": {"id": "2148", "name": "Ponto 2148"}, "geometry": {"type": "Point", "coordinates": [-39.018333704532374, -4.9738410280132515]}}, {"type": "Feature", "properties": {"id": "2149", "name": "Ponto 2149"}, "geometry": {"type": "Point", "coordinates": [-39.02566942723271, -4.969827972121879]}}, {"type": "Feature", "properties": {"id": "2150", "name": "Ponto 2150"}, "geometry": {"type": "Point", "coordinates": [-39.006898777336225, -4.97308794296662]}}, {"type": "Feature", "properties": {"id": "2151", "name": "Ponto 2151"}, "geometry": {"type": "Point", "coordinates": [-39.02113809004216, -4.9638206323011245]}}, {"type": "Feature", "properties": {"id": "2152", "name": "Ponto 2152"}, "geometry": {"type": "Point", "coordinates": [-39.00945028887341, -4.969712376377306]}}, {"type": "Feature", "properties": {"id": "2153", "name": "Ponto 2153"}, "geometry": {"type": "Point", "coordinates": [-39.03070139147921, -4.969255705863175]}}, {"type": "Feature", "properties": {"id": "2154", "name": "Ponto 2154"}, "geometry": {"type": "Point", "coordinates": [-39.021470017526454, -4.9719001276188886]}}, {"type": "Feature", "properties": {"id": "2155", "name": "Ponto 2155"}, "geometry": {"type": "Point", "coordinates": [-39.030092714541844, -4.966458812402789]}}, {"type": "Feature", "properties": {"id": "2156", "name": "Ponto 2156"}, "geometry": {"type": "Point", "coordinates": [-39.01221151176408, -4.965576707182309]}}, {"type": "Feature", "properties": {"id": "2157", "name": "Ponto 2157"}, "geometry": {"type": "Point", "coordinates": [-39.0241520645287, -4.962274406723426]}}, {"type": "Feature", "properties": {"id": "2158", "name": "Ponto 2158"}, "geometry": {"type": "Point", "coordinates": [-39.019245678141644, -4.96151459195723]}}, {"type": "Feature", "properties": {"id": "2159", "name": "Ponto 2159"}, "geometry": {"type": "Point", "coordinates": [-39.01887356734944, -4.963802799663576]}}, {"type": "Feature", "properties": {"id": "2160", "name": "Ponto 2160"}, "geometry": {"type": "Point", "coordinates": [-39.03235484308368, -4.9674832853149]}}, {"type": "Feature", "properties": {"id": "2161", "name": "Ponto 2161"}, "geometry": {"type": "Point", "coordinates": [-39.007717279158484, -4.966801526558816]}}, {"type": "Feature", "properties": {"id": "2162", "name": "Ponto 2162"}, "geometry": {"type": "Point", "coordinates": [-39.00929170770613, -4.9694148444595525]}}, {"type": "Feature", "properties": {"id": "2163", "name": "Ponto 2163"}, "geometry": {"type": "Point", "coordinates": [-39.026310069790995, -4.971842423146693]}}, {"type": "Feature", "properties": {"id": "2164", "name": "Ponto 2164"}, "geometry": {"type": "Point", "coordinates": [-39.02317947739315, -4.961752826771036]}}, {"type": "Feature", "properties": {"id": "2165", "name": "Ponto 2165"}, "geometry": {"type": "Point", "coordinates": [-39.00653859821761, -4.96696220332563]}}, {"type": "Feature", "properties": {"id": "2166", "name": "Ponto 2166"}, "geometry": {"type": "Point", "coordinates": [-39.01885041325331, -4.9713254208081485]}}, {"type": "Feature", "properties": {"id": "2167", "name": "Ponto 2167"}, "geometry": {"type": "Point", "coordinates": [-39.024426597816394, -4.961139798607559]}}, {"type": "Feature", "properties": {"id": "2168", "name": "Ponto 2168"}, "geometry": {"type": "Point", "coordinates": [-39.01803852225602, -4.96700471762978]}}, {"type": "Feature", "properties": {"id": "2169", "name": "Ponto 2169"}, "geometry": {"type": "Point", "coordinates": [-39.03032190857571, -4.969846090792066]}}, {"type": "Feature", "properties": {"id": "2170", "name": "Ponto 2170"}, "geometry": {"type": "Point", "coordinates": [-39.01866988646372, -4.962743858140389]}}, {"type": "Feature", "properties": {"id": "2171", "name": "Ponto 2171"}, "geometry": {"type": "Point", "coordinates": [-39.03241399553184, -4.97420170879005]}}, {"type": "Feature", "properties": {"id": "2172", "name": "Ponto 2172"}, "geometry": {"type": "Point", "coordinates": [-39.03248040066559, -4.963386344711339]}}, {"type": "Feature", "properties": {"id": "2173", "name": "Ponto 2173"}, "geometry": {"type": "Point", "coordinates": [-39.02050080058064, -4.973807897089751]}}, {"type": "Feature", "properties": {"id": "2174", "name": "Ponto 2174"}, "geometry": {"type": "Point", "coordinates": [-39.02965185781701, -4.962403429065513]}}, {"type": "Feature", "properties": {"id": "2175", "name": "Ponto 2175"}, "geometry": {"type": "Point", "coordinates": [-39.0132510024215, -4.971893654722597]}}, {"type": "Feature", "properties": {"id": "2176", "name": "Ponto 2176"}, "geometry": {"type": "Point", "coordinates": [-39.02862207179587, -4.972423247666302]}}, {"type": "Feature", "properties": {"id": "2177", "name": "Ponto 2177"}, "geometry": {"type": "Point", "coordinates": [-39.01242428876199, -4.972929791851144]}}, {"type": "Feature", "properties": {"id": "2178", "name": "Ponto 2178"}, "geometry": {"type": "Point", "coordinates": [-39.0178847835942, -4.970359007623999]}}, {"type": "Feature", "properties": {"id": "2179", "name": "Ponto 2179"}, "geometry": {"type": "Point", "coordinates": [-39.026683591925355, -4.965933941880585]}}, {"type": "Feature", "properties": {"id": "2180", "name": "Ponto 2180"}, "geometry": {"type": "Point", "coordinates": [-39.01980498272048, -4.964003596879842]}}, {"type": "Feature", "properties": {"id": "2181", "name": "Ponto 2181"}, "geometry": {"type": "Point", "coordinates": [-39.02256286598196, -4.9740093036812905]}}, {"type": "Feature", "properties": {"id": "2182", "name": "Ponto 2182"}, "geometry": {"type": "Point", "coordinates": [-39.030366284038564, -4.971244076951324]}}, {"type": "Feature", "properties": {"id": "2183", "name": "Ponto 2183"}, "geometry": {"type": "Point", "coordinates": [-39.00671610588921, -4.971721829806566]}}, {"type": "Feature", "properties": {"id": "2184", "name": "Ponto 2184"}, "geometry": {"type": "Point", "coordinates": [-39.01240455920052, -4.9699667181367255]}}, {"type": "Feature", "properties": {"id": "2185", "name": "Ponto 2185"}, "geometry": {"type": "Point", "coordinates": [-39.02006774033025, -4.971500671572616]}}, {"type": "Feature", "properties": {"id": "2186", "name": "Ponto 2186"}, "geometry": {"type": "Point", "coordinates": [-39.021465052189896, -4.963813040718975]}}, {"type": "Feature", "properties": {"id": "2187", "name": "Ponto 2187"}, "geometry": {"type": "Point", "coordinates": [-39.01233546336007, -4.965739492700466]}}, {"type": "Feature", "properties": {"id": "2188", "name": "Ponto 2188"}, "geometry": {"type": "Point", "coordinates": [-39.02953359106812, -4.969858549246391]}}, {"type": "Feature", "properties": {"id": "2189", "name": "Ponto 2189"}, "geometry": {"type": "Point", "coordinates": [-39.027493525792444, -4.965527588144424]}}, {"type": "Feature", "properties": {"id": "2190", "name": "Ponto 2190"}, "geometry": {"type": "Point", "coordinates": [-39.01706593820219, -4.964886042167005]}}, {"type": "Feature", "properties": {"id": "2191", "name": "Ponto 2191"}, "geometry": {"type": "Point", "coordinates": [-39.008067287754564, -4.966004993905394]}}, {"type": "Feature", "properties": {"id": "2192", "name": "Ponto 2192"}, "geometry": {"type": "Point", "coordinates": [-39.0283900296962, -4.972097893503311]}}, {"type": "Feature", "properties": {"id": "2193", "name": "Ponto 2193"}, "geometry": {"type": "Point", "coordinates": [-39.032071540280896, -4.967446001352632]}}, {"type": "Feature", "properties": {"id": "2194", "name": "Ponto 2194"}, "geometry": {"type": "Point", "coordinates": [-39.0278089805175, -4.969695425462294]}}, {"type": "Feature", "properties": {"id": "2195", "name": "Ponto 2195"}, "geometry": {"type": "Point", "coordinates": [-39.01198561577186, -4.973912367762976]}}, {"type": "Feature", "properties": {"id": "2196", "name": "Ponto 2196"}, "geometry": {"type": "Point", "coordinates": [-39.0281702135899, -4.961986422646627]}}, {"type": "Feature", "properties": {"id": "2197", "name": "Ponto 2197"}, "geometry": {"type": "Point", "coordinates": [-39.00836971256041, -4.971538170350306]}}, {"type": "Feature", "properties": {"id": "2198", "name": "Ponto 2198"}, "geometry": {"type": "Point", "coordinates": [-39.03004809263132, -4.973724018298031]}}, {"type": "Feature", "properties": {"id": "2199", "name": "Ponto 2199"}, "geometry": {"type": "Point", "coordinates": [-39.00988184345732, -4.961517965550479]}}, {"type": "Feature", "properties": {"id": "2200", "name": "Ponto 2200"}, "geometry": {"type": "Point", "coordinates": [-39.026188291480764, -4.971229138321711]}}, {"type": "Feature", "properties": {"id": "2201", "name": "Ponto 2201"}, "geometry": {"type": "Point", "coordinates": [-39.026829168367016, -4.961604650809895]}}, {"type": "Feature", "properties": {"id": "2202", "name": "Ponto 2202"}, "geometry": {"type": "Point", "coordinates": [-39.01669433094045, -4.972617223341256]}}, {"type": "Feature", "properties": {"id": "2203", "name": "Ponto 2203"}, "geometry": {"type": "Point", "coordinates": [-39.02067267392315, -4.9739031755698475]}}, {"type": "Feature", "properties": {"id": "2204", "name": "Ponto 2204"}, "geometry": {"type": "Point", "coordinates": [-39.01321156465984, -4.9681115314850075]}}, {"type": "Feature", "properties": {"id": "2205", "name": "Ponto 2205"}, "geometry": {"type": "Point", "coordinates": [-39.01463819203525, -4.967591632591135]}}, {"type": "Feature", "properties": {"id": "2206", "name": "Ponto 2206"}, "geometry": {"type": "Point", "coordinates": [-39.01198160268062, -4.9699138815292585]}}, {"type": "Feature", "properties": {"id": "2207", "name": "Ponto 2207"}, "geometry": {"type": "Point", "coordinates": [-39.01673805105687, -4.974137019942712]}}, {"type": "Feature", "properties": {"id": "2208", "name": "Ponto 2208"}, "geometry": {"type": "Point", "coordinates": [-39.010627391267626, -4.973337483592409]}}, {"type": "Feature", "properties": {"id": "2209", "name": "Ponto 2209"}, "geometry": {"type": "Point", "coordinates": [-39.0157575023056, -4.966177275023014]}}, {"type": "Feature", "properties": {"id": "2210", "name": "Ponto 2210"}, "geometry": {"type": "Point", "coordinates": [-39.0091152786924, -4.961536611603703]}}, {"type": "Feature", "properties": {"id": "2211", "name": "Ponto 2211"}, "geometry": {"type": "Point", "coordinates": [-39.02916509457602, -4.967811487954159]}}, {"type": "Feature", "properties": {"id": "2212", "name": "Ponto 2212"}, "geometry": {"type": "Point", "coordinates": [-39.02399410175149, -4.9621136837493545]}}, {"type": "Feature", "properties": {"id": "2213", "name": "Ponto 2213"}, "geometry": {"type": "Point", "coordinates": [-39.01394105882667, -4.965658524346383]}}, {"type": "Feature", "properties": {"id": "2214", "name": "Ponto 2214"}, "geometry": {"type": "Point", "coordinates": [-39.014043125690655, -4.962564601996899]}}, {"type": "Feature", "properties": {"id": "2215", "name": "Ponto 2215"}, "geometry": {"type": "Point", "coordinates": [-39.03201125992217, -4.969230034582621]}}, {"type": "Feature", "properties": {"id": "2216", "name": "Ponto 2216"}, "geometry": {"type": "Point", "coordinates": [-39.020274103058206, -4.972129721840859]}}, {"type": "Feature", "properties": {"id": "2217", "name": "Ponto 2217"}, "geometry": {"type": "Point", "coordinates": [-39.01884296160808, -4.965987151123258]}}, {"type": "Feature", "properties": {"id": "2218", "name": "Ponto 2218"}, "geometry": {"type": "Point", "coordinates": [-39.007217511323596, -4.973704617953771]}}, {"type": "Feature", "properties": {"id": "2219", "name": "Ponto 2219"}, "geometry": {"type": "Point", "coordinates": [-39.007284761047885, -4.96356649437956]}}, {"type": "Feature", "properties": {"id": "2220", "name": "Ponto 2220"}, "geometry": {"type": "Point", "coordinates": [-39.01657245094234, -4.968857720548756]}}, {"type": "Feature", "properties": {"id": "2221", "name": "Ponto 2221"}, "geometry": {"type": "Point", "coordinates": [-39.02190738549114, -4.968994436601214]}}, {"type": "Feature", "properties": {"id": "2222", "name": "Ponto 2222"}, "geometry": {"type": "Point", "coordinates": [-39.029437768273205, -4.965580138139243]}}, {"type": "Feature", "properties": {"id": "2223", "name": "Ponto 2223"}, "geometry": {"type": "Point", "coordinates": [-39.02251218080315, -4.968123123260004]}}, {"type": "Feature", "properties": {"id": "2224", "name": "Ponto 2224"}, "geometry": {"type": "Point", "coordinates": [-39.00883650483875, -4.969547767988975]}}, {"type": "Feature", "properties": {"id": "2225", "name": "Ponto 2225"}, "geometry": {"type": "Point", "coordinates": [-39.01581464004316, -4.972819246576315]}}, {"type": "Feature", "properties": {"id": "2226", "name": "Ponto 2226"}, "geometry": {"type": "Point", "coordinates": [-39.00853144645955, -4.963482930568138]}}, {"type": "Feature", "properties": {"id": "2227", "name": "Ponto 2227"}, "geometry": {"type": "Point", "coordinates": [-39.03235536997931, -4.96805451201554]}}, {"type": "Feature", "properties": {"id": "2228", "name": "Ponto 2228"}, "geometry": {"type": "Point", "coordinates": [-39.0287124680982, -4.973241029181878]}}, {"type": "Feature", "properties": {"id": "2229", "name": "Ponto 2229"}, "geometry": {"type": "Point", "coordinates": [-39.0212837112737, -4.961999873392315]}}, {"type": "Feature", "properties": {"id": "2230", "name": "Ponto 2230"}, "geometry": {"type": "Point", "coordinates": [-39.02592990294202, -4.9616615884956685]}}, {"type": "Feature", "properties": {"id": "2231", "name": "Ponto 2231"}, "geometry": {"type": "Point", "coordinates": [-39.00757277053232, -4.968016667774819]}}, {"type": "Feature", "properties": {"id": "2232", "name": "Ponto 2232"}, "geometry": {"type": "Point", "coordinates": [-39.01098200453194, -4.973182468543576]}}, {"type": "Feature", "properties": {"id": "2233", "name": "Ponto 2233"}, "geometry": {"type": "Point", "coordinates": [-39.009459154070704, -4.967085946022888]}}, {"type": "Feature", "properties": {"id": "2234", "name": "Ponto 2234"}, "geometry": {"type": "Point", "coordinates": [-39.03113410917237, -4.965108619186906]}}, {"type": "Feature", "properties": {"id": "2235", "name": "Ponto 2235"}, "geometry": {"type": "Point", "coordinates": [-39.02688125680557, -4.967441521310113]}}, {"type": "Feature", "properties": {"id": "2236", "name": "Ponto 2236"}, "geometry": {"type": "Point", "coordinates": [-39.031007247515824, -4.965312859381503]}}, {"type": "Feature", "properties": {"id": "2237", "name": "Ponto 2237"}, "geometry": {"type": "Point", "coordinates": [-39.02659634065204, -4.9611578234724645]}}, {"type": "Feature", "properties": {"id": "2238", "name": "Ponto 2238"}, "geometry": {"type": "Point", "coordinates": [-39.029520673685155, -4.96228263145227]}}, {"type": "Feature", "properties": {"id": "2239", "name": "Ponto 2239"}, "geometry": {"type": "Point", "coordinates": [-39.02513879991045, -4.9676898372691465]}}, {"type": "Feature", "properties": {"id": "2240", "name": "Ponto 2240"}, "geometry": {"type": "Point", "coordinates": [-39.029352082965225, -4.965853001549313]}}, {"type": "Feature", "properties": {"id": "2241", "name": "Ponto 2241"}, "geometry": {"type": "Point", "coordinates": [-39.019504854375946, -4.9640189605539975]}}, {"type": "Feature", "properties": {"id": "2242", "name": "Ponto 2242"}, "geometry": {"type": "Point", "coordinates": [-39.03248755903151, -4.9722557633919]}}, {"type": "Feature", "properties": {"id": "2243", "name": "Ponto 2243"}, "geometry": {"type": "Point", "coordinates": [-39.0106780791275, -4.963623223691865]}}, {"type": "Feature", "properties": {"id": "2244", "name": "Ponto 2244"}, "geometry": {"type": "Point", "coordinates": [-39.010700123107824, -4.9696788205607065]}}, {"type": "Feature", "properties": {"id": "2245", "name": "Ponto 2245"}, "geometry": {"type": "Point", "coordinates": [-39.023940817506805, -4.971332510989298]}}, {"type": "Feature", "properties": {"id": "2246", "name": "Ponto 2246"}, "geometry": {"type": "Point", "coordinates": [-39.03095323973271, -4.968829939060271]}}, {"type": "Feature", "properties": {"id": "2247", "name": "Ponto 2247"}, "geometry": {"type": "Point", "coordinates": [-39.020023855145126, -4.973798136494604]}}, {"type": "Feature", "properties": {"id": "2248", "name": "Ponto 2248"}, "geometry": {"type": "Point", "coordinates": [-39.016898972497444, -4.9718439127018055]}}, {"type": "Feature", "properties": {"id": "2249", "name": "Ponto 2249"}, "geometry": {"type": "Point", "coordinates": [-39.012538589223816, -4.972866781079761]}}, {"type": "Feature", "properties": {"id": "2250", "name": "Ponto 2250"}, "geometry": {"type": "Point", "coordinates": [-39.031764811884706, -4.971638564214218]}}, {"type": "Feature", "properties": {"id": "2251", "name": "Ponto 2251"}, "geometry": {"type": "Point", "coordinates": [-39.02076357907207, -4.961746243900535]}}, {"type": "Feature", "properties": {"id": "2252", "name": "Ponto 2252"}, "geometry": {"type": "Point", "coordinates": [-39.01580504717455, -4.970543379823246]}}, {"type": "Feature", "properties": {"id": "2253", "name": "Ponto 2253"}, "geometry": {"type": "Point", "coordinates": [-39.01000673221366, -4.970295655367211]}}, {"type": "Feature", "properties": {"id": "2254", "name": "Ponto 2254"}, "geometry": {"type": "Point", "coordinates": [-39.031281433168886, -4.965086060559375]}}, {"type": "Feature", "properties": {"id": "2255", "name": "Ponto 2255"}, "geometry": {"type": "Point", "coordinates": [-39.00940537096454, -4.966972143190116]}}, {"type": "Feature", "properties": {"id": "2256", "name": "Ponto 2256"}, "geometry": {"type": "Point", "coordinates": [-39.01624228753446, -4.961690727791162]}}, {"type": "Feature", "properties": {"id": "2257", "name": "Ponto 2257"}, "geometry": {"type": "Point", "coordinates": [-39.018392092478194, -4.9679127867615165]}}, {"type": "Feature", "properties": {"id": "2258", "name": "Ponto 2258"}, "geometry": {"type": "Point", "coordinates": [-39.029711732366444, -4.968811912502745]}}, {"type": "Feature", "properties": {"id": "2259", "name": "Ponto 2259"}, "geometry": {"type": "Point", "coordinates": [-39.018560732984874, -4.961862065571587]}}, {"type": "Feature", "properties": {"id": "2260", "name": "Ponto 2260"}, "geometry": {"type": "Point", "coordinates": [-39.0252526298211, -4.962865784494652]}}, {"type": "Feature", "properties": {"id": "2261", "name": "Ponto 2261"}, "geometry": {"type": "Point", "coordinates": [-39.0232335810665, -4.964561550621402]}}, {"type": "Feature", "properties": {"id": "2262", "name": "Ponto 2262"}, "geometry": {"type": "Point", "coordinates": [-39.02601254149888, -4.964336447720962]}}, {"type": "Feature", "properties": {"id": "2263", "name": "Ponto 2263"}, "geometry": {"type": "Point", "coordinates": [-39.020378081304614, -4.968228364656308]}}, {"type": "Feature", "properties": {"id": "2264", "name": "Ponto 2264"}, "geometry": {"type": "Point", "coordinates": [-39.02203294652016, -4.966453733455804]}}, {"type": "Feature", "properties": {"id": "2265", "name": "Ponto 2265"}, "geometry": {"type": "Point", "coordinates": [-39.01416309825605, -4.97274107479334]}}, {"type": "Feature", "properties": {"id": "2266", "name": "Ponto 2266"}, "geometry": {"type": "Point", "coordinates": [-39.02692628020075, -4.961670995254388]}}, {"type": "Feature", "properties": {"id": "2267", "name": "Ponto 2267"}, "geometry": {"type": "Point", "coordinates": [-39.03038764496205, -4.970710576318987]}}, {"type": "Feature", "properties": {"id": "2268", "name": "Ponto 2268"}, "geometry": {"type": "Point", "coordinates": [-39.009230054699465, -4.965171335706382]}}, {"type": "Feature", "properties": {"id": "2269", "name": "Ponto 2269"}, "geometry": {"type": "Point", "coordinates": [-39.0250810420919, -4.961175975861401]}}, {"type": "Feature", "properties": {"id": "2270", "name": "Ponto 2270"}, "geometry": {"type": "Point", "coordinates": [-39.00813134383579, -4.9647971213918956]}}, {"type": "Feature", "properties": {"id": "2271", "name": "Ponto 2271"}, "geometry": {"type": "Point", "coordinates": [-39.02352259417414, -4.973640906861089]}}, {"type": "Feature", "properties": {"id": "2272", "name": "Ponto 2272"}, "geometry": {"type": "Point", "coordinates": [-39.019986202055904, -4.967103201657416]}}, {"type": "Feature", "properties": {"id": "2273", "name": "Ponto 2273"}, "geometry": {"type": "Point", "coordinates": [-39.02274260211857, -4.966797123321047]}}, {"type": "Feature", "properties": {"id": "2274", "name": "Ponto 2274"}, "geometry": {"type": "Point", "coordinates": [-39.020184748907006, -4.967858806281072]}}, {"type": "Feature", "properties": {"id": "2275", "name": "Ponto 2275"}, "geometry": {"type": "Point", "coordinates": [-39.01889839015048, -4.962317415379895]}}, {"type": "Feature", "properties": {"id": "2276", "name": "Ponto 2276"}, "geometry": {"type": "Point", "coordinates": [-39.02833223613836, -4.9700929411075085]}}, {"type": "Feature", "properties": {"id": "2277", "name": "Ponto 2277"}, "geometry": {"type": "Point", "coordinates": [-39.02942156028113, -4.96368329193776]}}, {"type": "Feature", "properties": {"id": "2278", "name": "Ponto 2278"}, "geometry": {"type": "Point", "coordinates": [-39.01792385808596, -4.968921431075528]}}, {"type": "Feature", "properties": {"id": "2279", "name": "Ponto 2279"}, "geometry": {"type": "Point", "coordinates": [-39.02013443607637, -4.9690223127565645]}}, {"type": "Feature", "properties": {"id": "2280", "name": "Ponto 2280"}, "geometry": {"type": "Point", "coordinates": [-39.026195895960775, -4.972239435729839]}}, {"type": "Feature", "properties": {"id": "2281", "name": "Ponto 2281"}, "geometry": {"type": "Point", "coordinates": [-39.01411492899121, -4.967931900710225]}}, {"type": "Feature", "properties": {"id": "2282", "name": "Ponto 2282"}, "geometry": {"type": "Point", "coordinates": [-39.02716291919927, -4.962091952963361]}}, {"type": "Feature", "properties": {"id": "2283", "name": "Ponto 2283"}, "geometry": {"type": "Point", "coordinates": [-39.01046004236886, -4.969324657785015]}}, {"type": "Feature", "properties": {"id": "2284", "name": "Ponto 2284"}, "geometry": {"type": "Point", "coordinates": [-39.02560442765985, -4.972877281905252]}}, {"type": "Feature", "properties": {"id": "2285", "name": "Ponto 2285"}, "geometry": {"type": "Point", "coordinates": [-39.02535703286294, -4.963438704812494]}}, {"type": "Feature", "properties": {"id": "2286", "name": "Ponto 2286"}, "geometry": {"type": "Point", "coordinates": [-39.01874555550733, -4.973141773516386]}}, {"type": "Feature", "properties": {"id": "2287", "name": "Ponto 2287"}, "geometry": {"type": "Point", "coordinates": [-39.01314941920452, -4.966126163309118]}}, {"type": "Feature", "properties": {"id": "2288", "name": "Ponto 2288"}, "geometry": {"type": "Point", "coordinates": [-39.02161141443706, -4.970914436182499]}}, {"type": "Feature", "properties": {"id": "2289", "name": "Ponto 2289"}, "geometry": {"type": "Point", "coordinates": [-39.032090407441494, -4.96532959403925]}}, {"type": "Feature", "properties": {"id": "2290", "name": "Ponto 2290"}, "geometry": {"type": "Point", "coordinates": [-39.011754538325725, -4.964291627608322]}}, {"type": "Feature", "properties": {"id": "2291", "name": "Ponto 2291"}, "geometry": {"type": "Point", "coordinates": [-39.03210783886727, -4.971008505672831]}}, {"type": "Feature", "properties": {"id": "2292", "name": "Ponto 2292"}, "geometry": {"type": "Point", "coordinates": [-39.007552139378866, -4.964771332569682]}}, {"type": "Feature", "properties": {"id": "2293", "name": "Ponto 2293"}, "geometry": {"type": "Point", "coordinates": [-39.019283481144164, -4.968466749893748]}}, {"type": "Feature", "properties": {"id": "2294", "name": "Ponto 2294"}, "geometry": {"type": "Point", "coordinates": [-39.01332409235045, -4.967964692721048]}}, {"type": "Feature", "properties": {"id": "2295", "name": "Ponto 2295"}, "geometry": {"type": "Point", "coordinates": [-39.02585528486682, -4.962351102816313]}}, {"type": "Feature", "properties": {"id": "2296", "name": "Ponto 2296"}, "geometry": {"type": "Point", "coordinates": [-39.016251648076704, -4.966538410819038]}}, {"type": "Feature", "properties": {"id": "2297", "name": "Ponto 2297"}, "geometry": {"type": "Point", "coordinates": [-39.017755892605216, -4.969955802628659]}}, {"type": "Feature", "properties": {"id": "2298", "name": "Ponto 2298"}, "geometry": {"type": "Point", "coordinates": [-39.01118904120676, -4.9696876254872215]}}, {"type": "Feature", "properties": {"id": "2299", "name": "Ponto 2299"}, "geometry": {"type": "Point", "coordinates": [-39.01684747157239, -4.963933683168764]}}, {"type": "Feature", "properties": {"id": "2300", "name": "Ponto 2300"}, "geometry": {"type": "Point", "coordinates": [-39.025864133459564, -4.96627715455764]}}, {"type": "Feature", "properties": {"id": "2301", "name": "Ponto 2301"}, "geometry": {"type": "Point", "coordinates": [-39.01159143609422, -4.966073589471847]}}, {"type": "Feature", "properties": {"id": "2302", "name": "Ponto 2302"}, "geometry": {"type": "Point", "coordinates": [-39.01296757097111, -4.9737356635909205]}}, {"type": "Feature", "properties": {"id": "2303", "name": "Ponto 2303"}, "geometry": {"type": "Point", "coordinates": [-39.016224795162756, -4.969648056460143]}}, {"type": "Feature", "properties": {"id": "2304", "name": "Ponto 2304"}, "geometry": {"type": "Point", "coordinates": [-39.008433990916586, -4.961074731379173]}}, {"type": "Feature", "properties": {"id": "2305", "name": "Ponto 2305"}, "geometry": {"type": "Point", "coordinates": [-39.007717514035726, -4.965083044136801]}}, {"type": "Feature", "properties": {"id": "2306", "name": "Ponto 2306"}, "geometry": {"type": "Point", "coordinates": [-39.02093260770351, -4.96379802200159]}}, {"type": "Feature", "properties": {"id": "2307", "name": "Ponto 2307"}, "geometry": {"type": "Point", "coordinates": [-39.024870661598825, -4.965264470193582]}}, {"type": "Feature", "properties": {"id": "2308", "name": "Ponto 2308"}, "geometry": {"type": "Point", "coordinates": [-39.00797365199676, -4.974081490348698]}}, {"type": "Feature", "properties": {"id": "2309", "name": "Ponto 2309"}, "geometry": {"type": "Point", "coordinates": [-39.02532192206419, -4.965463469116918]}}, {"type": "Feature", "properties": {"id": "2310", "name": "Ponto 2310"}, "geometry": {"type": "Point", "coordinates": [-39.02677187278349, -4.966466251780559]}}, {"type": "Feature", "properties": {"id": "2311", "name": "Ponto 2311"}, "geometry": {"type": "Point", "coordinates": [-39.015358108902674, -4.971804944553985]}}, {"type": "Feature", "properties": {"id": "2312", "name": "Ponto 2312"}, "geometry": {"type": "Point", "coordinates": [-39.02714354729757, -4.966701917322904]}}, {"type": "Feature", "properties": {"id": "2313", "name": "Ponto 2313"}, "geometry": {"type": "Point", "coordinates": [-39.00858952217656, -4.970813584061902]}}, {"type": "Feature", "properties": {"id": "2314", "name": "Ponto 2314"}, "geometry": {"type": "Point", "coordinates": [-39.01007743922508, -4.972945182552152]}}, {"type": "Feature", "properties": {"id": "2315", "name": "Ponto 2315"}, "geometry": {"type": "Point", "coordinates": [-39.01189001291515, -4.973315176862615]}}, {"type": "Feature", "properties": {"id": "2316", "name": "Ponto 2316"}, "geometry": {"type": "Point", "coordinates": [-39.02520169485134, -4.973096446614137]}}, {"type": "Feature", "properties": {"id": "2317", "name": "Ponto 2317"}, "geometry": {"type": "Point", "coordinates": [-39.011915300416554, -4.969712175997975]}}, {"type": "Feature", "properties": {"id": "2318", "name": "Ponto 2318"}, "geometry": {"type": "Point", "coordinates": [-39.01472337171167, -4.969801911567105]}}, {"type": "Feature", "properties": {"id": "2319", "name": "Ponto 2319"}, "geometry": {"type": "Point", "coordinates": [-39.02344909341592, -4.967417695586122]}}, {"type": "Feature", "properties": {"id": "2320", "name": "Ponto 2320"}, "geometry": {"type": "Point", "coordinates": [-39.01110817359678, -4.972414619163519]}}, {"type": "Feature", "properties": {"id": "2321", "name": "Ponto 2321"}, "geometry": {"type": "Point", "coordinates": [-39.02463077956693, -4.961275409189107]}}, {"type": "Feature", "properties": {"id": "2322", "name": "Ponto 2322"}, "geometry": {"type": "Point", "coordinates": [-39.00987516786747, -4.971600299971778]}}, {"type": "Feature", "properties": {"id": "2323", "name": "Ponto 2323"}, "geometry": {"type": "Point", "coordinates": [-39.00975075591072, -4.96312695014269]}}, {"type": "Feature", "properties": {"id": "2324", "name": "Ponto 2324"}, "geometry": {"type": "Point", "coordinates": [-39.02614272949059, -4.962107819971116]}}, {"type": "Feature", "properties": {"id": "2325", "name": "Ponto 2325"}, "geometry": {"type": "Point", "coordinates": [-39.01832177003214, -4.969926155719277]}}, {"type": "Feature", "properties": {"id": "2326", "name": "Ponto 2326"}, "geometry": {"type": "Point", "coordinates": [-39.02918507456849, -4.96500310082985]}}, {"type": "Feature", "properties": {"id": "2327", "name": "Ponto 2327"}, "geometry": {"type": "Point", "coordinates": [-39.01799845579732, -4.96356902194687]}}, {"type": "Feature", "properties": {"id": "2328", "name": "Ponto 2328"}, "geometry": {"type": "Point", "coordinates": [-39.02776483658906, -4.97050120499438]}}, {"type": "Feature", "properties": {"id": "2329", "name": "Ponto 2329"}, "geometry": {"type": "Point", "coordinates": [-39.03192266106255, -4.967632511540493]}}, {"type": "Feature", "properties": {"id": "2330", "name": "Ponto 2330"}, "geometry": {"type": "Point", "coordinates": [-39.01965558640183, -4.965137181979229]}}, {"type": "Feature", "properties": {"id": "2331", "name": "Ponto 2331"}, "geometry": {"type": "Point", "coordinates": [-39.02406539558543, -4.97433227468927]}}, {"type": "Feature", "properties": {"id": "2332", "name": "Ponto 2332"}, "geometry": {"type": "Point", "coordinates": [-39.01920231592331, -4.96281729828814]}}, {"type": "Feature", "properties": {"id": "2333", "name": "Ponto 2333"}, "geometry": {"type": "Point", "coordinates": [-39.027564431471845, -4.967247596502693]}}, {"type": "Feature", "properties": {"id": "2334", "name": "Ponto 2334"}, "geometry": {"type": "Point", "coordinates": [-39.028505510173204, -4.97143431628511]}}, {"type": "Feature", "properties": {"id": "2335", "name": "Ponto 2335"}, "geometry": {"type": "Point", "coordinates": [-39.023313502963504, -4.9622351490187055]}}, {"type": "Feature", "properties": {"id": "2336", "name": "Ponto 2336"}, "geometry": {"type": "Point", "coordinates": [-39.017055432663675, -4.966846491721852]}}, {"type": "Feature", "properties": {"id": "2337", "name": "Ponto 2337"}, "geometry": {"type": "Point", "coordinates": [-39.02635679645704, -4.96609677093319]}}, {"type": "Feature", "properties": {"id": "2338", "name": "Ponto 2338"}, "geometry": {"type": "Point", "coordinates": [-39.01980795187246, -4.961365701177814]}}, {"type": "Feature", "properties": {"id": "2339", "name": "Ponto 2339"}, "geometry": {"type": "Point", "coordinates": [-39.02588460135065, -4.967081422576955]}}, {"type": "Feature", "properties": {"id": "2340", "name": "Ponto 2340"}, "geometry": {"type": "Point", "coordinates": [-39.021505110740065, -4.968914485043153]}}, {"type": "Feature", "properties": {"id": "2341", "name": "Ponto 2341"}, "geometry": {"type": "Point", "coordinates": [-39.02475197187984, -4.962036747046077]}}, {"type": "Feature", "properties": {"id": "2342", "name": "Ponto 2342"}, "geometry": {"type": "Point", "coordinates": [-39.02454162234901, -4.965085004060787]}}, {"type": "Feature", "properties": {"id": "2343", "name": "Ponto 2343"}, "geometry": {"type": "Point", "coordinates": [-39.029172627858834, -4.96284416146404]}}, {"type": "Feature", "properties": {"id": "2344", "name": "Ponto 2344"}, "geometry": {"type": "Point", "coordinates": [-39.02060437465534, -4.972130673695161]}}, {"type": "Feature", "properties": {"id": "2345", "name": "Ponto 2345"}, "geometry": {"type": "Point", "coordinates": [-39.01527182752408, -4.97338209996821]}}, {"type": "Feature", "properties": {"id": "2346", "name": "Ponto 2346"}, "geometry": {"type": "Point", "coordinates": [-39.006706058455634, -4.962256686164529]}}, {"type": "Feature", "properties": {"id": "2347", "name": "Ponto 2347"}, "geometry": {"type": "Point", "coordinates": [-39.01031870149361, -4.967606144177488]}}, {"type": "Feature", "properties": {"id": "2348", "name": "Ponto 2348"}, "geometry": {"type": "Point", "coordinates": [-39.0176974703009, -4.973133187681618]}}, {"type": "Feature", "properties": {"id": "2349", "name": "Ponto 2349"}, "geometry": {"type": "Point", "coordinates": [-39.02331960745199, -4.974018590001657]}}, {"type": "Feature", "properties": {"id": "2350", "name": "Ponto 2350"}, "geometry": {"type": "Point", "coordinates": [-39.01347490820788, -4.964510721276344]}}, {"type": "Feature", "properties": {"id": "2351", "name": "Ponto 2351"}, "geometry": {"type": "Point", "coordinates": [-39.02375622832745, -4.9690774523356644]}}, {"type": "Feature", "properties": {"id": "2352", "name": "Ponto 2352"}, "geometry": {"type": "Point", "coordinates": [-39.01533714178831, -4.971513284706835]}}, {"type": "Feature", "properties": {"id": "2353", "name": "Ponto 2353"}, "geometry": {"type": "Point", "coordinates": [-39.01015363923394, -4.97078021991302]}}, {"type": "Feature", "properties": {"id": "2354", "name": "Ponto 2354"}, "geometry": {"type": "Point", "coordinates": [-39.02594418724867, -4.972830966497382]}}, {"type": "Feature", "properties": {"id": "2355", "name": "Ponto 2355"}, "geometry": {"type": "Point", "coordinates": [-39.018988175086726, -4.968081257476102]}}, {"type": "Feature", "properties": {"id": "2356", "name": "Ponto 2356"}, "geometry": {"type": "Point", "coordinates": [-39.01844970960019, -4.9646717751080205]}}, {"type": "Feature", "properties": {"id": "2357", "name": "Ponto 2357"}, "geometry": {"type": "Point", "coordinates": [-39.02977606179506, -4.967613520261596]}}, {"type": "Feature", "properties": {"id": "2358", "name": "Ponto 2358"}, "geometry": {"type": "Point", "coordinates": [-39.0104587904503, -4.969223221718519]}}, {"type": "Feature", "properties": {"id": "2359", "name": "Ponto 2359"}, "geometry": {"type": "Point", "coordinates": [-39.02557593289743, -4.96886926312824]}}, {"type": "Feature", "properties": {"id": "2360", "name": "Ponto 2360"}, "geometry": {"type": "Point", "coordinates": [-39.00999160788188, -4.968384613091512]}}, {"type": "Feature", "properties": {"id": "2361", "name": "Ponto 2361"}, "geometry": {"type": "Point", "coordinates": [-39.01827049902218, -4.964808733502185]}}, {"type": "Feature", "properties": {"id": "2362", "name": "Ponto 2362"}, "geometry": {"type": "Point", "coordinates": [-39.01659607645882, -4.9712298709983225]}}, {"type": "Feature", "properties": {"id": "2363", "name": "Ponto 2363"}, "geometry": {"type": "Point", "coordinates": [-39.00673888543646, -4.965868326140939]}}, {"type": "Feature", "properties": {"id": "2364", "name": "Ponto 2364"}, "geometry": {"type": "Point", "coordinates": [-39.022779537535634, -4.972380149044723]}}, {"type": "Feature", "properties": {"id": "2365", "name": "Ponto 2365"}, "geometry": {"type": "Point", "coordinates": [-39.032363318122144, -4.966148341667941]}}, {"type": "Feature", "properties": {"id": "2366", "name": "Ponto 2366"}, "geometry": {"type": "Point", "coordinates": [-39.029982026341976, -4.971677002888169]}}, {"type": "Feature", "properties": {"id": "2367", "name": "Ponto 2367"}, "geometry": {"type": "Point", "coordinates": [-39.01290212714947, -4.973384645314538]}}, {"type": "Feature", "properties": {"id": "2368", "name": "Ponto 2368"}, "geometry": {"type": "Point", "coordinates": [-39.02554837423578, -4.973650335760763]}}, {"type": "Feature", "properties": {"id": "2369", "name": "Ponto 2369"}, "geometry": {"type": "Point", "coordinates": [-39.02638495065703, -4.970070861691869]}}, {"type": "Feature", "properties": {"id": "2370", "name": "Ponto 2370"}, "geometry": {"type": "Point", "coordinates": [-39.01376841123254, -4.962235979379429]}}, {"type": "Feature", "properties": {"id": "2371", "name": "Ponto 2371"}, "geometry": {"type": "Point", "coordinates": [-39.031335552471475, -4.962867526572847]}}, {"type": "Feature", "properties": {"id": "2372", "name": "Ponto 2372"}, "geometry": {"type": "Point", "coordinates": [-39.01129754241346, -4.963586619662432]}}, {"type": "Feature", "properties": {"id": "2373", "name": "Ponto 2373"}, "geometry": {"type": "Point", "coordinates": [-39.02492115041411, -4.968506295227379]}}, {"type": "Feature", "properties": {"id": "2374", "name": "Ponto 2374"}, "geometry": {"type": "Point", "coordinates": [-39.027586704321486, -4.971642944655969]}}, {"type": "Feature", "properties": {"id": "2375", "name": "Ponto 2375"}, "geometry": {"type": "Point", "coordinates": [-39.0065883006456, -4.97137695040934]}}, {"type": "Feature", "properties": {"id": "2376", "name": "Ponto 2376"}, "geometry": {"type": "Point", "coordinates": [-39.017994084947034, -4.96465074171584]}}, {"type": "Feature", "properties": {"id": "2377", "name": "Ponto 2377"}, "geometry": {"type": "Point", "coordinates": [-39.02125575117413, -4.967204105960105]}}, {"type": "Feature", "properties": {"id": "2378", "name": "Ponto 2378"}, "geometry": {"type": "Point", "coordinates": [-39.00991413397249, -4.97029839185522]}}, {"type": "Feature", "properties": {"id": "2379", "name": "Ponto 2379"}, "geometry": {"type": "Point", "coordinates": [-39.023292978501075, -4.9697903163875665]}}, {"type": "Feature", "properties": {"id": "2380", "name": "Ponto 2380"}, "geometry": {"type": "Point", "coordinates": [-39.01678934074564, -4.968700973104776]}}, {"type": "Feature", "properties": {"id": "2381", "name": "Ponto 2381"}, "geometry": {"type": "Point", "coordinates": [-39.027108802425225, -4.9619465053947875]}}, {"type": "Feature", "properties": {"id": "2382", "name": "Ponto 2382"}, "geometry": {"type": "Point", "coordinates": [-39.00745287717298, -4.9712505024307605]}}, {"type": "Feature", "properties": {"id": "2383", "name": "Ponto 2383"}, "geometry": {"type": "Point", "coordinates": [-39.02825046309483, -4.966565346622309]}}, {"type": "Feature", "properties": {"id": "2384", "name": "Ponto 2384"}, "geometry": {"type": "Point", "coordinates": [-39.01665943376055, -4.964290063510823]}}, {"type": "Feature", "properties": {"id": "2385", "name": "Ponto 2385"}, "geometry": {"type": "Point", "coordinates": [-39.013504084220266, -4.963579797105488]}}, {"type": "Feature", "properties": {"id": "2386", "name": "Ponto 2386"}, "geometry": {"type": "Point", "coordinates": [-39.02218282933187, -4.971614842968416]}}, {"type": "Feature", "properties": {"id": "2387", "name": "Ponto 2387"}, "geometry": {"type": "Point", "coordinates": [-39.012259911409394, -4.961588385924297]}}, {"type": "Feature", "properties": {"id": "2388", "name": "Ponto 2388"}, "geometry": {"type": "Point", "coordinates": [-39.00875540505082, -4.968996106104888]}}, {"type": "Feature", "properties": {"id": "2389", "name": "Ponto 2389"}, "geometry": {"type": "Point", "coordinates": [-39.02341067837909, -4.966613764481386]}}, {"type": "Feature", "properties": {"id": "2390", "name": "Ponto 2390"}, "geometry": {"type": "Point", "coordinates": [-39.01046239741966, -4.966701627492857]}}, {"type": "Feature", "properties": {"id": "2391", "name": "Ponto 2391"}, "geometry": {"type": "Point", "coordinates": [-39.02571653501061, -4.9742904330606885]}}, {"type": "Feature", "properties": {"id": "2392", "name": "Ponto 2392"}, "geometry": {"type": "Point", "coordinates": [-39.01984536846418, -4.969946654704922]}}, {"type": "Feature", "properties": {"id": "2393", "name": "Ponto 2393"}, "geometry": {"type": "Point", "coordinates": [-39.0068641581587, -4.97217584398768]}}, {"type": "Feature", "properties": {"id": "2394", "name": "Ponto 2394"}, "geometry": {"type": "Point", "coordinates": [-39.03137073138386, -4.969170438472933]}}, {"type": "Feature", "properties": {"id": "2395", "name": "Ponto 2395"}, "geometry": {"type": "Point", "coordinates": [-39.01169336751869, -4.963010273464487]}}, {"type": "Feature", "properties": {"id": "2396", "name": "Ponto 2396"}, "geometry": {"type": "Point", "coordinates": [-39.03035112996983, -4.962159264409086]}}, {"type": "Feature", "properties": {"id": "2397", "name": "Ponto 2397"}, "geometry": {"type": "Point", "coordinates": [-39.025734973283505, -4.961708114672575]}}, {"type": "Feature", "properties": {"id": "2398", "name": "Ponto 2398"}, "geometry": {"type": "Point", "coordinates": [-39.01415191082995, -4.968606150865808]}}, {"type": "Feature", "properties": {"id": "2399", "name": "Ponto 2399"}, "geometry": {"type": "Point", "coordinates": [-39.02795981483595, -4.97145783201696]}}, {"type": "Feature", "properties": {"id": "2400", "name": "Ponto 2400"}, "geometry": {"type": "Point", "coordinates": [-39.016608639587176, -4.96957637697408]}}, {"type": "Feature", "properties": {"id": "2401", "name": "Ponto 2401"}, "geometry": {"type": "Point", "coordinates": [-39.02539998011348, -4.966784048219332]}}, {"type": "Feature", "properties": {"id": "2402", "name": "Ponto 2402"}, "geometry": {"type": "Point", "coordinates": [-39.03107380350578, -4.9743372809561235]}}, {"type": "Feature", "properties": {"id": "2403", "name": "Ponto 2403"}, "geometry": {"type": "Point", "coordinates": [-39.015507437579, -4.9713569054211035]}}, {"type": "Feature", "properties": {"id": "2404", "name": "Ponto 2404"}, "geometry": {"type": "Point", "coordinates": [-39.021251168294285, -4.971916579236678]}}, {"type": "Feature", "properties": {"id": "2405", "name": "Ponto 2405"}, "geometry": {"type": "Point", "coordinates": [-39.00920619364244, -4.96618700759239]}}, {"type": "Feature", "properties": {"id": "2406", "name": "Ponto 2406"}, "geometry": {"type": "Point", "coordinates": [-39.01317747235024, -4.967138981807652]}}, {"type": "Feature", "properties": {"id": "2407", "name": "Ponto 2407"}, "geometry": {"type": "Point", "coordinates": [-39.02540182512964, -4.967187653037455]}}, {"type": "Feature", "properties": {"id": "2408", "name": "Ponto 2408"}, "geometry": {"type": "Point", "coordinates": [-39.01961089580268, -4.968588387560534]}}, {"type": "Feature", "properties": {"id": "2409", "name": "Ponto 2409"}, "geometry": {"type": "Point", "coordinates": [-39.010016790913994, -4.968580362871776]}}, {"type": "Feature", "properties": {"id": "2410", "name": "Ponto 2410"}, "geometry": {"type": "Point", "coordinates": [-39.007001666803305, -4.9608961752012]}}, {"type": "Feature", "properties": {"id": "2411", "name": "Ponto 2411"}, "geometry": {"type": "Point", "coordinates": [-39.01612611140282, -4.9742066814958195]}}, {"type": "Feature", "properties": {"id": "2412", "name": "Ponto 2412"}, "geometry": {"type": "Point", "coordinates": [-39.02090829490473, -4.964116761749251]}}, {"type": "Feature", "properties": {"id": "2413", "name": "Ponto 2413"}, "geometry": {"type": "Point", "coordinates": [-39.03031309418049, -4.96301702513532]}}, {"type": "Feature", "properties": {"id": "2414", "name": "Ponto 2414"}, "geometry": {"type": "Point", "coordinates": [-39.03142565660912, -4.967545971702831]}}, {"type": "Feature", "properties": {"id": "2415", "name": "Ponto 2415"}, "geometry": {"type": "Point", "coordinates": [-39.01513403703919, -4.9654413549812695]}}, {"type": "Feature", "properties": {"id": "2416", "name": "Ponto 2416"}, "geometry": {"type": "Point", "coordinates": [-39.02940325859685, -4.96183293416515]}}, {"type": "Feature", "properties": {"id": "2417", "name": "Ponto 2417"}, "geometry": {"type": "Point", "coordinates": [-39.01298767944894, -4.971247238129525]}}, {"type": "Feature", "properties": {"id": "2418", "name": "Ponto 2418"}, "geometry": {"type": "Point", "coordinates": [-39.023307431855606, -4.965143226532977]}}, {"type": "Feature", "properties": {"id": "2419", "name": "Ponto 2419"}, "geometry": {"type": "Point", "coordinates": [-39.01523074358795, -4.970646353000505]}}, {"type": "Feature", "properties": {"id": "2420", "name": "Ponto 2420"}, "geometry": {"type": "Point", "coordinates": [-39.021340574324576, -4.973543992444151]}}, {"type": "Feature", "properties": {"id": "2421", "name": "Ponto 2421"}, "geometry": {"type": "Point", "coordinates": [-39.01204590317981, -4.9726977165029655]}}, {"type": "Feature", "properties": {"id": "2422", "name": "Ponto 2422"}, "geometry": {"type": "Point", "coordinates": [-39.01861653388447, -4.965099958350796]}}, {"type": "Feature", "properties": {"id": "2423", "name": "Ponto 2423"}, "geometry": {"type": "Point", "coordinates": [-39.015931538961915, -4.9736663335872136]}}, {"type": "Feature", "properties": {"id": "2424", "name": "Ponto 2424"}, "geometry": {"type": "Point", "coordinates": [-39.00919766596751, -4.970790944227257]}}, {"type": "Feature", "properties": {"id": "2425", "name": "Ponto 2425"}, "geometry": {"type": "Point", "coordinates": [-39.02939807051665, -4.9625079708272555]}}, {"type": "Feature", "properties": {"id": "2426", "name": "Ponto 2426"}, "geometry": {"type": "Point", "coordinates": [-39.03130880130958, -4.96475798761099]}}, {"type": "Feature", "properties": {"id": "2427", "name": "Ponto 2427"}, "geometry": {"type": "Point", "coordinates": [-39.02841270752192, -4.965210733097166]}}, {"type": "Feature", "properties": {"id": "2428", "name": "Ponto 2428"}, "geometry": {"type": "Point", "coordinates": [-39.01089431633515, -4.968288106011076]}}, {"type": "Feature", "properties": {"id": "2429", "name": "Ponto 2429"}, "geometry": {"type": "Point", "coordinates": [-39.015709382343424, -4.963547687117628]}}, {"type": "Feature", "properties": {"id": "2430", "name": "Ponto 2430"}, "geometry": {"type": "Point", "coordinates": [-39.00692171705451, -4.96936992156813]}}, {"type": "Feature", "properties": {"id": "2431", "name": "Ponto 2431"}, "geometry": {"type": "Point", "coordinates": [-39.01646288392502, -4.96683950243239]}}, {"type": "Feature", "properties": {"id": "2432", "name": "Ponto 2432"}, "geometry": {"type": "Point", "coordinates": [-39.01809169000228, -4.962577157357891]}}, {"type": "Feature", "properties": {"id": "2433", "name": "Ponto 2433"}, "geometry": {"type": "Point", "coordinates": [-39.0126842688395, -4.96582818271164]}}, {"type": "Feature", "properties": {"id": "2434", "name": "Ponto 2434"}, "geometry": {"type": "Point", "coordinates": [-39.02749940673421, -4.972676863193911]}}, {"type": "Feature", "properties": {"id": "2435", "name": "Ponto 2435"}, "geometry": {"type": "Point", "coordinates": [-39.01242058995871, -4.968477075716354]}}, {"type": "Feature", "properties": {"id": "2436", "name": "Ponto 2436"}, "geometry": {"type": "Point", "coordinates": [-39.031835509826536, -4.967919128456058]}}, {"type": "Feature", "properties": {"id": "2437", "name": "Ponto 2437"}, "geometry": {"type": "Point", "coordinates": [-39.02473490108001, -4.9662811637020745]}}, {"type": "Feature", "properties": {"id": "2438", "name": "Ponto 2438"}, "geometry": {"type": "Point", "coordinates": [-39.018824390989515, -4.96433607565346]}}, {"type": "Feature", "properties": {"id": "2439", "name": "Ponto 2439"}, "geometry": {"type": "Point", "coordinates": [-39.006723869321924, -4.968484114626552]}}, {"type": "Feature", "properties": {"id": "2440", "name": "Ponto 2440"}, "geometry": {"type": "Point", "coordinates": [-39.019247753637316, -4.965474963879618]}}, {"type": "Feature", "properties": {"id": "2441", "name": "Ponto 2441"}, "geometry": {"type": "Point", "coordinates": [-39.030179776230256, -4.967557659744173]}}, {"type": "Feature", "properties": {"id": "2442", "name": "Ponto 2442"}, "geometry": {"type": "Point", "coordinates": [-39.01838577059212, -4.964635454285626]}}, {"type": "Feature", "properties": {"id": "2443", "name": "Ponto 2443"}, "geometry": {"type": "Point", "coordinates": [-39.01541567742301, -4.970757973362915]}}, {"type": "Feature", "properties": {"id": "2444", "name": "Ponto 2444"}, "geometry": {"type": "Point", "coordinates": [-39.03197702851369, -4.964125527856166]}}, {"type": "Feature", "properties": {"id": "2445", "name": "Ponto 2445"}, "geometry": {"type": "Point", "coordinates": [-39.0085569804413, -4.966894023889541]}}, {"type": "Feature", "properties": {"id": "2446", "name": "Ponto 2446"}, "geometry": {"type": "Point", "coordinates": [-39.020288568269926, -4.973234218058946]}}, {"type": "Feature", "properties": {"id": "2447", "name": "Ponto 2447"}, "geometry": {"type": "Point", "coordinates": [-39.00654997001914, -4.970239474691279]}}, {"type": "Feature", "properties": {"id": "2448", "name": "Ponto 2448"}, "geometry": {"type": "Point", "coordinates": [-39.01418134479814, -4.9652512291806445]}}, {"type": "Feature", "properties": {"id": "2449", "name": "Ponto 2449"}, "geometry": {"type": "Point", "coordinates": [-39.02720303709546, -4.967383761431727]}}, {"type": "Feature", "properties": {"id": "2450", "name": "Ponto 2450"}, "geometry": {"type": "Point", "coordinates": [-39.01140847199265, -4.961250050853931]}}, {"type": "Feature", "properties": {"id": "2451", "name": "Ponto 2451"}, "geometry": {"type": "Point", "coordinates": [-39.02178089085785, -4.970076455788283]}}, {"type": "Feature", "properties": {"id": "2452", "name": "Ponto 2452"}, "geometry": {"type": "Point", "coordinates": [-39.0187899856391, -4.97333596816375]}}, {"type": "Feature", "properties": {"id": "2453", "name": "Ponto 2453"}, "geometry": {"type": "Point", "coordinates": [-39.00769444887164, -4.966043454310146]}}, {"type": "Feature", "properties": {"id": "2454", "name": "Ponto 2454"}, "geometry": {"type": "Point", "coordinates": [-39.02489115483332, -4.963939030604926]}}, {"type": "Feature", "properties": {"id": "2455", "name": "Ponto 2455"}, "geometry": {"type": "Point", "coordinates": [-39.01017493599346, -4.9639838202066455]}}, {"type": "Feature", "properties": {"id": "2456", "name": "Ponto 2456"}, "geometry": {"type": "Point", "coordinates": [-39.02550002808656, -4.961180801652436]}}, {"type": "Feature", "properties": {"id": "2457", "name": "Ponto 2457"}, "geometry": {"type": "Point", "coordinates": [-39.01102131524124, -4.966395941638858]}}, {"type": "Feature", "properties": {"id": "2458", "name": "Ponto 2458"}, "geometry": {"type": "Point", "coordinates": [-39.02770384038674, -4.9737507372028364]}}, {"type": "Feature", "properties": {"id": "2459", "name": "Ponto 2459"}, "geometry": {"type": "Point", "coordinates": [-39.0252601819682, -4.963617766797156]}}, {"type": "Feature", "properties": {"id": "2460", "name": "Ponto 2460"}, "geometry": {"type": "Point", "coordinates": [-39.031643655270706, -4.973870711280005]}}, {"type": "Feature", "properties": {"id": "2461", "name": "Ponto 2461"}, "geometry": {"type": "Point", "coordinates": [-39.01513258628612, -4.963326713746111]}}, {"type": "Feature", "properties": {"id": "2462", "name": "Ponto 2462"}, "geometry": {"type": "Point", "coordinates": [-39.014997915738455, -4.965167948179886]}}, {"type": "Feature", "properties": {"id": "2463", "name": "Ponto 2463"}, "geometry": {"type": "Point", "coordinates": [-39.017210191572865, -4.962507784950789]}}, {"type": "Feature", "properties": {"id": "2464", "name": "Ponto 2464"}, "geometry": {"type": "Point", "coordinates": [-39.01217841753472, -4.961526190429214]}}, {"type": "Feature", "properties": {"id": "2465", "name": "Ponto 2465"}, "geometry": {"type": "Point", "coordinates": [-39.02672998287635, -4.972144897411911]}}, {"type": "Feature", "properties": {"id": "2466", "name": "Ponto 2466"}, "geometry": {"type": "Point", "coordinates": [-39.03142536146369, -4.9661903170683]}}, {"type": "Feature", "properties": {"id": "2467", "name": "Ponto 2467"}, "geometry": {"type": "Point", "coordinates": [-39.01899241497723, -4.967864337723119]}}, {"type": "Feature", "properties": {"id": "2468", "name": "Ponto 2468"}, "geometry": {"type": "Point", "coordinates": [-39.01922767255886, -4.966427776865232]}}, {"type": "Feature", "properties": {"id": "2469", "name": "Ponto 2469"}, "geometry": {"type": "Point", "coordinates": [-39.02290082155464, -4.973806014517446]}}, {"type": "Feature", "properties": {"id": "2470", "name": "Ponto 2470"}, "geometry": {"type": "Point", "coordinates": [-39.02327567750557, -4.961409932624984]}}, {"type": "Feature", "properties": {"id": "2471", "name": "Ponto 2471"}, "geometry": {"type": "Point", "coordinates": [-39.021228405743365, -4.9621846263613865]}}, {"type": "Feature", "properties": {"id": "2472", "name": "Ponto 2472"}, "geometry": {"type": "Point", "coordinates": [-39.02044882338982, -4.969403842899115]}}, {"type": "Feature", "properties": {"id": "2473", "name": "Ponto 2473"}, "geometry": {"type": "Point", "coordinates": [-39.02365702840476, -4.96773743408371]}}, {"type": "Feature", "properties": {"id": "2474", "name": "Ponto 2474"}, "geometry": {"type": "Point", "coordinates": [-39.017344141470765, -4.971922822938103]}}, {"type": "Feature", "properties": {"id": "2475", "name": "Ponto 2475"}, "geometry": {"type": "Point", "coordinates": [-39.0287581574212, -4.9623095666741985]}}, {"type": "Feature", "properties": {"id": "2476", "name": "Ponto 2476"}, "geometry": {"type": "Point", "coordinates": [-39.02623848807009, -4.962723066387052]}}, {"type": "Feature", "properties": {"id": "2477", "name": "Ponto 2477"}, "geometry": {"type": "Point", "coordinates": [-39.01830674377916, -4.9698743858013374]}}, {"type": "Feature", "properties": {"id": "2478", "name": "Ponto 2478"}, "geometry": {"type": "Point", "coordinates": [-39.027618743516165, -4.965852641312677]}}, {"type": "Feature", "properties": {"id": "2479", "name": "Ponto 2479"}, "geometry": {"type": "Point", "coordinates": [-39.03014928729141, -4.961351865882017]}}, {"type": "Feature", "properties": {"id": "2480", "name": "Ponto 2480"}, "geometry": {"type": "Point", "coordinates": [-39.02648654660011, -4.961022023736356]}}, {"type": "Feature", "properties": {"id": "2481", "name": "Ponto 2481"}, "geometry": {"type": "Point", "coordinates": [-39.02207822844585, -4.961468940295677]}}, {"type": "Feature", "properties": {"id": "2482", "name": "Ponto 2482"}, "geometry": {"type": "Point", "coordinates": [-39.01958262397306, -4.964095047836849]}}, {"type": "Feature", "properties": {"id": "2483", "name": "Ponto 2483"}, "geometry": {"type": "Point", "coordinates": [-39.027388405576524, -4.972183960318876]}}, {"type": "Feature", "properties": {"id": "2484", "name": "Ponto 2484"}, "geometry": {"type": "Point", "coordinates": [-39.01741079155081, -4.971620804598636]}}, {"type": "Feature", "properties": {"id": "2485", "name": "Ponto 2485"}, "geometry": {"type": "Point", "coordinates": [-39.00936731388628, -4.973071708417802]}}, {"type": "Feature", "properties": {"id": "2486", "name": "Ponto 2486"}, "geometry": {"type": "Point", "coordinates": [-39.01319754539036, -4.963942864494661]}}, {"type": "Feature", "properties": {"id": "2487", "name": "Ponto 2487"}, "geometry": {"type": "Point", "coordinates": [-39.03069045516638, -4.969536526230177]}}, {"type": "Feature", "properties": {"id": "2488", "name": "Ponto 2488"}, "geometry": {"type": "Point", "coordinates": [-39.01315177756849, -4.973015994073613]}}, {"type": "Feature", "properties": {"id": "2489", "name": "Ponto 2489"}, "geometry": {"type": "Point", "coordinates": [-39.006714991612874, -4.964520173356792]}}, {"type": "Feature", "properties": {"id": "2490", "name": "Ponto 2490"}, "geometry": {"type": "Point", "coordinates": [-39.025484194800605, -4.968666718787507]}}, {"type": "Feature", "properties": {"id": "2491", "name": "Ponto 2491"}, "geometry": {"type": "Point", "coordinates": [-39.01116009142695, -4.970941797866203]}}, {"type": "Feature", "properties": {"id": "2492", "name": "Ponto 2492"}, "geometry": {"type": "Point", "coordinates": [-39.01419401705817, -4.974036420503914]}}, {"type": "Feature", "properties": {"id": "2493", "name": "Ponto 2493"}, "geometry": {"type": "Point", "coordinates": [-39.017966357260065, -4.961385768260268]}}, {"type": "Feature", "properties": {"id": "2494", "name": "Ponto 2494"}, "geometry": {"type": "Point", "coordinates": [-39.029202486740054, -4.971848383781471]}}, {"type": "Feature", "properties": {"id": "2495", "name": "Ponto 2495"}, "geometry": {"type": "Point", "coordinates": [-39.01077668983082, -4.969563236628764]}}, {"type": "Feature", "properties": {"id": "2496", "name": "Ponto 2496"}, "geometry": {"type": "Point", "coordinates": [-39.00726285780298, -4.97167125834958]}}, {"type": "Feature", "properties": {"id": "2497", "name": "Ponto 2497"}, "geometry": {"type": "Point", "coordinates": [-39.015911660455586, -4.969321622560812]}}, {"type": "Feature", "properties": {"id": "2498", "name": "Ponto 2498"}, "geometry": {"type": "Point", "coordinates": [-39.0073541671787, -4.967264262581569]}}, {"type": "Feature", "properties": {"id": "2499", "name": "Ponto 2499"}, "geometry": {"type": "Point", "coordinates": [-39.00826403196903, -4.973711334714598]}}, {"type": "Feature", "properties": {"id": "2500", "name": "Ponto 2500"}, "geometry": {"type": "Point", "coordinates": [-39.00856224298044, -4.965450812454184]}}, {"type": "Feature", "properties": {"id": "2501", "name": "Ponto 2501"}, "geometry": {"type": "Point", "coordinates": [-39.02604642820488, -4.963108508782475]}}, {"type": "Feature", "properties": {"id": "2502", "name": "Ponto 2502"}, "geometry": {"type": "Point", "coordinates": [-39.02801952523253, -4.970029313066613]}}, {"type": "Feature", "properties": {"id": "2503", "name": "Ponto 2503"}, "geometry": {"type": "Point", "coordinates": [-39.01377838927396, -4.974223986296172]}}, {"type": "Feature", "properties": {"id": "2504", "name": "Ponto 2504"}, "geometry": {"type": "Point", "coordinates": [-39.01908320574052, -4.968066935733994]}}, {"type": "Feature", "properties": {"id": "2505", "name": "Ponto 2505"}, "geometry": {"type": "Point", "coordinates": [-39.02886741748113, -4.971977122054135]}}, {"type": "Feature", "properties": {"id": "2506", "name": "Ponto 2506"}, "geometry": {"type": "Point", "coordinates": [-39.01712070725676, -4.965335947138603]}}, {"type": "Feature", "properties": {"id": "2507", "name": "Ponto 2507"}, "geometry": {"type": "Point", "coordinates": [-39.01238855304569, -4.969446711538843]}}, {"type": "Feature", "properties": {"id": "2508", "name": "Ponto 2508"}, "geometry": {"type": "Point", "coordinates": [-39.01268899915636, -4.968786608687481]}}, {"type": "Feature", "properties": {"id": "2509", "name": "Ponto 2509"}, "geometry": {"type": "Point", "coordinates": [-39.024858925821604, -4.96116238767504]}}, {"type": "Feature", "properties": {"id": "2510", "name": "Ponto 2510"}, "geometry": {"type": "Point", "coordinates": [-39.02451373571299, -4.966005833855779]}}, {"type": "Feature", "properties": {"id": "2511", "name": "Ponto 2511"}, "geometry": {"type": "Point", "coordinates": [-39.00853983953011, -4.96443150952391]}}, {"type": "Feature", "properties": {"id": "2512", "name": "Ponto 2512"}, "geometry": {"type": "Point", "coordinates": [-39.02736591954209, -4.966090233181643]}}, {"type": "Feature", "properties": {"id": "2513", "name": "Ponto 2513"}, "geometry": {"type": "Point", "coordinates": [-39.01184910863931, -4.966338878627905]}}, {"type": "Feature", "properties": {"id": "2514", "name": "Ponto 2514"}, "geometry": {"type": "Point", "coordinates": [-39.013085339082714, -4.972893945785381]}}, {"type": "Feature", "properties": {"id": "2515", "name": "Ponto 2515"}, "geometry": {"type": "Point", "coordinates": [-39.019481092930796, -4.971413999486128]}}, {"type": "Feature", "properties": {"id": "2516", "name": "Ponto 2516"}, "geometry": {"type": "Point", "coordinates": [-39.01109273712552, -4.973785079893749]}}, {"type": "Feature", "properties": {"id": "2517", "name": "Ponto 2517"}, "geometry": {"type": "Point", "coordinates": [-39.01032475285472, -4.969195587335139]}}, {"type": "Feature", "properties": {"id": "2518", "name": "Ponto 2518"}, "geometry": {"type": "Point", "coordinates": [-39.02479488902448, -4.967019186356941]}}, {"type": "Feature", "properties": {"id": "2519", "name": "Ponto 2519"}, "geometry": {"type": "Point", "coordinates": [-39.02196600665124, -4.97396893784702]}}, {"type": "Feature", "properties": {"id": "2520", "name": "Ponto 2520"}, "geometry": {"type": "Point", "coordinates": [-39.0120496039158, -4.960928320915054]}}, {"type": "Feature", "properties": {"id": "2521", "name": "Ponto 2521"}, "geometry": {"type": "Point", "coordinates": [-39.02047578038878, -4.968018384309817]}}, {"type": "Feature", "properties": {"id": "2522", "name": "Ponto 2522"}, "geometry": {"type": "Point", "coordinates": [-39.01016439915245, -4.970711029001423]}}, {"type": "Feature", "properties": {"id": "2523", "name": "Ponto 2523"}, "geometry": {"type": "Point", "coordinates": [-39.03099070783517, -4.963323914030611]}}, {"type": "Feature", "properties": {"id": "2524", "name": "Ponto 2524"}, "geometry": {"type": "Point", "coordinates": [-39.029668589086434, -4.96720004514707]}}, {"type": "Feature", "properties": {"id": "2525", "name": "Ponto 2525"}, "geometry": {"type": "Point", "coordinates": [-39.010580437469365, -4.967291987357674]}}, {"type": "Feature", "properties": {"id": "2526", "name": "Ponto 2526"}, "geometry": {"type": "Point", "coordinates": [-39.02519073136252, -4.973425854647584]}}, {"type": "Feature", "properties": {"id": "2527", "name": "Ponto 2527"}, "geometry": {"type": "Point", "coordinates": [-39.0091470741158, -4.966294794915304]}}, {"type": "Feature", "properties": {"id": "2528", "name": "Ponto 2528"}, "geometry": {"type": "Point", "coordinates": [-39.017661193834556, -4.969755412561047]}}, {"type": "Feature", "properties": {"id": "2529", "name": "Ponto 2529"}, "geometry": {"type": "Point", "coordinates": [-39.029335522409006, -4.9636041286229515]}}, {"type": "Feature", "properties": {"id": "2530", "name": "Ponto 2530"}, "geometry": {"type": "Point", "coordinates": [-39.02832670052292, -4.964620011914419]}}, {"type": "Feature", "properties": {"id": "2531", "name": "Ponto 2531"}, "geometry": {"type": "Point", "coordinates": [-39.029751725002164, -4.968245833599688]}}, {"type": "Feature", "properties": {"id": "2532", "name": "Ponto 2532"}, "geometry": {"type": "Point", "coordinates": [-39.02015313096601, -4.9655742158587755]}}, {"type": "Feature", "properties": {"id": "2533", "name": "Ponto 2533"}, "geometry": {"type": "Point", "coordinates": [-39.01728588354263, -4.971570227978413]}}, {"type": "Feature", "properties": {"id": "2534", "name": "Ponto 2534"}, "geometry": {"type": "Point", "coordinates": [-39.02476858345944, -4.973614633961556]}}, {"type": "Feature", "properties": {"id": "2535", "name": "Ponto 2535"}, "geometry": {"type": "Point", "coordinates": [-39.02058477575917, -4.9703085227344665]}}, {"type": "Feature", "properties": {"id": "2536", "name": "Ponto 2536"}, "geometry": {"type": "Point", "coordinates": [-39.02105425537783, -4.962519952333034]}}, {"type": "Feature", "properties": {"id": "2537", "name": "Ponto 2537"}, "geometry": {"type": "Point", "coordinates": [-39.01534347161528, -4.96943329558211]}}, {"type": "Feature", "properties": {"id": "2538", "name": "Ponto 2538"}, "geometry": {"type": "Point", "coordinates": [-39.0217683085645, -4.966737403494304]}}, {"type": "Feature", "properties": {"id": "2539", "name": "Ponto 2539"}, "geometry": {"type": "Point", "coordinates": [-39.03070599167282, -4.9668240916731445]}}, {"type": "Feature", "properties": {"id": "2540", "name": "Ponto 2540"}, "geometry": {"type": "Point", "coordinates": [-39.02155354759792, -4.962701359377386]}}, {"type": "Feature", "properties": {"id": "2541", "name": "Ponto 2541"}, "geometry": {"type": "Point", "coordinates": [-39.023852701750215, -4.964767080910086]}}, {"type": "Feature", "properties": {"id": "2542", "name": "Ponto 2542"}, "geometry": {"type": "Point", "coordinates": [-39.01491798561809, -4.9668908603602056]}}, {"type": "Feature", "properties": {"id": "2543", "name": "Ponto 2543"}, "geometry": {"type": "Point", "coordinates": [-39.021680927813954, -4.965745986885232]}}, {"type": "Feature", "properties": {"id": "2544", "name": "Ponto 2544"}, "geometry": {"type": "Point", "coordinates": [-39.01179782406592, -4.971973120769709]}}, {"type": "Feature", "properties": {"id": "2545", "name": "Ponto 2545"}, "geometry": {"type": "Point", "coordinates": [-39.01766800694358, -4.9740045613165496]}}, {"type": "Feature", "properties": {"id": "2546", "name": "Ponto 2546"}, "geometry": {"type": "Point", "coordinates": [-39.0316157674114, -4.963967422042572]}}, {"type": "Feature", "properties": {"id": "2547", "name": "Ponto 2547"}, "geometry": {"type": "Point", "coordinates": [-39.022833288807554, -4.962609120924845]}}, {"type": "Feature", "properties": {"id": "2548", "name": "Ponto 2548"}, "geometry": {"type": "Point", "coordinates": [-39.026120142783476, -4.967726395093553]}}, {"type": "Feature", "properties": {"id": "2549", "name": "Ponto 2549"}, "geometry": {"type": "Point", "coordinates": [-39.01327664585619, -4.962171634921823]}}, {"type": "Feature", "properties": {"id": "2550", "name": "Ponto 2550"}, "geometry": {"type": "Point", "coordinates": [-39.0291148836269, -4.970160473311334]}}, {"type": "Feature", "properties": {"id": "2551", "name": "Ponto 2551"}, "geometry": {"type": "Point", "coordinates": [-39.03166322590179, -4.962831271853022]}}, {"type": "Feature", "properties": {"id": "2552", "name": "Ponto 2552"}, "geometry": {"type": "Point", "coordinates": [-39.020066076388424, -4.962659875924509]}}, {"type": "Feature", "properties": {"id": "2553", "name": "Ponto 2553"}, "geometry": {"type": "Point", "coordinates": [-39.017742355147554, -4.9667915338329305]}}, {"type": "Feature", "properties": {"id": "2554", "name": "Ponto 2554"}, "geometry": {"type": "Point", "coordinates": [-39.013021617317825, -4.965886805862298]}}, {"type": "Feature", "properties": {"id": "2555", "name": "Ponto 2555"}, "geometry": {"type": "Point", "coordinates": [-39.01659900502392, -4.970008571737644]}}, {"type": "Feature", "properties": {"id": "2556", "name": "Ponto 2556"}, "geometry": {"type": "Point", "coordinates": [-39.01615058275823, -4.963400568046143]}}, {"type": "Feature", "properties": {"id": "2557", "name": "Ponto 2557"}, "geometry": {"type": "Point", "coordinates": [-39.01439323699552, -4.974184290445755]}}, {"type": "Feature", "properties": {"id": "2558", "name": "Ponto 2558"}, "geometry": {"type": "Point", "coordinates": [-39.03145931258982, -4.963982998467538]}}, {"type": "Feature", "properties": {"id": "2559", "name": "Ponto 2559"}, "geometry": {"type": "Point", "coordinates": [-39.022291342952634, -4.972295072551682]}}, {"type": "Feature", "properties": {"id": "2560", "name": "Ponto 2560"}, "geometry": {"type": "Point", "coordinates": [-39.013404262275024, -4.972667479209086]}}, {"type": "Feature", "properties": {"id": "2561", "name": "Ponto 2561"}, "geometry": {"type": "Point", "coordinates": [-39.00678263407183, -4.973610856702322]}}, {"type": "Feature", "properties": {"id": "2562", "name": "Ponto 2562"}, "geometry": {"type": "Point", "coordinates": [-39.01563260835848, -4.964278286282655]}}, {"type": "Feature", "properties": {"id": "2563", "name": "Ponto 2563"}, "geometry": {"type": "Point", "coordinates": [-39.013991925366895, -4.973722244139022]}}, {"type": "Feature", "properties": {"id": "2564", "name": "Ponto 2564"}, "geometry": {"type": "Point", "coordinates": [-39.015005558663404, -4.970774995040963]}}, {"type": "Feature", "properties": {"id": "2565", "name": "Ponto 2565"}, "geometry": {"type": "Point", "coordinates": [-39.0261736546742, -4.962757280125415]}}, {"type": "Feature", "properties": {"id": "2566", "name": "Ponto 2566"}, "geometry": {"type": "Point", "coordinates": [-39.03148402497577, -4.963910341595294]}}, {"type": "Feature", "properties": {"id": "2567", "name": "Ponto 2567"}, "geometry": {"type": "Point", "coordinates": [-39.01003457155834, -4.9720587020618785]}}, {"type": "Feature", "properties": {"id": "2568", "name": "Ponto 2568"}, "geometry": {"type": "Point", "coordinates": [-39.01724864656896, -4.973391163465678]}}, {"type": "Feature", "properties": {"id": "2569", "name": "Ponto 2569"}, "geometry": {"type": "Point", "coordinates": [-39.02538058241367, -4.9740799267864295]}}, {"type": "Feature", "properties": {"id": "2570", "name": "Ponto 2570"}, "geometry": {"type": "Point", "coordinates": [-39.02787597080612, -4.963066265358597]}}, {"type": "Feature", "properties": {"id": "2571", "name": "Ponto 2571"}, "geometry": {"type": "Point", "coordinates": [-39.00965657026728, -4.974057730900934]}}, {"type": "Feature", "properties": {"id": "2572", "name": "Ponto 2572"}, "geometry": {"type": "Point", "coordinates": [-39.02432400776078, -4.9736658299442205]}}, {"type": "Feature", "properties": {"id": "2573", "name": "Ponto 2573"}, "geometry": {"type": "Point", "coordinates": [-39.01497801357597, -4.96713498725555]}}, {"type": "Feature", "properties": {"id": "2574", "name": "Ponto 2574"}, "geometry": {"type": "Point", "coordinates": [-39.006800855760815, -4.972344737075544]}}, {"type": "Feature", "properties": {"id": "2575", "name": "Ponto 2575"}, "geometry": {"type": "Point", "coordinates": [-39.02209139435152, -4.96408532240805]}}, {"type": "Feature", "properties": {"id": "2576", "name": "Ponto 2576"}, "geometry": {"type": "Point", "coordinates": [-39.025625105236436, -4.971080453017501]}}, {"type": "Feature", "properties": {"id": "2577", "name": "Ponto 2577"}, "geometry": {"type": "Point", "coordinates": [-39.01497368520394, -4.966069034361615]}}, {"type": "Feature", "properties": {"id": "2578", "name": "Ponto 2578"}, "geometry": {"type": "Point", "coordinates": [-39.02628463998021, -4.968187333484791]}}, {"type": "Feature", "properties": {"id": "2579", "name": "Ponto 2579"}, "geometry": {"type": "Point", "coordinates": [-39.025534508263554, -4.971547447264893]}}, {"type": "Feature", "properties": {"id": "2580", "name": "Ponto 2580"}, "geometry": {"type": "Point", "coordinates": [-39.02334657816288, -4.961921423470326]}}, {"type": "Feature", "properties": {"id": "2581", "name": "Ponto 2581"}, "geometry": {"type": "Point", "coordinates": [-39.02506954629624, -4.964214830230383]}}, {"type": "Feature", "properties": {"id": "2582", "name": "Ponto 2582"}, "geometry": {"type": "Point", "coordinates": [-39.016977408557025, -4.974312064484445]}}, {"type": "Feature", "properties": {"id": "2583", "name": "Ponto 2583"}, "geometry": {"type": "Point", "coordinates": [-39.0249516991699, -4.962252690482136]}}, {"type": "Feature", "properties": {"id": "2584", "name": "Ponto 2584"}, "geometry": {"type": "Point", "coordinates": [-39.013957892007056, -4.97394197105178]}}, {"type": "Feature", "properties": {"id": "2585", "name": "Ponto 2585"}, "geometry": {"type": "Point", "coordinates": [-39.015146405101035, -4.962374470492514]}}, {"type": "Feature", "properties": {"id": "2586", "name": "Ponto 2586"}, "geometry": {"type": "Point", "coordinates": [-39.023620562049615, -4.963338760520689]}}, {"type": "Feature", "properties": {"id": "2587", "name": "Ponto 2587"}, "geometry": {"type": "Point", "coordinates": [-39.00949632194263, -4.9642949585395355]}}, {"type": "Feature", "properties": {"id": "2588", "name": "Ponto 2588"}, "geometry": {"type": "Point", "coordinates": [-39.01832589775544, -4.9671568103316455]}}, {"type": "Feature", "properties": {"id": "2589", "name": "Ponto 2589"}, "geometry": {"type": "Point", "coordinates": [-39.02621780984162, -4.966105812898555]}}, {"type": "Feature", "properties": {"id": "2590", "name": "Ponto 2590"}, "geometry": {"type": "Point", "coordinates": [-39.01745849302913, -4.962635299292236]}}, {"type": "Feature", "properties": {"id": "2591", "name": "Ponto 2591"}, "geometry": {"type": "Point", "coordinates": [-39.025314595794484, -4.965634556106874]}}, {"type": "Feature", "properties": {"id": "2592", "name": "Ponto 2592"}, "geometry": {"type": "Point", "coordinates": [-39.018791325246745, -4.971867746937331]}}, {"type": "Feature", "properties": {"id": "2593", "name": "Ponto 2593"}, "geometry": {"type": "Point", "coordinates": [-39.03042711065759, -4.970770075746516]}}, {"type": "Feature", "properties": {"id": "2594", "name": "Ponto 2594"}, "geometry": {"type": "Point", "coordinates": [-39.01804395116406, -4.967707778164866]}}, {"type": "Feature", "properties": {"id": "2595", "name": "Ponto 2595"}, "geometry": {"type": "Point", "coordinates": [-39.0084628544277, -4.972329090138172]}}, {"type": "Feature", "properties": {"id": "2596", "name": "Ponto 2596"}, "geometry": {"type": "Point", "coordinates": [-39.01417988908306, -4.970197655970872]}}, {"type": "Feature", "properties": {"id": "2597", "name": "Ponto 2597"}, "geometry": {"type": "Point", "coordinates": [-39.02352062107978, -4.97072156479666]}}, {"type": "Feature", "properties": {"id": "2598", "name": "Ponto 2598"}, "geometry": {"type": "Point", "coordinates": [-39.03024553839127, -4.965184686444388]}}, {"type": "Feature", "properties": {"id": "2599", "name": "Ponto 2599"}, "geometry": {"type": "Point", "coordinates": [-39.01221238734612, -4.973878175901304]}}, {"type": "Feature", "properties": {"id": "2600", "name": "Ponto 2600"}, "geometry": {"type": "Point", "coordinates": [-39.017685727100954, -4.966975561245912]}}, {"type": "Feature", "properties": {"id": "2601", "name": "Ponto 2601"}, "geometry": {"type": "Point", "coordinates": [-39.01629402697123, -4.961254196828797]}}, {"type": "Feature", "properties": {"id": "2602", "name": "Ponto 2602"}, "geometry": {"type": "Point", "coordinates": [-39.008093201253075, -4.961538381430655]}}, {"type": "Feature", "properties": {"id": "2603", "name": "Ponto 2603"}, "geometry": {"type": "Point", "coordinates": [-39.030416919158505, -4.966040620019286]}}, {"type": "Feature", "properties": {"id": "2604", "name": "Ponto 2604"}, "geometry": {"type": "Point", "coordinates": [-39.00764492548187, -4.96100413699898]}}, {"type": "Feature", "properties": {"id": "2605", "name": "Ponto 2605"}, "geometry": {"type": "Point", "coordinates": [-39.030884744375506, -4.970881214468802]}}, {"type": "Feature", "properties": {"id": "2606", "name": "Ponto 2606"}, "geometry": {"type": "Point", "coordinates": [-39.030885393615954, -4.972467003590028]}}, {"type": "Feature", "properties": {"id": "2607", "name": "Ponto 2607"}, "geometry": {"type": "Point", "coordinates": [-39.01317430547213, -4.972165378037348]}}, {"type": "Feature", "properties": {"id": "2608", "name": "Ponto 2608"}, "geometry": {"type": "Point", "coordinates": [-39.0305894087607, -4.9613785434269655]}}, {"type": "Feature", "properties": {"id": "2609", "name": "Ponto 2609"}, "geometry": {"type": "Point", "coordinates": [-39.01177146834733, -4.97158417494451]}}, {"type": "Feature", "properties": {"id": "2610", "name": "Ponto 2610"}, "geometry": {"type": "Point", "coordinates": [-39.016841914177846, -4.967324812008337]}}, {"type": "Feature", "properties": {"id": "2611", "name": "Ponto 2611"}, "geometry": {"type": "Point", "coordinates": [-39.02553696241615, -4.9740419022238616]}}, {"type": "Feature", "properties": {"id": "2612", "name": "Ponto 2612"}, "geometry": {"type": "Point", "coordinates": [-39.01115360594277, -4.967049798690807]}}, {"type": "Feature", "properties": {"id": "2613", "name": "Ponto 2613"}, "geometry": {"type": "Point", "coordinates": [-39.01617173134306, -4.96982852230319]}}, {"type": "Feature", "properties": {"id": "2614", "name": "Ponto 2614"}, "geometry": {"type": "Point", "coordinates": [-39.01297527612353, -4.963465774543836]}}, {"type": "Feature", "properties": {"id": "2615", "name": "Ponto 2615"}, "geometry": {"type": "Point", "coordinates": [-39.012255834538216, -4.971895859332793]}}, {"type": "Feature", "properties": {"id": "2616", "name": "Ponto 2616"}, "geometry": {"type": "Point", "coordinates": [-39.01432887618614, -4.965834772800702]}}, {"type": "Feature", "properties": {"id": "2617", "name": "Ponto 2617"}, "geometry": {"type": "Point", "coordinates": [-39.017021903611735, -4.968522042578874]}}, {"type": "Feature", "properties": {"id": "2618", "name": "Ponto 2618"}, "geometry": {"type": "Point", "coordinates": [-39.01745027309616, -4.962193884509085]}}, {"type": "Feature", "properties": {"id": "2619", "name": "Ponto 2619"}, "geometry": {"type": "Point", "coordinates": [-39.01371265467291, -4.967449627122893]}}, {"type": "Feature", "properties": {"id": "2620", "name": "Ponto 2620"}, "geometry": {"type": "Point", "coordinates": [-39.02685066468946, -4.963506563709366]}}, {"type": "Feature", "properties": {"id": "2621", "name": "Ponto 2621"}, "geometry": {"type": "Point", "coordinates": [-39.02724853156824, -4.972219304647402]}}, {"type": "Feature", "properties": {"id": "2622", "name": "Ponto 2622"}, "geometry": {"type": "Point", "coordinates": [-39.016857577901135, -4.964137546948056]}}, {"type": "Feature", "properties": {"id": "2623", "name": "Ponto 2623"}, "geometry": {"type": "Point", "coordinates": [-39.01013327780155, -4.961860203474429]}}, {"type": "Feature", "properties": {"id": "2624", "name": "Ponto 2624"}, "geometry": {"type": "Point", "coordinates": [-39.03027156452213, -4.972091728979384]}}, {"type": "Feature", "properties": {"id": "2625", "name": "Ponto 2625"}, "geometry": {"type": "Point", "coordinates": [-39.031768663803746, -4.969749800023005]}}, {"type": "Feature", "properties": {"id": "2626", "name": "Ponto 2626"}, "geometry": {"type": "Point", "coordinates": [-39.025575482255164, -4.967627347323853]}}, {"type": "Feature", "properties": {"id": "2627", "name": "Ponto 2627"}, "geometry": {"type": "Point", "coordinates": [-39.01547664301431, -4.965828231184087]}}, {"type": "Feature", "properties": {"id": "2628", "name": "Ponto 2628"}, "geometry": {"type": "Point", "coordinates": [-39.02331899387155, -4.9612421529585795]}}, {"type": "Feature", "properties": {"id": "2629", "name": "Ponto 2629"}, "geometry": {"type": "Point", "coordinates": [-39.02934372463432, -4.970745046867773]}}, {"type": "Feature", "properties": {"id": "2630", "name": "Ponto 2630"}, "geometry": {"type": "Point", "coordinates": [-39.023833710089896, -4.971582631345742]}}, {"type": "Feature", "properties": {"id": "2631", "name": "Ponto 2631"}, "geometry": {"type": "Point", "coordinates": [-39.00857852375824, -4.968881661044677]}}, {"type": "Feature", "properties": {"id": "2632", "name": "Ponto 2632"}, "geometry": {"type": "Point", "coordinates": [-39.017004268018226, -4.965973859620231]}}, {"type": "Feature", "properties": {"id": "2633", "name": "Ponto 2633"}, "geometry": {"type": "Point", "coordinates": [-39.012174264575286, -4.97310762354307]}}, {"type": "Feature", "properties": {"id": "2634", "name": "Ponto 2634"}, "geometry": {"type": "Point", "coordinates": [-39.02582646816268, -4.969107844715013]}}, {"type": "Feature", "properties": {"id": "2635", "name": "Ponto 2635"}, "geometry": {"type": "Point", "coordinates": [-39.02801527267503, -4.9621369310020915]}}, {"type": "Feature", "properties": {"id": "2636", "name": "Ponto 2636"}, "geometry": {"type": "Point", "coordinates": [-39.024195671522115, -4.962864418984693]}}, {"type": "Feature", "properties": {"id": "2637", "name": "Ponto 2637"}, "geometry": {"type": "Point", "coordinates": [-39.0255042730463, -4.969184885710864]}}, {"type": "Feature", "properties": {"id": "2638", "name": "Ponto 2638"}, "geometry": {"type": "Point", "coordinates": [-39.028389217830025, -4.9722892335505335]}}, {"type": "Feature", "properties": {"id": "2639", "name": "Ponto 2639"}, "geometry": {"type": "Point", "coordinates": [-39.02910674761534, -4.96633895969518]}}, {"type": "Feature", "properties": {"id": "2640", "name": "Ponto 2640"}, "geometry": {"type": "Point", "coordinates": [-39.01019937468509, -4.971960793145697]}}, {"type": "Feature", "properties": {"id": "2641", "name": "Ponto 2641"}, "geometry": {"type": "Point", "coordinates": [-39.017687843792245, -4.962928914748945]}}, {"type": "Feature", "properties": {"id": "2642", "name": "Ponto 2642"}, "geometry": {"type": "Point", "coordinates": [-39.01174857741768, -4.968906370462366]}}, {"type": "Feature", "properties": {"id": "2643", "name": "Ponto 2643"}, "geometry": {"type": "Point", "coordinates": [-39.02988117026089, -4.962196269414509]}}, {"type": "Feature", "properties": {"id": "2644", "name": "Ponto 2644"}, "geometry": {"type": "Point", "coordinates": [-39.01520571364451, -4.96522759179829]}}, {"type": "Feature", "properties": {"id": "2645", "name": "Ponto 2645"}, "geometry": {"type": "Point", "coordinates": [-39.00729412977837, -4.967922079498149]}}, {"type": "Feature", "properties": {"id": "2646", "name": "Ponto 2646"}, "geometry": {"type": "Point", "coordinates": [-39.01317479368918, -4.9713260786844025]}}, {"type": "Feature", "properties": {"id": "2647", "name": "Ponto 2647"}, "geometry": {"type": "Point", "coordinates": [-39.02227360353898, -4.9682628178308015]}}, {"type": "Feature", "properties": {"id": "2648", "name": "Ponto 2648"}, "geometry": {"type": "Point", "coordinates": [-39.02270687547345, -4.965341834459569]}}, {"type": "Feature", "properties": {"id": "2649", "name": "Ponto 2649"}, "geometry": {"type": "Point", "coordinates": [-39.0102439786497, -4.969361882333721]}}, {"type": "Feature", "properties": {"id": "2650", "name": "Ponto 2650"}, "geometry": {"type": "Point", "coordinates": [-39.007759796008514, -4.967682586955776]}}, {"type": "Feature", "properties": {"id": "2651", "name": "Ponto 2651"}, "geometry": {"type": "Point", "coordinates": [-39.02120283951248, -4.971313032738729]}}, {"type": "Feature", "properties": {"id": "2652", "name": "Ponto 2652"}, "geometry": {"type": "Point", "coordinates": [-39.0161862764051, -4.9630801927845685]}}, {"type": "Feature", "properties": {"id": "2653", "name": "Ponto 2653"}, "geometry": {"type": "Point", "coordinates": [-39.021027390572016, -4.96967923156597]}}, {"type": "Feature", "properties": {"id": "2654", "name": "Ponto 2654"}, "geometry": {"type": "Point", "coordinates": [-39.0209984176238, -4.973664703258495]}}, {"type": "Feature", "properties": {"id": "2655", "name": "Ponto 2655"}, "geometry": {"type": "Point", "coordinates": [-39.01323670531257, -4.970163225190817]}}, {"type": "Feature", "properties": {"id": "2656", "name": "Ponto 2656"}, "geometry": {"type": "Point", "coordinates": [-39.008872688958746, -4.9701871342822885]}}, {"type": "Feature", "properties": {"id": "2657", "name": "Ponto 2657"}, "geometry": {"type": "Point", "coordinates": [-39.01653738746737, -4.970590916558188]}}, {"type": "Feature", "properties": {"id": "2658", "name": "Ponto 2658"}, "geometry": {"type": "Point", "coordinates": [-39.02271798083581, -4.96255160948859]}}, {"type": "Feature", "properties": {"id": "2659", "name": "Ponto 2659"}, "geometry": {"type": "Point", "coordinates": [-39.017670371510306, -4.972703926299656]}}, {"type": "Feature", "properties": {"id": "2660", "name": "Ponto 2660"}, "geometry": {"type": "Point", "coordinates": [-39.02197589847674, -4.9637174325369156]}}, {"type": "Feature", "properties": {"id": "2661", "name": "Ponto 2661"}, "geometry": {"type": "Point", "coordinates": [-39.03161007217897, -4.965021191910723]}}, {"type": "Feature", "properties": {"id": "2662", "name": "Ponto 2662"}, "geometry": {"type": "Point", "coordinates": [-39.00743786400716, -4.96856316032807]}}, {"type": "Feature", "properties": {"id": "2663", "name": "Ponto 2663"}, "geometry": {"type": "Point", "coordinates": [-39.014727228807054, -4.9647960873430685]}}, {"type": "Feature", "properties": {"id": "2664", "name": "Ponto 2664"}, "geometry": {"type": "Point", "coordinates": [-39.02799640913958, -4.973220926707811]}}, {"type": "Feature", "properties": {"id": "2665", "name": "Ponto 2665"}, "geometry": {"type": "Point", "coordinates": [-39.02969529919826, -4.9718612964061135]}}, {"type": "Feature", "properties": {"id": "2666", "name": "Ponto 2666"}, "geometry": {"type": "Point", "coordinates": [-39.009642565700226, -4.963243858292136]}}, {"type": "Feature", "properties": {"id": "2667", "name": "Ponto 2667"}, "geometry": {"type": "Point", "coordinates": [-39.02984795272589, -4.963619758935972]}}, {"type": "Feature", "properties": {"id": "2668", "name": "Ponto 2668"}, "geometry": {"type": "Point", "coordinates": [-39.01960650993366, -4.968420585846679]}}, {"type": "Feature", "properties": {"id": "2669", "name": "Ponto 2669"}, "geometry": {"type": "Point", "coordinates": [-39.01588948724791, -4.964517344814609]}}, {"type": "Feature", "properties": {"id": "2670", "name": "Ponto 2670"}, "geometry": {"type": "Point", "coordinates": [-39.02119276106815, -4.967669508069784]}}, {"type": "Feature", "properties": {"id": "2671", "name": "Ponto 2671"}, "geometry": {"type": "Point", "coordinates": [-39.0127125904404, -4.968397636318096]}}, {"type": "Feature", "properties": {"id": "2672", "name": "Ponto 2672"}, "geometry": {"type": "Point", "coordinates": [-39.01594269069556, -4.9734837313061755]}}, {"type": "Feature", "properties": {"id": "2673", "name": "Ponto 2673"}, "geometry": {"type": "Point", "coordinates": [-39.01619279184595, -4.973410486006989]}}, {"type": "Feature", "properties": {"id": "2674", "name": "Ponto 2674"}, "geometry": {"type": "Point", "coordinates": [-39.014333572286105, -4.971010347216248]}}, {"type": "Feature", "properties": {"id": "2675", "name": "Ponto 2675"}, "geometry": {"type": "Point", "coordinates": [-39.02983927693626, -4.964445857439548]}}, {"type": "Feature", "properties": {"id": "2676", "name": "Ponto 2676"}, "geometry": {"type": "Point", "coordinates": [-39.01596030974984, -4.96938930405528]}}, {"type": "Feature", "properties": {"id": "2677", "name": "Ponto 2677"}, "geometry": {"type": "Point", "coordinates": [-39.01008957100166, -4.965227266226384]}}, {"type": "Feature", "properties": {"id": "2678", "name": "Ponto 2678"}, "geometry": {"type": "Point", "coordinates": [-39.020662240414666, -4.972254444686141]}}, {"type": "Feature", "properties": {"id": "2679", "name": "Ponto 2679"}, "geometry": {"type": "Point", "coordinates": [-39.01146713023297, -4.964390981761118]}}, {"type": "Feature", "properties": {"id": "2680", "name": "Ponto 2680"}, "geometry": {"type": "Point", "coordinates": [-39.02335769937119, -4.972013824109159]}}, {"type": "Feature", "properties": {"id": "2681", "name": "Ponto 2681"}, "geometry": {"type": "Point", "coordinates": [-39.011666745881605, -4.974360022298378]}}, {"type": "Feature", "properties": {"id": "2682", "name": "Ponto 2682"}, "geometry": {"type": "Point", "coordinates": [-39.031258759800565, -4.964402529939786]}}, {"type": "Feature", "properties": {"id": "2683", "name": "Ponto 2683"}, "geometry": {"type": "Point", "coordinates": [-39.01550784110911, -4.972224161117088]}}, {"type": "Feature", "properties": {"id": "2684", "name": "Ponto 2684"}, "geometry": {"type": "Point", "coordinates": [-39.00882851478016, -4.9731655237428125]}}, {"type": "Feature", "properties": {"id": "2685", "name": "Ponto 2685"}, "geometry": {"type": "Point", "coordinates": [-39.0270699806201, -4.970073992339082]}}, {"type": "Feature", "properties": {"id": "2686", "name": "Ponto 2686"}, "geometry": {"type": "Point", "coordinates": [-39.02009428324437, -4.970838893887654]}}, {"type": "Feature", "properties": {"id": "2687", "name": "Ponto 2687"}, "geometry": {"type": "Point", "coordinates": [-39.01659377342035, -4.972655793174494]}}, {"type": "Feature", "properties": {"id": "2688", "name": "Ponto 2688"}, "geometry": {"type": "Point", "coordinates": [-39.01994342348713, -4.969300348937784]}}, {"type": "Feature", "properties": {"id": "2689", "name": "Ponto 2689"}, "geometry": {"type": "Point", "coordinates": [-39.023697075745005, -4.969764872130536]}}, {"type": "Feature", "properties": {"id": "2690", "name": "Ponto 2690"}, "geometry": {"type": "Point", "coordinates": [-39.006954000894844, -4.9690281637055325]}}, {"type": "Feature", "properties": {"id": "2691", "name": "Ponto 2691"}, "geometry": {"type": "Point", "coordinates": [-39.01188967655075, -4.966261168800526]}}, {"type": "Feature", "properties": {"id": "2692", "name": "Ponto 2692"}, "geometry": {"type": "Point", "coordinates": [-39.02489532806084, -4.97136666372669]}}, {"type": "Feature", "properties": {"id": "2693", "name": "Ponto 2693"}, "geometry": {"type": "Point", "coordinates": [-39.031084330087594, -4.962294604634956]}}, {"type": "Feature", "properties": {"id": "2694", "name": "Ponto 2694"}, "geometry": {"type": "Point", "coordinates": [-39.02778816886973, -4.969050685111433]}}, {"type": "Feature", "properties": {"id": "2695", "name": "Ponto 2695"}, "geometry": {"type": "Point", "coordinates": [-39.00820335255134, -4.973545640561208]}}, {"type": "Feature", "properties": {"id": "2696", "name": "Ponto 2696"}, "geometry": {"type": "Point", "coordinates": [-39.028250928738565, -4.9689063579456345]}}, {"type": "Feature", "properties": {"id": "2697", "name": "Ponto 2697"}, "geometry": {"type": "Point", "coordinates": [-39.02904600439441, -4.972296332575861]}}, {"type": "Feature", "properties": {"id": "2698", "name": "Ponto 2698"}, "geometry": {"type": "Point", "coordinates": [-39.01208257270503, -4.96597912242349]}}, {"type": "Feature", "properties": {"id": "2699", "name": "Ponto 2699"}, "geometry": {"type": "Point", "coordinates": [-39.0209663185803, -4.969942970759417]}}, {"type": "Feature", "properties": {"id": "2700", "name": "Ponto 2700"}, "geometry": {"type": "Point", "coordinates": [-39.009127069233465, -4.970535575314479]}}, {"type": "Feature", "properties": {"id": "2701", "name": "Ponto 2701"}, "geometry": {"type": "Point", "coordinates": [-39.024380316157114, -4.972925913458864]}}, {"type": "Feature", "properties": {"id": "2702", "name": "Ponto 2702"}, "geometry": {"type": "Point", "coordinates": [-39.010059317753516, -4.970442989990434]}}, {"type": "Feature", "properties": {"id": "2703", "name": "Ponto 2703"}, "geometry": {"type": "Point", "coordinates": [-39.02661853757707, -4.973369599233033]}}, {"type": "Feature", "properties": {"id": "2704", "name": "Ponto 2704"}, "geometry": {"type": "Point", "coordinates": [-39.01999620646948, -4.969901519148058]}}, {"type": "Feature", "properties": {"id": "2705", "name": "Ponto 2705"}, "geometry": {"type": "Point", "coordinates": [-39.01057979131885, -4.9667148758839]}}, {"type": "Feature", "properties": {"id": "2706", "name": "Ponto 2706"}, "geometry": {"type": "Point", "coordinates": [-39.02739378055337, -4.972792702426339]}}, {"type": "Feature", "properties": {"id": "2707", "name": "Ponto 2707"}, "geometry": {"type": "Point", "coordinates": [-39.02030125304837, -4.971481983751154]}}, {"type": "Feature", "properties": {"id": "2708", "name": "Ponto 2708"}, "geometry": {"type": "Point", "coordinates": [-39.012636988683575, -4.967145170249481]}}, {"type": "Feature", "properties": {"id": "2709", "name": "Ponto 2709"}, "geometry": {"type": "Point", "coordinates": [-39.02266772644201, -4.964141195436634]}}, {"type": "Feature", "properties": {"id": "2710", "name": "Ponto 2710"}, "geometry": {"type": "Point", "coordinates": [-39.03074219686548, -4.972733612927491]}}, {"type": "Feature", "properties": {"id": "2711", "name": "Ponto 2711"}, "geometry": {"type": "Point", "coordinates": [-39.02986423969603, -4.966283529939224]}}, {"type": "Feature", "properties": {"id": "2712", "name": "Ponto 2712"}, "geometry": {"type": "Point", "coordinates": [-39.01386502948008, -4.974090111905841]}}, {"type": "Feature", "properties": {"id": "2713", "name": "Ponto 2713"}, "geometry": {"type": "Point", "coordinates": [-39.01628823247876, -4.967827439460964]}}, {"type": "Feature", "properties": {"id": "2714", "name": "Ponto 2714"}, "geometry": {"type": "Point", "coordinates": [-39.03031767554974, -4.97172271249229]}}, {"type": "Feature", "properties": {"id": "2715", "name": "Ponto 2715"}, "geometry": {"type": "Point", "coordinates": [-39.02885084788988, -4.964106660701396]}}, {"type": "Feature", "properties": {"id": "2716", "name": "Ponto 2716"}, "geometry": {"type": "Point", "coordinates": [-39.024881652121046, -4.967838707812966]}}, {"type": "Feature", "properties": {"id": "2717", "name": "Ponto 2717"}, "geometry": {"type": "Point", "coordinates": [-39.01770976025223, -4.96921017774632]}}, {"type": "Feature", "properties": {"id": "2718", "name": "Ponto 2718"}, "geometry": {"type": "Point", "coordinates": [-39.01168436814808, -4.972850871300268]}}, {"type": "Feature", "properties": {"id": "2719", "name": "Ponto 2719"}, "geometry": {"type": "Point", "coordinates": [-39.00781344287855, -4.961076469328457]}}, {"type": "Feature", "properties": {"id": "2720", "name": "Ponto 2720"}, "geometry": {"type": "Point", "coordinates": [-39.01724247388174, -4.972931468223889]}}, {"type": "Feature", "properties": {"id": "2721", "name": "Ponto 2721"}, "geometry": {"type": "Point", "coordinates": [-39.01196039864811, -4.965877420647007]}}, {"type": "Feature", "properties": {"id": "2722", "name": "Ponto 2722"}, "geometry": {"type": "Point", "coordinates": [-39.024404791866075, -4.969500320406687]}}, {"type": "Feature", "properties": {"id": "2723", "name": "Ponto 2723"}, "geometry": {"type": "Point", "coordinates": [-39.03135865325699, -4.961522990149408]}}, {"type": "Feature", "properties": {"id": "2724", "name": "Ponto 2724"}, "geometry": {"type": "Point", "coordinates": [-39.010073549758324, -4.963699310060658]}}, {"type": "Feature", "properties": {"id": "2725", "name": "Ponto 2725"}, "geometry": {"type": "Point", "coordinates": [-39.0121767964015, -4.963938050673002]}}, {"type": "Feature", "properties": {"id": "2726", "name": "Ponto 2726"}, "geometry": {"type": "Point", "coordinates": [-39.02758804939636, -4.9738424354055075]}}, {"type": "Feature", "properties": {"id": "2727", "name": "Ponto 2727"}, "geometry": {"type": "Point", "coordinates": [-39.02605651731352, -4.972168486288358]}}, {"type": "Feature", "properties": {"id": "2728", "name": "Ponto 2728"}, "geometry": {"type": "Point", "coordinates": [-39.01460311039535, -4.9691428055541875]}}, {"type": "Feature", "properties": {"id": "2729", "name": "Ponto 2729"}, "geometry": {"type": "Point", "coordinates": [-39.0196401892905, -4.972430008068795]}}, {"type": "Feature", "properties": {"id": "2730", "name": "Ponto 2730"}, "geometry": {"type": "Point", "coordinates": [-39.008080306404956, -4.970256783688121]}}, {"type": "Feature", "properties": {"id": "2731", "name": "Ponto 2731"}, "geometry": {"type": "Point", "coordinates": [-39.02251401605296, -4.963071655719172]}}, {"type": "Feature", "properties": {"id": "2732", "name": "Ponto 2732"}, "geometry": {"type": "Point", "coordinates": [-39.02752389338868, -4.96984573303118]}}, {"type": "Feature", "properties": {"id": "2733", "name": "Ponto 2733"}, "geometry": {"type": "Point", "coordinates": [-39.02814795642627, -4.9742843911972106]}}, {"type": "Feature", "properties": {"id": "2734", "name": "Ponto 2734"}, "geometry": {"type": "Point", "coordinates": [-39.012466649586386, -4.971411892904875]}}, {"type": "Feature", "properties": {"id": "2735", "name": "Ponto 2735"}, "geometry": {"type": "Point", "coordinates": [-39.02960857048855, -4.966613548309841]}}, {"type": "Feature", "properties": {"id": "2736", "name": "Ponto 2736"}, "geometry": {"type": "Point", "coordinates": [-39.01359908175133, -4.972044271228521]}}, {"type": "Feature", "properties": {"id": "2737", "name": "Ponto 2737"}, "geometry": {"type": "Point", "coordinates": [-39.0252805739543, -4.966012003304285]}}, {"type": "Feature", "properties": {"id": "2738", "name": "Ponto 2738"}, "geometry": {"type": "Point", "coordinates": [-39.00714118819945, -4.9703266186455295]}}, {"type": "Feature", "properties": {"id": "2739", "name": "Ponto 2739"}, "geometry": {"type": "Point", "coordinates": [-39.02347658273546, -4.968742498836767]}}, {"type": "Feature", "properties": {"id": "2740", "name": "Ponto 2740"}, "geometry": {"type": "Point", "coordinates": [-39.01838031533458, -4.963206664977535]}}, {"type": "Feature", "properties": {"id": "2741", "name": "Ponto 2741"}, "geometry": {"type": "Point", "coordinates": [-39.0149628413615, -4.972547954187908]}}, {"type": "Feature", "properties": {"id": "2742", "name": "Ponto 2742"}, "geometry": {"type": "Point", "coordinates": [-39.014154640319795, -4.963114426652413]}}, {"type": "Feature", "properties": {"id": "2743", "name": "Ponto 2743"}, "geometry": {"type": "Point", "coordinates": [-39.01664732997014, -4.97303336993683]}}, {"type": "Feature", "properties": {"id": "2744", "name": "Ponto 2744"}, "geometry": {"type": "Point", "coordinates": [-39.02390568152969, -4.9730853910072454]}}, {"type": "Feature", "properties": {"id": "2745", "name": "Ponto 2745"}, "geometry": {"type": "Point", "coordinates": [-39.02330441448632, -4.963211256596954]}}, {"type": "Feature", "properties": {"id": "2746", "name": "Ponto 2746"}, "geometry": {"type": "Point", "coordinates": [-39.02787383980727, -4.973118028666204]}}, {"type": "Feature", "properties": {"id": "2747", "name": "Ponto 2747"}, "geometry": {"type": "Point", "coordinates": [-39.014997845056, -4.968947977237768]}}, {"type": "Feature", "properties": {"id": "2748", "name": "Ponto 2748"}, "geometry": {"type": "Point", "coordinates": [-39.00731541822072, -4.968331579060367]}}, {"type": "Feature", "properties": {"id": "2749", "name": "Ponto 2749"}, "geometry": {"type": "Point", "coordinates": [-39.00714442264216, -4.963976347282341]}}, {"type": "Feature", "properties": {"id": "2750", "name": "Ponto 2750"}, "geometry": {"type": "Point", "coordinates": [-39.01451816368617, -4.970727882267266]}}, {"type": "Feature", "properties": {"id": "2751", "name": "Ponto 2751"}, "geometry": {"type": "Point", "coordinates": [-39.01131595989925, -4.970701749888418]}}, {"type": "Feature", "properties": {"id": "2752", "name": "Ponto 2752"}, "geometry": {"type": "Point", "coordinates": [-39.02816724336359, -4.967568123804044]}}, {"type": "Feature", "properties": {"id": "2753", "name": "Ponto 2753"}, "geometry": {"type": "Point", "coordinates": [-39.00675095170204, -4.963940495657369]}}, {"type": "Feature", "properties": {"id": "2754", "name": "Ponto 2754"}, "geometry": {"type": "Point", "coordinates": [-39.029246774495626, -4.967918297899593]}}, {"type": "Feature", "properties": {"id": "2755", "name": "Ponto 2755"}, "geometry": {"type": "Point", "coordinates": [-39.024031313770145, -4.973533590365546]}}, {"type": "Feature", "properties": {"id": "2756", "name": "Ponto 2756"}, "geometry": {"type": "Point", "coordinates": [-39.03031877732613, -4.962793826831396]}}, {"type": "Feature", "properties": {"id": "2757", "name": "Ponto 2757"}, "geometry": {"type": "Point", "coordinates": [-39.02767877480504, -4.972516008387045]}}, {"type": "Feature", "properties": {"id": "2758", "name": "Ponto 2758"}, "geometry": {"type": "Point", "coordinates": [-39.02330768938432, -4.968064677170749]}}, {"type": "Feature", "properties": {"id": "2759", "name": "Ponto 2759"}, "geometry": {"type": "Point", "coordinates": [-39.01701960855821, -4.973685712084773]}}, {"type": "Feature", "properties": {"id": "2760", "name": "Ponto 2760"}, "geometry": {"type": "Point", "coordinates": [-39.02357551088977, -4.965521119532665]}}, {"type": "Feature", "properties": {"id": "2761", "name": "Ponto 2761"}, "geometry": {"type": "Point", "coordinates": [-39.026043752362234, -4.966326049604767]}}, {"type": "Feature", "properties": {"id": "2762", "name": "Ponto 2762"}, "geometry": {"type": "Point", "coordinates": [-39.01342127383206, -4.963558568382529]}}, {"type": "Feature", "properties": {"id": "2763", "name": "Ponto 2763"}, "geometry": {"type": "Point", "coordinates": [-39.03149131582082, -4.969291077537195]}}, {"type": "Feature", "properties": {"id": "2764", "name": "Ponto 2764"}, "geometry": {"type": "Point", "coordinates": [-39.01710865495741, -4.966227273817594]}}, {"type": "Feature", "properties": {"id": "2765", "name": "Ponto 2765"}, "geometry": {"type": "Point", "coordinates": [-39.017660470352624, -4.9683624427469875]}}, {"type": "Feature", "properties": {"id": "2766", "name": "Ponto 2766"}, "geometry": {"type": "Point", "coordinates": [-39.02554548490277, -4.972882066248113]}}, {"type": "Feature", "properties": {"id": "2767", "name": "Ponto 2767"}, "geometry": {"type": "Point", "coordinates": [-39.01876732429167, -4.966176825262169]}}, {"type": "Feature", "properties": {"id": "2768", "name": "Ponto 2768"}, "geometry": {"type": "Point", "coordinates": [-39.0183958178969, -4.969055662482947]}}, {"type": "Feature", "properties": {"id": "2769", "name": "Ponto 2769"}, "geometry": {"type": "Point", "coordinates": [-39.02636355152082, -4.970213799676137]}}, {"type": "Feature", "properties": {"id": "2770", "name": "Ponto 2770"}, "geometry": {"type": "Point", "coordinates": [-39.024881548267075, -4.96578735433967]}}, {"type": "Feature", "properties": {"id": "2771", "name": "Ponto 2771"}, "geometry": {"type": "Point", "coordinates": [-39.013782244792246, -4.970453909473114]}}, {"type": "Feature", "properties": {"id": "2772", "name": "Ponto 2772"}, "geometry": {"type": "Point", "coordinates": [-39.03245202282669, -4.962562376282041]}}, {"type": "Feature", "properties": {"id": "2773", "name": "Ponto 2773"}, "geometry": {"type": "Point", "coordinates": [-39.015226412218844, -4.965251809337021]}}, {"type": "Feature", "properties": {"id": "2774", "name": "Ponto 2774"}, "geometry": {"type": "Point", "coordinates": [-39.01330671791469, -4.965574118531974]}}, {"type": "Feature", "properties": {"id": "2775", "name": "Ponto 2775"}, "geometry": {"type": "Point", "coordinates": [-39.02409711919272, -4.966822491488952]}}, {"type": "Feature", "properties": {"id": "2776", "name": "Ponto 2776"}, "geometry": {"type": "Point", "coordinates": [-39.0314871147908, -4.9702011356825055]}}, {"type": "Feature", "properties": {"id": "2777", "name": "Ponto 2777"}, "geometry": {"type": "Point", "coordinates": [-39.01635871465781, -4.971156264333689]}}, {"type": "Feature", "properties": {"id": "2778", "name": "Ponto 2778"}, "geometry": {"type": "Point", "coordinates": [-39.018841131897844, -4.961712094739974]}}, {"type": "Feature", "properties": {"id": "2779", "name": "Ponto 2779"}, "geometry": {"type": "Point", "coordinates": [-39.024934983189475, -4.96150373724925]}}, {"type": "Feature", "properties": {"id": "2780", "name": "Ponto 2780"}, "geometry": {"type": "Point", "coordinates": [-39.02109236783894, -4.964222318568327]}}, {"type": "Feature", "properties": {"id": "2781", "name": "Ponto 2781"}, "geometry": {"type": "Point", "coordinates": [-39.0293867020059, -4.964144264767212]}}, {"type": "Feature", "properties": {"id": "2782", "name": "Ponto 2782"}, "geometry": {"type": "Point", "coordinates": [-39.010800094492296, -4.972194029951669]}}, {"type": "Feature", "properties": {"id": "2783", "name": "Ponto 2783"}, "geometry": {"type": "Point", "coordinates": [-39.01443157301865, -4.964319871765232]}}, {"type": "Feature", "properties": {"id": "2784", "name": "Ponto 2784"}, "geometry": {"type": "Point", "coordinates": [-39.031457752086176, -4.963811838906617]}}, {"type": "Feature", "properties": {"id": "2785", "name": "Ponto 2785"}, "geometry": {"type": "Point", "coordinates": [-39.009100984264094, -4.962247318509869]}}, {"type": "Feature", "properties": {"id": "2786", "name": "Ponto 2786"}, "geometry": {"type": "Point", "coordinates": [-39.02557894224125, -4.961622066298645]}}, {"type": "Feature", "properties": {"id": "2787", "name": "Ponto 2787"}, "geometry": {"type": "Point", "coordinates": [-39.024010456797114, -4.964979589182769]}}, {"type": "Feature", "properties": {"id": "2788", "name": "Ponto 2788"}, "geometry": {"type": "Point", "coordinates": [-39.03145387411874, -4.9707028548130845]}}, {"type": "Feature", "properties": {"id": "2789", "name": "Ponto 2789"}, "geometry": {"type": "Point", "coordinates": [-39.0155019631799, -4.960928065865568]}}, {"type": "Feature", "properties": {"id": "2790", "name": "Ponto 2790"}, "geometry": {"type": "Point", "coordinates": [-39.02402912383208, -4.971881103270725]}}, {"type": "Feature", "properties": {"id": "2791", "name": "Ponto 2791"}, "geometry": {"type": "Point", "coordinates": [-39.0231780337164, -4.972922088454661]}}, {"type": "Feature", "properties": {"id": "2792", "name": "Ponto 2792"}, "geometry": {"type": "Point", "coordinates": [-39.02074395918626, -4.961804967141493]}}, {"type": "Feature", "properties": {"id": "2793", "name": "Ponto 2793"}, "geometry": {"type": "Point", "coordinates": [-39.021365215495635, -4.970167575833735]}}, {"type": "Feature", "properties": {"id": "2794", "name": "Ponto 2794"}, "geometry": {"type": "Point", "coordinates": [-39.0186727596896, -4.962785973675377]}}, {"type": "Feature", "properties": {"id": "2795", "name": "Ponto 2795"}, "geometry": {"type": "Point", "coordinates": [-39.03106548634972, -4.966126744749632]}}, {"type": "Feature", "properties": {"id": "2796", "name": "Ponto 2796"}, "geometry": {"type": "Point", "coordinates": [-39.01854826040284, -4.965859703873089]}}, {"type": "Feature", "properties": {"id": "2797", "name": "Ponto 2797"}, "geometry": {"type": "Point", "coordinates": [-39.00778663190798, -4.97196130821705]}}, {"type": "Feature", "properties": {"id": "2798", "name": "Ponto 2798"}, "geometry": {"type": "Point", "coordinates": [-39.02377085552376, -4.964535216702502]}}, {"type": "Feature", "properties": {"id": "2799", "name": "Ponto 2799"}, "geometry": {"type": "Point", "coordinates": [-39.00889454954937, -4.974166319619993]}}, {"type": "Feature", "properties": {"id": "2800", "name": "Ponto 2800"}, "geometry": {"type": "Point", "coordinates": [-39.01690967985429, -4.966892067465026]}}, {"type": "Feature", "properties": {"id": "2801", "name": "Ponto 2801"}, "geometry": {"type": "Point", "coordinates": [-39.02764460288022, -4.9710368846314035]}}, {"type": "Feature", "properties": {"id": "2802", "name": "Ponto 2802"}, "geometry": {"type": "Point", "coordinates": [-39.02315642680863, -4.970894692341731]}}, {"type": "Feature", "properties": {"id": "2803", "name": "Ponto 2803"}, "geometry": {"type": "Point", "coordinates": [-39.02630300715442, -4.970063281800529]}}, {"type": "Feature", "properties": {"id": "2804", "name": "Ponto 2804"}, "geometry": {"type": "Point", "coordinates": [-39.01092812411759, -4.969332223318479]}}, {"type": "Feature", "properties": {"id": "2805", "name": "Ponto 2805"}, "geometry": {"type": "Point", "coordinates": [-39.01003493230425, -4.962938372688388]}}, {"type": "Feature", "properties": {"id": "2806", "name": "Ponto 2806"}, "geometry": {"type": "Point", "coordinates": [-39.02490459395841, -4.972848362443013]}}, {"type": "Feature", "properties": {"id": "2807", "name": "Ponto 2807"}, "geometry": {"type": "Point", "coordinates": [-39.02001495994026, -4.96557640098445]}}, {"type": "Feature", "properties": {"id": "2808", "name": "Ponto 2808"}, "geometry": {"type": "Point", "coordinates": [-39.024000744512556, -4.965339692507261]}}, {"type": "Feature", "properties": {"id": "2809", "name": "Ponto 2809"}, "geometry": {"type": "Point", "coordinates": [-39.02960541260955, -4.967552859069822]}}, {"type": "Feature", "properties": {"id": "2810", "name": "Ponto 2810"}, "geometry": {"type": "Point", "coordinates": [-39.030658599268136, -4.972010412876834]}}, {"type": "Feature", "properties": {"id": "2811", "name": "Ponto 2811"}, "geometry": {"type": "Point", "coordinates": [-39.013446048020576, -4.962073479308156]}}, {"type": "Feature", "properties": {"id": "2812", "name": "Ponto 2812"}, "geometry": {"type": "Point", "coordinates": [-39.0127301652116, -4.974332213237404]}}, {"type": "Feature", "properties": {"id": "2813", "name": "Ponto 2813"}, "geometry": {"type": "Point", "coordinates": [-39.019921573339026, -4.97308874876718]}}, {"type": "Feature", "properties": {"id": "2814", "name": "Ponto 2814"}, "geometry": {"type": "Point", "coordinates": [-39.01769907724535, -4.961607782086343]}}, {"type": "Feature", "properties": {"id": "2815", "name": "Ponto 2815"}, "geometry": {"type": "Point", "coordinates": [-39.02582090854652, -4.965754864684225]}}, {"type": "Feature", "properties": {"id": "2816", "name": "Ponto 2816"}, "geometry": {"type": "Point", "coordinates": [-39.02747364490164, -4.964122425165115]}}, {"type": "Feature", "properties": {"id": "2817", "name": "Ponto 2817"}, "geometry": {"type": "Point", "coordinates": [-39.02051750390863, -4.966411792060111]}}, {"type": "Feature", "properties": {"id": "2818", "name": "Ponto 2818"}, "geometry": {"type": "Point", "coordinates": [-39.02187722816014, -4.967306320152879]}}, {"type": "Feature", "properties": {"id": "2819", "name": "Ponto 2819"}, "geometry": {"type": "Point", "coordinates": [-39.019077543619225, -4.968881913160112]}}, {"type": "Feature", "properties": {"id": "2820", "name": "Ponto 2820"}, "geometry": {"type": "Point", "coordinates": [-39.00824853610952, -4.964535594886909]}}, {"type": "Feature", "properties": {"id": "2821", "name": "Ponto 2821"}, "geometry": {"type": "Point", "coordinates": [-39.01511581918098, -4.968450888237275]}}, {"type": "Feature", "properties": {"id": "2822", "name": "Ponto 2822"}, "geometry": {"type": "Point", "coordinates": [-39.02116163012249, -4.965479711311135]}}, {"type": "Feature", "properties": {"id": "2823", "name": "Ponto 2823"}, "geometry": {"type": "Point", "coordinates": [-39.03052032484068, -4.971599313412881]}}, {"type": "Feature", "properties": {"id": "2824", "name": "Ponto 2824"}, "geometry": {"type": "Point", "coordinates": [-39.02840785657108, -4.965973787039016]}}, {"type": "Feature", "properties": {"id": "2825", "name": "Ponto 2825"}, "geometry": {"type": "Point", "coordinates": [-39.01810508705088, -4.961233062524016]}}, {"type": "Feature", "properties": {"id": "2826", "name": "Ponto 2826"}, "geometry": {"type": "Point", "coordinates": [-39.01056193473452, -4.965075828001348]}}, {"type": "Feature", "properties": {"id": "2827", "name": "Ponto 2827"}, "geometry": {"type": "Point", "coordinates": [-39.02364641901005, -4.970036343479804]}}, {"type": "Feature", "properties": {"id": "2828", "name": "Ponto 2828"}, "geometry": {"type": "Point", "coordinates": [-39.02991131501267, -4.962917808397119]}}, {"type": "Feature", "properties": {"id": "2829", "name": "Ponto 2829"}, "geometry": {"type": "Point", "coordinates": [-39.007204936843785, -4.968471021008269]}}, {"type": "Feature", "properties": {"id": "2830", "name": "Ponto 2830"}, "geometry": {"type": "Point", "coordinates": [-39.02642295612211, -4.970395946529265]}}, {"type": "Feature", "properties": {"id": "2831", "name": "Ponto 2831"}, "geometry": {"type": "Point", "coordinates": [-39.01917312851617, -4.9644345352634645]}}, {"type": "Feature", "properties": {"id": "2832", "name": "Ponto 2832"}, "geometry": {"type": "Point", "coordinates": [-39.02116559264022, -4.965456103556781]}}, {"type": "Feature", "properties": {"id": "2833", "name": "Ponto 2833"}, "geometry": {"type": "Point", "coordinates": [-39.00729705509043, -4.9676488356784025]}}, {"type": "Feature", "properties": {"id": "2834", "name": "Ponto 2834"}, "geometry": {"type": "Point", "coordinates": [-39.011112737695434, -4.968448045416839]}}, {"type": "Feature", "properties": {"id": "2835", "name": "Ponto 2835"}, "geometry": {"type": "Point", "coordinates": [-39.0137387863892, -4.971191578186792]}}, {"type": "Feature", "properties": {"id": "2836", "name": "Ponto 2836"}, "geometry": {"type": "Point", "coordinates": [-39.01282526528201, -4.964062606255482]}}, {"type": "Feature", "properties": {"id": "2837", "name": "Ponto 2837"}, "geometry": {"type": "Point", "coordinates": [-39.006822600979106, -4.971680054390023]}}, {"type": "Feature", "properties": {"id": "2838", "name": "Ponto 2838"}, "geometry": {"type": "Point", "coordinates": [-39.03177796564654, -4.967774909326502]}}, {"type": "Feature", "properties": {"id": "2839", "name": "Ponto 2839"}, "geometry": {"type": "Point", "coordinates": [-39.01831024559859, -4.962861350775352]}}, {"type": "Feature", "properties": {"id": "2840", "name": "Ponto 2840"}, "geometry": {"type": "Point", "coordinates": [-39.00896588537434, -4.961806040248861]}}, {"type": "Feature", "properties": {"id": "2841", "name": "Ponto 2841"}, "geometry": {"type": "Point", "coordinates": [-39.0316772105358, -4.9691696169502535]}}, {"type": "Feature", "properties": {"id": "2842", "name": "Ponto 2842"}, "geometry": {"type": "Point", "coordinates": [-39.01454387532793, -4.973232192094096]}}, {"type": "Feature", "properties": {"id": "2843", "name": "Ponto 2843"}, "geometry": {"type": "Point", "coordinates": [-39.01817266337472, -4.970578082024773]}}, {"type": "Feature", "properties": {"id": "2844", "name": "Ponto 2844"}, "geometry": {"type": "Point", "coordinates": [-39.019902691393604, -4.964455355310108]}}, {"type": "Feature", "properties": {"id": "2845", "name": "Ponto 2845"}, "geometry": {"type": "Point", "coordinates": [-39.02700810595885, -4.97120816088241]}}, {"type": "Feature", "properties": {"id": "2846", "name": "Ponto 2846"}, "geometry": {"type": "Point", "coordinates": [-39.0102652157559, -4.9683997187269275]}}, {"type": "Feature", "properties": {"id": "2847", "name": "Ponto 2847"}, "geometry": {"type": "Point", "coordinates": [-39.027726940758534, -4.96954069912965]}}, {"type": "Feature", "properties": {"id": "2848", "name": "Ponto 2848"}, "geometry": {"type": "Point", "coordinates": [-39.013238736149, -4.974137421139676]}}, {"type": "Feature", "properties": {"id": "2849", "name": "Ponto 2849"}, "geometry": {"type": "Point", "coordinates": [-39.03150697014231, -4.968342737149923]}}, {"type": "Feature", "properties": {"id": "2850", "name": "Ponto 2850"}, "geometry": {"type": "Point", "coordinates": [-39.018408692271144, -4.971824189316214]}}, {"type": "Feature", "properties": {"id": "2851", "name": "Ponto 2851"}, "geometry": {"type": "Point", "coordinates": [-39.03237878790585, -4.961944985268649]}}, {"type": "Feature", "properties": {"id": "2852", "name": "Ponto 2852"}, "geometry": {"type": "Point", "coordinates": [-39.00855770799054, -4.968830620830413]}}, {"type": "Feature", "properties": {"id": "2853", "name": "Ponto 2853"}, "geometry": {"type": "Point", "coordinates": [-39.011003260987415, -4.9738874202604535]}}, {"type": "Feature", "properties": {"id": "2854", "name": "Ponto 2854"}, "geometry": {"type": "Point", "coordinates": [-39.00747674457126, -4.961490310295412]}}, {"type": "Feature", "properties": {"id": "2855", "name": "Ponto 2855"}, "geometry": {"type": "Point", "coordinates": [-39.023677850224374, -4.962255859157707]}}, {"type": "Feature", "properties": {"id": "2856", "name": "Ponto 2856"}, "geometry": {"type": "Point", "coordinates": [-39.02665253636612, -4.969274080527675]}}, {"type": "Feature", "properties": {"id": "2857", "name": "Ponto 2857"}, "geometry": {"type": "Point", "coordinates": [-39.021579487378666, -4.9739354052782225]}}, {"type": "Feature", "properties": {"id": "2858", "name": "Ponto 2858"}, "geometry": {"type": "Point", "coordinates": [-39.01044135093692, -4.971464243233747]}}, {"type": "Feature", "properties": {"id": "2859", "name": "Ponto 2859"}, "geometry": {"type": "Point", "coordinates": [-39.024287473261936, -4.972476981725275]}}, {"type": "Feature", "properties": {"id": "2860", "name": "Ponto 2860"}, "geometry": {"type": "Point", "coordinates": [-39.02446706919393, -4.9613030277240044]}}, {"type": "Feature", "properties": {"id": "2861", "name": "Ponto 2861"}, "geometry": {"type": "Point", "coordinates": [-39.02838649704131, -4.965044317636827]}}, {"type": "Feature", "properties": {"id": "2862", "name": "Ponto 2862"}, "geometry": {"type": "Point", "coordinates": [-39.02967383907675, -4.967189081904399]}}, {"type": "Feature", "properties": {"id": "2863", "name": "Ponto 2863"}, "geometry": {"type": "Point", "coordinates": [-39.02203855147465, -4.964180322679724]}}, {"type": "Feature", "properties": {"id": "2864", "name": "Ponto 2864"}, "geometry": {"type": "Point", "coordinates": [-39.018778564262725, -4.973122053550692]}}, {"type": "Feature", "properties": {"id": "2865", "name": "Ponto 2865"}, "geometry": {"type": "Point", "coordinates": [-39.010261161450785, -4.962444219086384]}}, {"type": "Feature", "properties": {"id": "2866", "name": "Ponto 2866"}, "geometry": {"type": "Point", "coordinates": [-39.01101237544134, -4.972445370817519]}}, {"type": "Feature", "properties": {"id": "2867", "name": "Ponto 2867"}, "geometry": {"type": "Point", "coordinates": [-39.0170697941252, -4.97400153524627]}}, {"type": "Feature", "properties": {"id": "2868", "name": "Ponto 2868"}, "geometry": {"type": "Point", "coordinates": [-39.00679376718031, -4.969055938858667]}}, {"type": "Feature", "properties": {"id": "2869", "name": "Ponto 2869"}, "geometry": {"type": "Point", "coordinates": [-39.00912776552337, -4.963371106626929]}}, {"type": "Feature", "properties": {"id": "2870", "name": "Ponto 2870"}, "geometry": {"type": "Point", "coordinates": [-39.027474207753954, -4.965124405403239]}}, {"type": "Feature", "properties": {"id": "2871", "name": "Ponto 2871"}, "geometry": {"type": "Point", "coordinates": [-39.03177362213899, -4.968510173421909]}}, {"type": "Feature", "properties": {"id": "2872", "name": "Ponto 2872"}, "geometry": {"type": "Point", "coordinates": [-39.018711314473045, -4.9631777542430475]}}, {"type": "Feature", "properties": {"id": "2873", "name": "Ponto 2873"}, "geometry": {"type": "Point", "coordinates": [-39.00914580012873, -4.963847979992195]}}, {"type": "Feature", "properties": {"id": "2874", "name": "Ponto 2874"}, "geometry": {"type": "Point", "coordinates": [-39.011234062099746, -4.966531427276392]}}, {"type": "Feature", "properties": {"id": "2875", "name": "Ponto 2875"}, "geometry": {"type": "Point", "coordinates": [-39.02929655258849, -4.972539253010456]}}, {"type": "Feature", "properties": {"id": "2876", "name": "Ponto 2876"}, "geometry": {"type": "Point", "coordinates": [-39.02824180833952, -4.961282393769703]}}, {"type": "Feature", "properties": {"id": "2877", "name": "Ponto 2877"}, "geometry": {"type": "Point", "coordinates": [-39.0075677813636, -4.9703855241160735]}}, {"type": "Feature", "properties": {"id": "2878", "name": "Ponto 2878"}, "geometry": {"type": "Point", "coordinates": [-39.01162722765893, -4.968770703296198]}}, {"type": "Feature", "properties": {"id": "2879", "name": "Ponto 2879"}, "geometry": {"type": "Point", "coordinates": [-39.017806398054006, -4.974344684437969]}}, {"type": "Feature", "properties": {"id": "2880", "name": "Ponto 2880"}, "geometry": {"type": "Point", "coordinates": [-39.013411728762264, -4.9673525857127245]}}, {"type": "Feature", "properties": {"id": "2881", "name": "Ponto 2881"}, "geometry": {"type": "Point", "coordinates": [-39.02661126645303, -4.971539531652333]}}, {"type": "Feature", "properties": {"id": "2882", "name": "Ponto 2882"}, "geometry": {"type": "Point", "coordinates": [-39.00960110570307, -4.970574852433506]}}, {"type": "Feature", "properties": {"id": "2883", "name": "Ponto 2883"}, "geometry": {"type": "Point", "coordinates": [-39.02923686411438, -4.961885205863112]}}, {"type": "Feature", "properties": {"id": "2884", "name": "Ponto 2884"}, "geometry": {"type": "Point", "coordinates": [-39.01719121697909, -4.965808027230379]}}, {"type": "Feature", "properties": {"id": "2885", "name": "Ponto 2885"}, "geometry": {"type": "Point", "coordinates": [-39.018817457356214, -4.964624024038218]}}, {"type": "Feature", "properties": {"id": "2886", "name": "Ponto 2886"}, "geometry": {"type": "Point", "coordinates": [-39.02867843915685, -4.971198771291116]}}, {"type": "Feature", "properties": {"id": "2887", "name": "Ponto 2887"}, "geometry": {"type": "Point", "coordinates": [-39.00923170269028, -4.973083844334617]}}, {"type": "Feature", "properties": {"id": "2888", "name": "Ponto 2888"}, "geometry": {"type": "Point", "coordinates": [-39.010768760054404, -4.964571295897015]}}, {"type": "Feature", "properties": {"id": "2889", "name": "Ponto 2889"}, "geometry": {"type": "Point", "coordinates": [-39.00876529569515, -4.961657036683733]}}, {"type": "Feature", "properties": {"id": "2890", "name": "Ponto 2890"}, "geometry": {"type": "Point", "coordinates": [-39.018330929592224, -4.970843815316733]}}, {"type": "Feature", "properties": {"id": "2891", "name": "Ponto 2891"}, "geometry": {"type": "Point", "coordinates": [-39.02439204161863, -4.963429794616939]}}, {"type": "Feature", "properties": {"id": "2892", "name": "Ponto 2892"}, "geometry": {"type": "Point", "coordinates": [-39.023188976374485, -4.968049350375773]}}, {"type": "Feature", "properties": {"id": "2893", "name": "Ponto 2893"}, "geometry": {"type": "Point", "coordinates": [-39.03217767134462, -4.964519594501573]}}, {"type": "Feature", "properties": {"id": "2894", "name": "Ponto 2894"}, "geometry": {"type": "Point", "coordinates": [-39.00972769958824, -4.962419774163648]}}, {"type": "Feature", "properties": {"id": "2895", "name": "Ponto 2895"}, "geometry": {"type": "Point", "coordinates": [-39.00741955069036, -4.96936681547709]}}, {"type": "Feature", "properties": {"id": "2896", "name": "Ponto 2896"}, "geometry": {"type": "Point", "coordinates": [-39.02061986003351, -4.968945249781819]}}, {"type": "Feature", "properties": {"id": "2897", "name": "Ponto 2897"}, "geometry": {"type": "Point", "coordinates": [-39.02036796276156, -4.966751935577449]}}, {"type": "Feature", "properties": {"id": "2898", "name": "Ponto 2898"}, "geometry": {"type": "Point", "coordinates": [-39.026606215438605, -4.966986312775349]}}, {"type": "Feature", "properties": {"id": "2899", "name": "Ponto 2899"}, "geometry": {"type": "Point", "coordinates": [-39.02153134703632, -4.964097100643852]}}, {"type": "Feature", "properties": {"id": "2900", "name": "Ponto 2900"}, "geometry": {"type": "Point", "coordinates": [-39.0198682683847, -4.9712019419702]}}, {"type": "Feature", "properties": {"id": "2901", "name": "Ponto 2901"}, "geometry": {"type": "Point", "coordinates": [-39.03197950479867, -4.9625604229262255]}}, {"type": "Feature", "properties": {"id": "2902", "name": "Ponto 2902"}, "geometry": {"type": "Point", "coordinates": [-39.02017162477133, -4.963318824986677]}}, {"type": "Feature", "properties": {"id": "2903", "name": "Ponto 2903"}, "geometry": {"type": "Point", "coordinates": [-39.02842136546305, -4.970065563326452]}}, {"type": "Feature", "properties": {"id": "2904", "name": "Ponto 2904"}, "geometry": {"type": "Point", "coordinates": [-39.02624879864057, -4.961388112960345]}}, {"type": "Feature", "properties": {"id": "2905", "name": "Ponto 2905"}, "geometry": {"type": "Point", "coordinates": [-39.010960914579215, -4.972312671833191]}}, {"type": "Feature", "properties": {"id": "2906", "name": "Ponto 2906"}, "geometry": {"type": "Point", "coordinates": [-39.007106422648704, -4.961447238351406]}}, {"type": "Feature", "properties": {"id": "2907", "name": "Ponto 2907"}, "geometry": {"type": "Point", "coordinates": [-39.021522733795955, -4.966571055529171]}}, {"type": "Feature", "properties": {"id": "2908", "name": "Ponto 2908"}, "geometry": {"type": "Point", "coordinates": [-39.024896459778674, -4.968938487026045]}}, {"type": "Feature", "properties": {"id": "2909", "name": "Ponto 2909"}, "geometry": {"type": "Point", "coordinates": [-39.017782486403426, -4.9625781668522055]}}, {"type": "Feature", "properties": {"id": "2910", "name": "Ponto 2910"}, "geometry": {"type": "Point", "coordinates": [-39.01203283732197, -4.967517445547014]}}, {"type": "Feature", "properties": {"id": "2911", "name": "Ponto 2911"}, "geometry": {"type": "Point", "coordinates": [-39.016020637709616, -4.963232530090442]}}, {"type": "Feature", "properties": {"id": "2912", "name": "Ponto 2912"}, "geometry": {"type": "Point", "coordinates": [-39.014028577146874, -4.970922609079095]}}, {"type": "Feature", "properties": {"id": "2913", "name": "Ponto 2913"}, "geometry": {"type": "Point", "coordinates": [-39.01174076507105, -4.970440059783635]}}, {"type": "Feature", "properties": {"id": "2914", "name": "Ponto 2914"}, "geometry": {"type": "Point", "coordinates": [-39.02323171679972, -4.973753459571334]}}, {"type": "Feature", "properties": {"id": "2915", "name": "Ponto 2915"}, "geometry": {"type": "Point", "coordinates": [-39.02476997069602, -4.9632229685387905]}}, {"type": "Feature", "properties": {"id": "2916", "name": "Ponto 2916"}, "geometry": {"type": "Point", "coordinates": [-39.03080960520775, -4.967495632686347]}}, {"type": "Feature", "properties": {"id": "2917", "name": "Ponto 2917"}, "geometry": {"type": "Point", "coordinates": [-39.02151328154064, -4.972056832059359]}}, {"type": "Feature", "properties": {"id": "2918", "name": "Ponto 2918"}, "geometry": {"type": "Point", "coordinates": [-39.01661116450227, -4.9641198505062025]}}, {"type": "Feature", "properties": {"id": "2919", "name": "Ponto 2919"}, "geometry": {"type": "Point", "coordinates": [-39.00750871182086, -4.965239921039298]}}, {"type": "Feature", "properties": {"id": "2920", "name": "Ponto 2920"}, "geometry": {"type": "Point", "coordinates": [-39.02311227802574, -4.967621785926433]}}, {"type": "Feature", "properties": {"id": "2921", "name": "Ponto 2921"}, "geometry": {"type": "Point", "coordinates": [-39.01372129345193, -4.967506667919051]}}, {"type": "Feature", "properties": {"id": "2922", "name": "Ponto 2922"}, "geometry": {"type": "Point", "coordinates": [-39.02833057754608, -4.9628540515539665]}}, {"type": "Feature", "properties": {"id": "2923", "name": "Ponto 2923"}, "geometry": {"type": "Point", "coordinates": [-39.01506624531132, -4.974334899316345]}}, {"type": "Feature", "properties": {"id": "2924", "name": "Ponto 2924"}, "geometry": {"type": "Point", "coordinates": [-39.00869922085863, -4.962453135302869]}}, {"type": "Feature", "properties": {"id": "2925", "name": "Ponto 2925"}, "geometry": {"type": "Point", "coordinates": [-39.01939782141268, -4.965943495754491]}}, {"type": "Feature", "properties": {"id": "2926", "name": "Ponto 2926"}, "geometry": {"type": "Point", "coordinates": [-39.022388763020516, -4.967100241048348]}}, {"type": "Feature", "properties": {"id": "2927", "name": "Ponto 2927"}, "geometry": {"type": "Point", "coordinates": [-39.02621600872722, -4.970450247598263]}}, {"type": "Feature", "properties": {"id": "2928", "name": "Ponto 2928"}, "geometry": {"type": "Point", "coordinates": [-39.01331378106727, -4.971024371019088]}}, {"type": "Feature", "properties": {"id": "2929", "name": "Ponto 2929"}, "geometry": {"type": "Point", "coordinates": [-39.02748198643694, -4.96865237627928]}}, {"type": "Feature", "properties": {"id": "2930", "name": "Ponto 2930"}, "geometry": {"type": "Point", "coordinates": [-39.02067490885096, -4.962233123167372]}}, {"type": "Feature", "properties": {"id": "2931", "name": "Ponto 2931"}, "geometry": {"type": "Point", "coordinates": [-39.008915779605005, -4.9691504213581705]}}, {"type": "Feature", "properties": {"id": "2932", "name": "Ponto 2932"}, "geometry": {"type": "Point", "coordinates": [-39.01765884678392, -4.9623509177280205]}}, {"type": "Feature", "properties": {"id": "2933", "name": "Ponto 2933"}, "geometry": {"type": "Point", "coordinates": [-39.03008266644551, -4.963198545610239]}}, {"type": "Feature", "properties": {"id": "2934", "name": "Ponto 2934"}, "geometry": {"type": "Point", "coordinates": [-39.02075348080125, -4.972900061875602]}}, {"type": "Feature", "properties": {"id": "2935", "name": "Ponto 2935"}, "geometry": {"type": "Point", "coordinates": [-39.02043804475074, -4.963005750787311]}}, {"type": "Feature", "properties": {"id": "2936", "name": "Ponto 2936"}, "geometry": {"type": "Point", "coordinates": [-39.01695834984128, -4.965951063622483]}}, {"type": "Feature", "properties": {"id": "2937", "name": "Ponto 2937"}, "geometry": {"type": "Point", "coordinates": [-39.021942370797944, -4.96562188536418]}}, {"type": "Feature", "properties": {"id": "2938", "name": "Ponto 2938"}, "geometry": {"type": "Point", "coordinates": [-39.0073733478198, -4.965898312482891]}}, {"type": "Feature", "properties": {"id": "2939", "name": "Ponto 2939"}, "geometry": {"type": "Point", "coordinates": [-39.01842310068628, -4.9622048460097465]}}, {"type": "Feature", "properties": {"id": "2940", "name": "Ponto 2940"}, "geometry": {"type": "Point", "coordinates": [-39.03016274695177, -4.963626809587075]}}, {"type": "Feature", "properties": {"id": "2941", "name": "Ponto 2941"}, "geometry": {"type": "Point", "coordinates": [-39.01494643726126, -4.971997323923486]}}, {"type": "Feature", "properties": {"id": "2942", "name": "Ponto 2942"}, "geometry": {"type": "Point", "coordinates": [-39.0320548956037, -4.971380023537263]}}, {"type": "Feature", "properties": {"id": "2943", "name": "Ponto 2943"}, "geometry": {"type": "Point", "coordinates": [-39.02364651093834, -4.972809812416543]}}, {"type": "Feature", "properties": {"id": "2944", "name": "Ponto 2944"}, "geometry": {"type": "Point", "coordinates": [-39.02809495556952, -4.966320626703996]}}, {"type": "Feature", "properties": {"id": "2945", "name": "Ponto 2945"}, "geometry": {"type": "Point", "coordinates": [-39.02412547522423, -4.962937535325653]}}, {"type": "Feature", "properties": {"id": "2946", "name": "Ponto 2946"}, "geometry": {"type": "Point", "coordinates": [-39.0071986086471, -4.968022528756508]}}, {"type": "Feature", "properties": {"id": "2947", "name": "Ponto 2947"}, "geometry": {"type": "Point", "coordinates": [-39.013972042927605, -4.971177757855703]}}, {"type": "Feature", "properties": {"id": "2948", "name": "Ponto 2948"}, "geometry": {"type": "Point", "coordinates": [-39.00732613675313, -4.973406843432285]}}, {"type": "Feature", "properties": {"id": "2949", "name": "Ponto 2949"}, "geometry": {"type": "Point", "coordinates": [-39.020623182799376, -4.9615254142232965]}}, {"type": "Feature", "properties": {"id": "2950", "name": "Ponto 2950"}, "geometry": {"type": "Point", "coordinates": [-39.02604520021674, -4.961027236328612]}}, {"type": "Feature", "properties": {"id": "2951", "name": "Ponto 2951"}, "geometry": {"type": "Point", "coordinates": [-39.02053175630675, -4.972353939542973]}}, {"type": "Feature", "properties": {"id": "2952", "name": "Ponto 2952"}, "geometry": {"type": "Point", "coordinates": [-39.0268055801964, -4.966844524467431]}}, {"type": "Feature", "properties": {"id": "2953", "name": "Ponto 2953"}, "geometry": {"type": "Point", "coordinates": [-39.01136586264467, -4.970391620434845]}}, {"type": "Feature", "properties": {"id": "2954", "name": "Ponto 2954"}, "geometry": {"type": "Point", "coordinates": [-39.012259729712675, -4.964199460254555]}}, {"type": "Feature", "properties": {"id": "2955", "name": "Ponto 2955"}, "geometry": {"type": "Point", "coordinates": [-39.01896313921483, -4.969643133749944]}}, {"type": "Feature", "properties": {"id": "2956", "name": "Ponto 2956"}, "geometry": {"type": "Point", "coordinates": [-39.01653837039107, -4.9688047776448165]}}, {"type": "Feature", "properties": {"id": "2957", "name": "Ponto 2957"}, "geometry": {"type": "Point", "coordinates": [-39.00855740729148, -4.962337046040173]}}, {"type": "Feature", "properties": {"id": "2958", "name": "Ponto 2958"}, "geometry": {"type": "Point", "coordinates": [-39.00942068677385, -4.962850353808101]}}, {"type": "Feature", "properties": {"id": "2959", "name": "Ponto 2959"}, "geometry": {"type": "Point", "coordinates": [-39.02153670278658, -4.962611822768597]}}, {"type": "Feature", "properties": {"id": "2960", "name": "Ponto 2960"}, "geometry": {"type": "Point", "coordinates": [-39.013835512065945, -4.96680102498383]}}, {"type": "Feature", "properties": {"id": "2961", "name": "Ponto 2961"}, "geometry": {"type": "Point", "coordinates": [-39.02304248739243, -4.970582317411637]}}, {"type": "Feature", "properties": {"id": "2962", "name": "Ponto 2962"}, "geometry": {"type": "Point", "coordinates": [-39.020032727751214, -4.96450635755021]}}, {"type": "Feature", "properties": {"id": "2963", "name": "Ponto 2963"}, "geometry": {"type": "Point", "coordinates": [-39.02521527782429, -4.9657742392418465]}}, {"type": "Feature", "properties": {"id": "2964", "name": "Ponto 2964"}, "geometry": {"type": "Point", "coordinates": [-39.009040352962046, -4.970140871559559]}}, {"type": "Feature", "properties": {"id": "2965", "name": "Ponto 2965"}, "geometry": {"type": "Point", "coordinates": [-39.025605769462956, -4.968842447169117]}}, {"type": "Feature", "properties": {"id": "2966", "name": "Ponto 2966"}, "geometry": {"type": "Point", "coordinates": [-39.029387659070416, -4.967210983029514]}}, {"type": "Feature", "properties": {"id": "2967", "name": "Ponto 2967"}, "geometry": {"type": "Point", "coordinates": [-39.02085375365773, -4.964768744945806]}}, {"type": "Feature", "properties": {"id": "2968", "name": "Ponto 2968"}, "geometry": {"type": "Point", "coordinates": [-39.01820290528807, -4.9733184367489445]}}, {"type": "Feature", "properties": {"id": "2969", "name": "Ponto 2969"}, "geometry": {"type": "Point", "coordinates": [-39.007544148950224, -4.961130172152322]}}, {"type": "Feature", "properties": {"id": "2970", "name": "Ponto 2970"}, "geometry": {"type": "Point", "coordinates": [-39.015706298815914, -4.965887219744245]}}, {"type": "Feature", "properties": {"id": "2971", "name": "Ponto 2971"}, "geometry": {"type": "Point", "coordinates": [-39.02544433244992, -4.969451584714246]}}, {"type": "Feature", "properties": {"id": "2972", "name": "Ponto 2972"}, "geometry": {"type": "Point", "coordinates": [-39.008962144903734, -4.9723126936614666]}}, {"type": "Feature", "properties": {"id": "2973", "name": "Ponto 2973"}, "geometry": {"type": "Point", "coordinates": [-39.02939609481141, -4.968951434818682]}}, {"type": "Feature", "properties": {"id": "2974", "name": "Ponto 2974"}, "geometry": {"type": "Point", "coordinates": [-39.01729089634118, -4.96400455813033]}}, {"type": "Feature", "properties": {"id": "2975", "name": "Ponto 2975"}, "geometry": {"type": "Point", "coordinates": [-39.015260324579245, -4.964655488068355]}}, {"type": "Feature", "properties": {"id": "2976", "name": "Ponto 2976"}, "geometry": {"type": "Point", "coordinates": [-39.011174187336586, -4.9697510847872275]}}, {"type": "Feature", "properties": {"id": "2977", "name": "Ponto 2977"}, "geometry": {"type": "Point", "coordinates": [-39.03005124530319, -4.970495509052573]}}, {"type": "Feature", "properties": {"id": "2978", "name": "Ponto 2978"}, "geometry": {"type": "Point", "coordinates": [-39.02717841015727, -4.961149300535188]}}, {"type": "Feature", "properties": {"id": "2979", "name": "Ponto 2979"}, "geometry": {"type": "Point", "coordinates": [-39.0139314886763, -4.963891467288132]}}, {"type": "Feature", "properties": {"id": "2980", "name": "Ponto 2980"}, "geometry": {"type": "Point", "coordinates": [-39.02453683802773, -4.967188585071296]}}, {"type": "Feature", "properties": {"id": "2981", "name": "Ponto 2981"}, "geometry": {"type": "Point", "coordinates": [-39.012534111698876, -4.9624976892089485]}}, {"type": "Feature", "properties": {"id": "2982", "name": "Ponto 2982"}, "geometry": {"type": "Point", "coordinates": [-39.020148969684485, -4.961511691674203]}}, {"type": "Feature", "properties": {"id": "2983", "name": "Ponto 2983"}, "geometry": {"type": "Point", "coordinates": [-39.03196546282459, -4.968053815561816]}}, {"type": "Feature", "properties": {"id": "2984", "name": "Ponto 2984"}, "geometry": {"type": "Point", "coordinates": [-39.02997092285855, -4.9701244587318785]}}, {"type": "Feature", "properties": {"id": "2985", "name": "Ponto 2985"}, "geometry": {"type": "Point", "coordinates": [-39.028297949437835, -4.964975747740624]}}, {"type": "Feature", "properties": {"id": "2986", "name": "Ponto 2986"}, "geometry": {"type": "Point", "coordinates": [-39.02396513927867, -4.974306657984376]}}, {"type": "Feature", "properties": {"id": "2987", "name": "Ponto 2987"}, "geometry": {"type": "Point", "coordinates": [-39.02484483112914, -4.965479286102288]}}, {"type": "Feature", "properties": {"id": "2988", "name": "Ponto 2988"}, "geometry": {"type": "Point", "coordinates": [-39.01942995903514, -4.968033207534518]}}, {"type": "Feature", "properties": {"id": "2989", "name": "Ponto 2989"}, "geometry": {"type": "Point", "coordinates": [-39.016334589127865, -4.962552035584007]}}, {"type": "Feature", "properties": {"id": "2990", "name": "Ponto 2990"}, "geometry": {"type": "Point", "coordinates": [-39.0192872829156, -4.964635076588059]}}, {"type": "Feature", "properties": {"id": "2991", "name": "Ponto 2991"}, "geometry": {"type": "Point", "coordinates": [-39.01646134102523, -4.968755896328101]}}, {"type": "Feature", "properties": {"id": "2992", "name": "Ponto 2992"}, "geometry": {"type": "Point", "coordinates": [-39.02317264124723, -4.974110596527507]}}, {"type": "Feature", "properties": {"id": "2993", "name": "Ponto 2993"}, "geometry": {"type": "Point", "coordinates": [-39.026161309677875, -4.968122846891965]}}, {"type": "Feature", "properties": {"id": "2994", "name": "Ponto 2994"}, "geometry": {"type": "Point", "coordinates": [-39.02333116007426, -4.9710524348964205]}}, {"type": "Feature", "properties": {"id": "2995", "name": "Ponto 2995"}, "geometry": {"type": "Point", "coordinates": [-39.029398920890195, -4.961476944570258]}}, {"type": "Feature", "properties": {"id": "2996", "name": "Ponto 2996"}, "geometry": {"type": "Point", "coordinates": [-39.00824489275622, -4.967274915642176]}}, {"type": "Feature", "properties": {"id": "2997", "name": "Ponto 2997"}, "geometry": {"type": "Point", "coordinates": [-39.02490994607419, -4.972614760584008]}}, {"type": "Feature", "properties": {"id": "2998", "name": "Ponto 2998"}, "geometry": {"type": "Point", "coordinates": [-39.018639145942686, -4.966435439117365]}}, {"type": "Feature", "properties": {"id": "2999", "name": "Ponto 2999"}, "geometry": {"type": "Point", "coordinates": [-39.007534951687596, -4.971796225306351]}}, {"type": "Feature", "properties": {"id": "3000", "name": "Ponto 3000"}, "geometry": {"type": "Point", "coordinates": [-39.03236092399589, -4.969961769620813]}}, {"type": "Feature", "properties": {"id": "3001", "name": "Ponto 3001"}, "geometry": {"type": "Point", "coordinates": [-39.01167969280058, -4.9733502688945155]}}, {"type": "Feature", "properties": {"id": "3002", "name": "Ponto 3002"}, "geometry": {"type": "Point", "coordinates": [-39.02093209846241, -4.9743703869056155]}}, {"type": "Feature", "properties": {"id": "3003", "name": "Ponto 3003"}, "geometry": {"type": "Point", "coordinates": [-39.03214231571161, -4.965436003994031]}}, {"type": "Feature", "properties": {"id": "3004", "name": "Ponto 3004"}, "geometry": {"type": "Point", "coordinates": [-39.01813784897531, -4.965668965703719]}}, {"type": "Feature", "properties": {"id": "3005", "name": "Ponto 3005"}, "geometry": {"type": "Point", "coordinates": [-39.020417381927594, -4.974119482640723]}}, {"type": "Feature", "properties": {"id": "3006", "name": "Ponto 3006"}, "geometry": {"type": "Point", "coordinates": [-39.02559782752007, -4.964328758566873]}}, {"type": "Feature", "properties": {"id": "3007", "name": "Ponto 3007"}, "geometry": {"type": "Point", "coordinates": [-39.03026634151179, -4.965867541568535]}}, {"type": "Feature", "properties": {"id": "3008", "name": "Ponto 3008"}, "geometry": {"type": "Point", "coordinates": [-39.022964647849, -4.9726274174019345]}}, {"type": "Feature", "properties": {"id": "3009", "name": "Ponto 3009"}, "geometry": {"type": "Point", "coordinates": [-39.019396236779215, -4.971846877506654]}}, {"type": "Feature", "properties": {"id": "3010", "name": "Ponto 3010"}, "geometry": {"type": "Point", "coordinates": [-39.02311492700228, -4.971319207575302]}}, {"type": "Feature", "properties": {"id": "3011", "name": "Ponto 3011"}, "geometry": {"type": "Point", "coordinates": [-39.030637727177385, -4.964422088008168]}}, {"type": "Feature", "properties": {"id": "3012", "name": "Ponto 3012"}, "geometry": {"type": "Point", "coordinates": [-39.02041818748935, -4.965234410273133]}}, {"type": "Feature", "properties": {"id": "3013", "name": "Ponto 3013"}, "geometry": {"type": "Point", "coordinates": [-39.01816717240408, -4.974313444644786]}}, {"type": "Feature", "properties": {"id": "3014", "name": "Ponto 3014"}, "geometry": {"type": "Point", "coordinates": [-39.015911982058284, -4.969125534274978]}}, {"type": "Feature", "properties": {"id": "3015", "name": "Ponto 3015"}, "geometry": {"type": "Point", "coordinates": [-39.0211802082004, -4.964020004437603]}}, {"type": "Feature", "properties": {"id": "3016", "name": "Ponto 3016"}, "geometry": {"type": "Point", "coordinates": [-39.032488660656895, -4.965487548093565]}}, {"type": "Feature", "properties": {"id": "3017", "name": "Ponto 3017"}, "geometry": {"type": "Point", "coordinates": [-39.02783668009248, -4.971390691239405]}}, {"type": "Feature", "properties": {"id": "3018", "name": "Ponto 3018"}, "geometry": {"type": "Point", "coordinates": [-39.01861763406816, -4.971423773232309]}}, {"type": "Feature", "properties": {"id": "3019", "name": "Ponto 3019"}, "geometry": {"type": "Point", "coordinates": [-39.03144072517626, -4.971776330656515]}}, {"type": "Feature", "properties": {"id": "3020", "name": "Ponto 3020"}, "geometry": {"type": "Point", "coordinates": [-39.02732339539955, -4.966864225359997]}}, {"type": "Feature", "properties": {"id": "3021", "name": "Ponto 3021"}, "geometry": {"type": "Point", "coordinates": [-39.0239815203329, -4.969099147067075]}}, {"type": "Feature", "properties": {"id": "3022", "name": "Ponto 3022"}, "geometry": {"type": "Point", "coordinates": [-39.016434221440115, -4.9650822720410615]}}, {"type": "Feature", "properties": {"id": "3023", "name": "Ponto 3023"}, "geometry": {"type": "Point", "coordinates": [-39.02487631424202, -4.969636126578694]}}, {"type": "Feature", "properties": {"id": "3024", "name": "Ponto 3024"}, "geometry": {"type": "Point", "coordinates": [-39.02519799640736, -4.96165699678027]}}, {"type": "Feature", "properties": {"id": "3025", "name": "Ponto 3025"}, "geometry": {"type": "Point", "coordinates": [-39.01039125835017, -4.9627703545061435]}}, {"type": "Feature", "properties": {"id": "3026", "name": "Ponto 3026"}, "geometry": {"type": "Point", "coordinates": [-39.01835561283913, -4.974072295035748]}}, {"type": "Feature", "properties": {"id": "3027", "name": "Ponto 3027"}, "geometry": {"type": "Point", "coordinates": [-39.01859122605786, -4.966081857323097]}}, {"type": "Feature", "properties": {"id": "3028", "name": "Ponto 3028"}, "geometry": {"type": "Point", "coordinates": [-39.027005435508656, -4.9683273202663205]}}, {"type": "Feature", "properties": {"id": "3029", "name": "Ponto 3029"}, "geometry": {"type": "Point", "coordinates": [-39.02548010367277, -4.973414805094526]}}, {"type": "Feature", "properties": {"id": "3030", "name": "Ponto 3030"}, "geometry": {"type": "Point", "coordinates": [-39.007801297611906, -4.973042492027738]}}, {"type": "Feature", "properties": {"id": "3031", "name": "Ponto 3031"}, "geometry": {"type": "Point", "coordinates": [-39.01124819426838, -4.967692132978447]}}, {"type": "Feature", "properties": {"id": "3032", "name": "Ponto 3032"}, "geometry": {"type": "Point", "coordinates": [-39.013563359385415, -4.9734976101759445]}}, {"type": "Feature", "properties": {"id": "3033", "name": "Ponto 3033"}, "geometry": {"type": "Point", "coordinates": [-39.013013940257274, -4.971363579810301]}}, {"type": "Feature", "properties": {"id": "3034", "name": "Ponto 3034"}, "geometry": {"type": "Point", "coordinates": [-39.02693632320905, -4.968387513722547]}}, {"type": "Feature", "properties": {"id": "3035", "name": "Ponto 3035"}, "geometry": {"type": "Point", "coordinates": [-39.012601232840794, -4.960927636689845]}}, {"type": "Feature", "properties": {"id": "3036", "name": "Ponto 3036"}, "geometry": {"type": "Point", "coordinates": [-39.01436946473184, -4.965995872309919]}}, {"type": "Feature", "properties": {"id": "3037", "name": "Ponto 3037"}, "geometry": {"type": "Point", "coordinates": [-39.014662483702416, -4.966524259102255]}}, {"type": "Feature", "properties": {"id": "3038", "name": "Ponto 3038"}, "geometry": {"type": "Point", "coordinates": [-39.03097080037573, -4.969238769674853]}}, {"type": "Feature", "properties": {"id": "3039", "name": "Ponto 3039"}, "geometry": {"type": "Point", "coordinates": [-39.01874834331636, -4.967651006747841]}}, {"type": "Feature", "properties": {"id": "3040", "name": "Ponto 3040"}, "geometry": {"type": "Point", "coordinates": [-39.030468838688705, -4.969715553638732]}}, {"type": "Feature", "properties": {"id": "3041", "name": "Ponto 3041"}, "geometry": {"type": "Point", "coordinates": [-39.0094882810971, -4.96510088568569]}}, {"type": "Feature", "properties": {"id": "3042", "name": "Ponto 3042"}, "geometry": {"type": "Point", "coordinates": [-39.01897341391425, -4.96463202468318]}}, {"type": "Feature", "properties": {"id": "3043", "name": "Ponto 3043"}, "geometry": {"type": "Point", "coordinates": [-39.017900878330906, -4.96254084457134]}}, {"type": "Feature", "properties": {"id": "3044", "name": "Ponto 3044"}, "geometry": {"type": "Point", "coordinates": [-39.025860186326184, -4.965177454037958]}}, {"type": "Feature", "properties": {"id": "3045", "name": "Ponto 3045"}, "geometry": {"type": "Point", "coordinates": [-39.02800338466974, -4.970408590062933]}}, {"type": "Feature", "properties": {"id": "3046", "name": "Ponto 3046"}, "geometry": {"type": "Point", "coordinates": [-39.023132982508955, -4.968041422693648]}}, {"type": "Feature", "properties": {"id": "3047", "name": "Ponto 3047"}, "geometry": {"type": "Point", "coordinates": [-39.030048181542824, -4.9697449466341554]}}, {"type": "Feature", "properties": {"id": "3048", "name": "Ponto 3048"}, "geometry": {"type": "Point", "coordinates": [-39.02526222506099, -4.968175111073489]}}, {"type": "Feature", "properties": {"id": "3049", "name": "Ponto 3049"}, "geometry": {"type": "Point", "coordinates": [-39.02026258983234, -4.972267193653875]}}, {"type": "Feature", "properties": {"id": "3050", "name": "Ponto 3050"}, "geometry": {"type": "Point", "coordinates": [-39.0268269062108, -4.965332224495871]}}, {"type": "Feature", "properties": {"id": "3051", "name": "Ponto 3051"}, "geometry": {"type": "Point", "coordinates": [-39.03052984100357, -4.96343186768556]}}, {"type": "Feature", "properties": {"id": "3052", "name": "Ponto 3052"}, "geometry": {"type": "Point", "coordinates": [-39.01534059675213, -4.973163105537754]}}, {"type": "Feature", "properties": {"id": "3053", "name": "Ponto 3053"}, "geometry": {"type": "Point", "coordinates": [-39.01249563918514, -4.965507087133859]}}, {"type": "Feature", "properties": {"id": "3054", "name": "Ponto 3054"}, "geometry": {"type": "Point", "coordinates": [-39.0234404356483, -4.965143538897323]}}, {"type": "Feature", "properties": {"id": "3055", "name": "Ponto 3055"}, "geometry": {"type": "Point", "coordinates": [-39.02921014837146, -4.967346241048392]}}, {"type": "Feature", "properties": {"id": "3056", "name": "Ponto 3056"}, "geometry": {"type": "Point", "coordinates": [-39.02169501119, -4.9660531017641025]}}, {"type": "Feature", "properties": {"id": "3057", "name": "Ponto 3057"}, "geometry": {"type": "Point", "coordinates": [-39.02542706150491, -4.965308535320189]}}, {"type": "Feature", "properties": {"id": "3058", "name": "Ponto 3058"}, "geometry": {"type": "Point", "coordinates": [-39.01262412477419, -4.965864419067987]}}, {"type": "Feature", "properties": {"id": "3059", "name": "Ponto 3059"}, "geometry": {"type": "Point", "coordinates": [-39.01615018450739, -4.968237452282282]}}, {"type": "Feature", "properties": {"id": "3060", "name": "Ponto 3060"}, "geometry": {"type": "Point", "coordinates": [-39.00675571977616, -4.9631458746322705]}}, {"type": "Feature", "properties": {"id": "3061", "name": "Ponto 3061"}, "geometry": {"type": "Point", "coordinates": [-39.02455056853918, -4.974071575548569]}}, {"type": "Feature", "properties": {"id": "3062", "name": "Ponto 3062"}, "geometry": {"type": "Point", "coordinates": [-39.029299369163205, -4.972879208237988]}}, {"type": "Feature", "properties": {"id": "3063", "name": "Ponto 3063"}, "geometry": {"type": "Point", "coordinates": [-39.02630383342164, -4.967582619799256]}}, {"type": "Feature", "properties": {"id": "3064", "name": "Ponto 3064"}, "geometry": {"type": "Point", "coordinates": [-39.026329573978074, -4.970932136508598]}}, {"type": "Feature", "properties": {"id": "3065", "name": "Ponto 3065"}, "geometry": {"type": "Point", "coordinates": [-39.02104229727475, -4.966277140516086]}}, {"type": "Feature", "properties": {"id": "3066", "name": "Ponto 3066"}, "geometry": {"type": "Point", "coordinates": [-39.023547101378696, -4.9661993841533]}}, {"type": "Feature", "properties": {"id": "3067", "name": "Ponto 3067"}, "geometry": {"type": "Point", "coordinates": [-39.026732322419235, -4.9693719470429585]}}, {"type": "Feature", "properties": {"id": "3068", "name": "Ponto 3068"}, "geometry": {"type": "Point", "coordinates": [-39.02983261983454, -4.963431075716663]}}, {"type": "Feature", "properties": {"id": "3069", "name": "Ponto 3069"}, "geometry": {"type": "Point", "coordinates": [-39.01512020790603, -4.969060658240907]}}, {"type": "Feature", "properties": {"id": "3070", "name": "Ponto 3070"}, "geometry": {"type": "Point", "coordinates": [-39.03031926535298, -4.97206372456235]}}, {"type": "Feature", "properties": {"id": "3071", "name": "Ponto 3071"}, "geometry": {"type": "Point", "coordinates": [-39.03218341228229, -4.9688172478135115]}}, {"type": "Feature", "properties": {"id": "3072", "name": "Ponto 3072"}, "geometry": {"type": "Point", "coordinates": [-39.0301558645541, -4.967722238897658]}}, {"type": "Feature", "properties": {"id": "3073", "name": "Ponto 3073"}, "geometry": {"type": "Point", "coordinates": [-39.02660068326754, -4.965156263512696]}}, {"type": "Feature", "properties": {"id": "3074", "name": "Ponto 3074"}, "geometry": {"type": "Point", "coordinates": [-39.01575430139819, -4.965426469642637]}}, {"type": "Feature", "properties": {"id": "3075", "name": "Ponto 3075"}, "geometry": {"type": "Point", "coordinates": [-39.02709607772237, -4.961977922452617]}}, {"type": "Feature", "properties": {"id": "3076", "name": "Ponto 3076"}, "geometry": {"type": "Point", "coordinates": [-39.02719285045201, -4.9729548040725495]}}, {"type": "Feature", "properties": {"id": "3077", "name": "Ponto 3077"}, "geometry": {"type": "Point", "coordinates": [-39.031940938356335, -4.96435856685783]}}, {"type": "Feature", "properties": {"id": "3078", "name": "Ponto 3078"}, "geometry": {"type": "Point", "coordinates": [-39.00766783926143, -4.961872129961793]}}, {"type": "Feature", "properties": {"id": "3079", "name": "Ponto 3079"}, "geometry": {"type": "Point", "coordinates": [-39.02260110802946, -4.961170425456712]}}, {"type": "Feature", "properties": {"id": "3080", "name": "Ponto 3080"}, "geometry": {"type": "Point", "coordinates": [-39.01231546224724, -4.96888174468476]}}, {"type": "Feature", "properties": {"id": "3081", "name": "Ponto 3081"}, "geometry": {"type": "Point", "coordinates": [-39.018876207125174, -4.973244271499468]}}, {"type": "Feature", "properties": {"id": "3082", "name": "Ponto 3082"}, "geometry": {"type": "Point", "coordinates": [-39.01870969019554, -4.965164666835151]}}, {"type": "Feature", "properties": {"id": "3083", "name": "Ponto 3083"}, "geometry": {"type": "Point", "coordinates": [-39.0259080598554, -4.966375926523422]}}, {"type": "Feature", "properties": {"id": "3084", "name": "Ponto 3084"}, "geometry": {"type": "Point", "coordinates": [-39.019475649032834, -4.964620856893543]}}, {"type": "Feature", "properties": {"id": "3085", "name": "Ponto 3085"}, "geometry": {"type": "Point", "coordinates": [-39.00925286997463, -4.966132329044496]}}, {"type": "Feature", "properties": {"id": "3086", "name": "Ponto 3086"}, "geometry": {"type": "Point", "coordinates": [-39.00756249337729, -4.9658819463412645]}}, {"type": "Feature", "properties": {"id": "3087", "name": "Ponto 3087"}, "geometry": {"type": "Point", "coordinates": [-39.02101909439633, -4.966394227981311]}}, {"type": "Feature", "properties": {"id": "3088", "name": "Ponto 3088"}, "geometry": {"type": "Point", "coordinates": [-39.01437542342946, -4.96755489663814]}}, {"type": "Feature", "properties": {"id": "3089", "name": "Ponto 3089"}, "geometry": {"type": "Point", "coordinates": [-39.01157972113512, -4.967578391654686]}}, {"type": "Feature", "properties": {"id": "3090", "name": "Ponto 3090"}, "geometry": {"type": "Point", "coordinates": [-39.02624401054935, -4.972620642202713]}}, {"type": "Feature", "properties": {"id": "3091", "name": "Ponto 3091"}, "geometry": {"type": "Point", "coordinates": [-39.01951598766548, -4.9660961271861055]}}, {"type": "Feature", "properties": {"id": "3092", "name": "Ponto 3092"}, "geometry": {"type": "Point", "coordinates": [-39.03017912693854, -4.963259599414023]}}, {"type": "Feature", "properties": {"id": "3093", "name": "Ponto 3093"}, "geometry": {"type": "Point", "coordinates": [-39.01265017331276, -4.964707015825763]}}, {"type": "Feature", "properties": {"id": "3094", "name": "Ponto 3094"}, "geometry": {"type": "Point", "coordinates": [-39.0204365001859, -4.9700077036696895]}}, {"type": "Feature", "properties": {"id": "3095", "name": "Ponto 3095"}, "geometry": {"type": "Point", "coordinates": [-39.01969752549448, -4.967885526973696]}}, {"type": "Feature", "properties": {"id": "3096", "name": "Ponto 3096"}, "geometry": {"type": "Point", "coordinates": [-39.03062957761587, -4.969204675411486]}}, {"type": "Feature", "properties": {"id": "3097", "name": "Ponto 3097"}, "geometry": {"type": "Point", "coordinates": [-39.00901132445803, -4.968588879492237]}}, {"type": "Feature", "properties": {"id": "3098", "name": "Ponto 3098"}, "geometry": {"type": "Point", "coordinates": [-39.011597788548926, -4.963252596511111]}}, {"type": "Feature", "properties": {"id": "3099", "name": "Ponto 3099"}, "geometry": {"type": "Point", "coordinates": [-39.02341269650307, -4.964633625039175]}}, {"type": "Feature", "properties": {"id": "3100", "name": "Ponto 3100"}, "geometry": {"type": "Point", "coordinates": [-39.028504883676085, -4.961029448286384]}}, {"type": "Feature", "properties": {"id": "3101", "name": "Ponto 3101"}, "geometry": {"type": "Point", "coordinates": [-39.01737086799534, -4.973592119619447]}}, {"type": "Feature", "properties": {"id": "3102", "name": "Ponto 3102"}, "geometry": {"type": "Point", "coordinates": [-39.010805034254595, -4.967047019056908]}}, {"type": "Feature", "properties": {"id": "3103", "name": "Ponto 3103"}, "geometry": {"type": "Point", "coordinates": [-39.02467908867362, -4.968126495721365]}}, {"type": "Feature", "properties": {"id": "3104", "name": "Ponto 3104"}, "geometry": {"type": "Point", "coordinates": [-39.02212345038127, -4.972191822840353]}}, {"type": "Feature", "properties": {"id": "3105", "name": "Ponto 3105"}, "geometry": {"type": "Point", "coordinates": [-39.01820539480492, -4.968062069501897]}}, {"type": "Feature", "properties": {"id": "3106", "name": "Ponto 3106"}, "geometry": {"type": "Point", "coordinates": [-39.00893638340042, -4.965355986014207]}}, {"type": "Feature", "properties": {"id": "3107", "name": "Ponto 3107"}, "geometry": {"type": "Point", "coordinates": [-39.027008812391614, -4.964906381734497]}}, {"type": "Feature", "properties": {"id": "3108", "name": "Ponto 3108"}, "geometry": {"type": "Point", "coordinates": [-39.02971272695025, -4.969330859734275]}}, {"type": "Feature", "properties": {"id": "3109", "name": "Ponto 3109"}, "geometry": {"type": "Point", "coordinates": [-39.03114322366829, -4.972867548167146]}}, {"type": "Feature", "properties": {"id": "3110", "name": "Ponto 3110"}, "geometry": {"type": "Point", "coordinates": [-39.012457455500815, -4.973271713202563]}}, {"type": "Feature", "properties": {"id": "3111", "name": "Ponto 3111"}, "geometry": {"type": "Point", "coordinates": [-39.0084027425037, -4.96884363180563]}}, {"type": "Feature", "properties": {"id": "3112", "name": "Ponto 3112"}, "geometry": {"type": "Point", "coordinates": [-39.01878369356693, -4.969025842995157]}}, {"type": "Feature", "properties": {"id": "3113", "name": "Ponto 3113"}, "geometry": {"type": "Point", "coordinates": [-39.012352962433496, -4.964664229448615]}}, {"type": "Feature", "properties": {"id": "3114", "name": "Ponto 3114"}, "geometry": {"type": "Point", "coordinates": [-39.00854941468838, -4.966557798447727]}}, {"type": "Feature", "properties": {"id": "3115", "name": "Ponto 3115"}, "geometry": {"type": "Point", "coordinates": [-39.0181248326484, -4.970114983821484]}}, {"type": "Feature", "properties": {"id": "3116", "name": "Ponto 3116"}, "geometry": {"type": "Point", "coordinates": [-39.00774632553659, -4.969461419879865]}}, {"type": "Feature", "properties": {"id": "3117", "name": "Ponto 3117"}, "geometry": {"type": "Point", "coordinates": [-39.010139431332576, -4.964485517820764]}}, {"type": "Feature", "properties": {"id": "3118", "name": "Ponto 3118"}, "geometry": {"type": "Point", "coordinates": [-39.00755033316651, -4.970617037057399]}}, {"type": "Feature", "properties": {"id": "3119", "name": "Ponto 3119"}, "geometry": {"type": "Point", "coordinates": [-39.0151398873832, -4.96102141143412]}}, {"type": "Feature", "properties": {"id": "3120", "name": "Ponto 3120"}, "geometry": {"type": "Point", "coordinates": [-39.009738400712195, -4.9695207657861316]}}, {"type": "Feature", "properties": {"id": "3121", "name": "Ponto 3121"}, "geometry": {"type": "Point", "coordinates": [-39.015207330761825, -4.973622193904186]}}, {"type": "Feature", "properties": {"id": "3122", "name": "Ponto 3122"}, "geometry": {"type": "Point", "coordinates": [-39.01417241655801, -4.97071797442254]}}, {"type": "Feature", "properties": {"id": "3123", "name": "Ponto 3123"}, "geometry": {"type": "Point", "coordinates": [-39.01666995057066, -4.973002799728971]}}, {"type": "Feature", "properties": {"id": "3124", "name": "Ponto 3124"}, "geometry": {"type": "Point", "coordinates": [-39.0191489355043, -4.965430537792738]}}, {"type": "Feature", "properties": {"id": "3125", "name": "Ponto 3125"}, "geometry": {"type": "Point", "coordinates": [-39.02976556425232, -4.971331144264396]}}, {"type": "Feature", "properties": {"id": "3126", "name": "Ponto 3126"}, "geometry": {"type": "Point", "coordinates": [-39.01265091780166, -4.97194852861085]}}, {"type": "Feature", "properties": {"id": "3127", "name": "Ponto 3127"}, "geometry": {"type": "Point", "coordinates": [-39.02364288727768, -4.966800593208606]}}, {"type": "Feature", "properties": {"id": "3128", "name": "Ponto 3128"}, "geometry": {"type": "Point", "coordinates": [-39.02866535944738, -4.969725520893106]}}, {"type": "Feature", "properties": {"id": "3129", "name": "Ponto 3129"}, "geometry": {"type": "Point", "coordinates": [-39.02435523330084, -4.973117353020702]}}, {"type": "Feature", "properties": {"id": "3130", "name": "Ponto 3130"}, "geometry": {"type": "Point", "coordinates": [-39.029380201887896, -4.972161266842804]}}, {"type": "Feature", "properties": {"id": "3131", "name": "Ponto 3131"}, "geometry": {"type": "Point", "coordinates": [-39.02074000741143, -4.966438273315942]}}, {"type": "Feature", "properties": {"id": "3132", "name": "Ponto 3132"}, "geometry": {"type": "Point", "coordinates": [-39.00730472780315, -4.9616615969110995]}}, {"type": "Feature", "properties": {"id": "3133", "name": "Ponto 3133"}, "geometry": {"type": "Point", "coordinates": [-39.029253809613394, -4.96486188055716]}}, {"type": "Feature", "properties": {"id": "3134", "name": "Ponto 3134"}, "geometry": {"type": "Point", "coordinates": [-39.00823244200602, -4.965391222005347]}}, {"type": "Feature", "properties": {"id": "3135", "name": "Ponto 3135"}, "geometry": {"type": "Point", "coordinates": [-39.018928649509576, -4.9706259032297915]}}, {"type": "Feature", "properties": {"id": "3136", "name": "Ponto 3136"}, "geometry": {"type": "Point", "coordinates": [-39.00871934468479, -4.97228400460323]}}, {"type": "Feature", "properties": {"id": "3137", "name": "Ponto 3137"}, "geometry": {"type": "Point", "coordinates": [-39.007010524632186, -4.963347970947318]}}, {"type": "Feature", "properties": {"id": "3138", "name": "Ponto 3138"}, "geometry": {"type": "Point", "coordinates": [-39.01457373302595, -4.9654520878058745]}}, {"type": "Feature", "properties": {"id": "3139", "name": "Ponto 3139"}, "geometry": {"type": "Point", "coordinates": [-39.01946753180591, -4.962662298253864]}}, {"type": "Feature", "properties": {"id": "3140", "name": "Ponto 3140"}, "geometry": {"type": "Point", "coordinates": [-39.02714252240434, -4.962958164266109]}}, {"type": "Feature", "properties": {"id": "3141", "name": "Ponto 3141"}, "geometry": {"type": "Point", "coordinates": [-39.01578174137477, -4.969847323820625]}}, {"type": "Feature", "properties": {"id": "3142", "name": "Ponto 3142"}, "geometry": {"type": "Point", "coordinates": [-39.00898142554603, -4.9717256568428265]}}, {"type": "Feature", "properties": {"id": "3143", "name": "Ponto 3143"}, "geometry": {"type": "Point", "coordinates": [-39.009424072955916, -4.970593461204624]}}, {"type": "Feature", "properties": {"id": "3144", "name": "Ponto 3144"}, "geometry": {"type": "Point", "coordinates": [-39.02961208462143, -4.966592113117915]}}, {"type": "Feature", "properties": {"id": "3145", "name": "Ponto 3145"}, "geometry": {"type": "Point", "coordinates": [-39.021509036733484, -4.964503766879256]}}, {"type": "Feature", "properties": {"id": "3146", "name": "Ponto 3146"}, "geometry": {"type": "Point", "coordinates": [-39.018535545696054, -4.964839879253654]}}, {"type": "Feature", "properties": {"id": "3147", "name": "Ponto 3147"}, "geometry": {"type": "Point", "coordinates": [-39.01072111020775, -4.968596069711117]}}, {"type": "Feature", "properties": {"id": "3148", "name": "Ponto 3148"}, "geometry": {"type": "Point", "coordinates": [-39.018776963561955, -4.963427902819583]}}, {"type": "Feature", "properties": {"id": "3149", "name": "Ponto 3149"}, "geometry": {"type": "Point", "coordinates": [-39.02159473431151, -4.961431348399303]}}, {"type": "Feature", "properties": {"id": "3150", "name": "Ponto 3150"}, "geometry": {"type": "Point", "coordinates": [-39.00929492247901, -4.970817288043162]}}, {"type": "Feature", "properties": {"id": "3151", "name": "Ponto 3151"}, "geometry": {"type": "Point", "coordinates": [-39.01498906188867, -4.973331681474009]}}, {"type": "Feature", "properties": {"id": "3152", "name": "Ponto 3152"}, "geometry": {"type": "Point", "coordinates": [-39.03021456892125, -4.971792821910354]}}, {"type": "Feature", "properties": {"id": "3153", "name": "Ponto 3153"}, "geometry": {"type": "Point", "coordinates": [-39.014650969268544, -4.96088602577154]}}, {"type": "Feature", "properties": {"id": "3154", "name": "Ponto 3154"}, "geometry": {"type": "Point", "coordinates": [-39.01500990887878, -4.96249678811779]}}, {"type": "Feature", "properties": {"id": "3155", "name": "Ponto 3155"}, "geometry": {"type": "Point", "coordinates": [-39.01549788641057, -4.968809854371155]}}, {"type": "Feature", "properties": {"id": "3156", "name": "Ponto 3156"}, "geometry": {"type": "Point", "coordinates": [-39.01480638092025, -4.9613937897939655]}}, {"type": "Feature", "properties": {"id": "3157", "name": "Ponto 3157"}, "geometry": {"type": "Point", "coordinates": [-39.015037836197465, -4.973481272819779]}}, {"type": "Feature", "properties": {"id": "3158", "name": "Ponto 3158"}, "geometry": {"type": "Point", "coordinates": [-39.01866908073151, -4.970498410583686]}}, {"type": "Feature", "properties": {"id": "3159", "name": "Ponto 3159"}, "geometry": {"type": "Point", "coordinates": [-39.016472392164246, -4.965365677048224]}}, {"type": "Feature", "properties": {"id": "3160", "name": "Ponto 3160"}, "geometry": {"type": "Point", "coordinates": [-39.014087480909765, -4.969136678087797]}}, {"type": "Feature", "properties": {"id": "3161", "name": "Ponto 3161"}, "geometry": {"type": "Point", "coordinates": [-39.01710578069238, -4.961124985998354]}}, {"type": "Feature", "properties": {"id": "3162", "name": "Ponto 3162"}, "geometry": {"type": "Point", "coordinates": [-39.00937893997175, -4.961288680745873]}}, {"type": "Feature", "properties": {"id": "3163", "name": "Ponto 3163"}, "geometry": {"type": "Point", "coordinates": [-39.00976134651587, -4.962001209678763]}}, {"type": "Feature", "properties": {"id": "3164", "name": "Ponto 3164"}, "geometry": {"type": "Point", "coordinates": [-39.01105861060678, -4.970912304027736]}}, {"type": "Feature", "properties": {"id": "3165", "name": "Ponto 3165"}, "geometry": {"type": "Point", "coordinates": [-39.0241523122445, -4.971092361185804]}}, {"type": "Feature", "properties": {"id": "3166", "name": "Ponto 3166"}, "geometry": {"type": "Point", "coordinates": [-39.02266379911387, -4.97186381384088]}}, {"type": "Feature", "properties": {"id": "3167", "name": "Ponto 3167"}, "geometry": {"type": "Point", "coordinates": [-39.03110014469115, -4.968374587641748]}}, {"type": "Feature", "properties": {"id": "3168", "name": "Ponto 3168"}, "geometry": {"type": "Point", "coordinates": [-39.00719861780448, -4.966666239333088]}}, {"type": "Feature", "properties": {"id": "3169", "name": "Ponto 3169"}, "geometry": {"type": "Point", "coordinates": [-39.029179991679726, -4.967408589910592]}}, {"type": "Feature", "properties": {"id": "3170", "name": "Ponto 3170"}, "geometry": {"type": "Point", "coordinates": [-39.02655270737285, -4.966534181384316]}}, {"type": "Feature", "properties": {"id": "3171", "name": "Ponto 3171"}, "geometry": {"type": "Point", "coordinates": [-39.03069906174894, -4.961660390950108]}}, {"type": "Feature", "properties": {"id": "3172", "name": "Ponto 3172"}, "geometry": {"type": "Point", "coordinates": [-39.02197882981814, -4.962916575986888]}}, {"type": "Feature", "properties": {"id": "3173", "name": "Ponto 3173"}, "geometry": {"type": "Point", "coordinates": [-39.008035375671554, -4.963431364880852]}}, {"type": "Feature", "properties": {"id": "3174", "name": "Ponto 3174"}, "geometry": {"type": "Point", "coordinates": [-39.01547774061286, -4.963567638280834]}}, {"type": "Feature", "properties": {"id": "3175", "name": "Ponto 3175"}, "geometry": {"type": "Point", "coordinates": [-39.0259560677623, -4.968184797495972]}}, {"type": "Feature", "properties": {"id": "3176", "name": "Ponto 3176"}, "geometry": {"type": "Point", "coordinates": [-39.01872793877632, -4.965090340951764]}}, {"type": "Feature", "properties": {"id": "3177", "name": "Ponto 3177"}, "geometry": {"type": "Point", "coordinates": [-39.02832765251417, -4.9656103393703726]}}, {"type": "Feature", "properties": {"id": "3178", "name": "Ponto 3178"}, "geometry": {"type": "Point", "coordinates": [-39.03048116683309, -4.963134482008165]}}, {"type": "Feature", "properties": {"id": "3179", "name": "Ponto 3179"}, "geometry": {"type": "Point", "coordinates": [-39.02305022152099, -4.971294065899497]}}, {"type": "Feature", "properties": {"id": "3180", "name": "Ponto 3180"}, "geometry": {"type": "Point", "coordinates": [-39.0102083578047, -4.965861606152187]}}, {"type": "Feature", "properties": {"id": "3181", "name": "Ponto 3181"}, "geometry": {"type": "Point", "coordinates": [-39.01256859976412, -4.973099565902874]}}, {"type": "Feature", "properties": {"id": "3182", "name": "Ponto 3182"}, "geometry": {"type": "Point", "coordinates": [-39.03107884046799, -4.965009680394934]}}, {"type": "Feature", "properties": {"id": "3183", "name": "Ponto 3183"}, "geometry": {"type": "Point", "coordinates": [-39.02765891810757, -4.96457854217545]}}, {"type": "Feature", "properties": {"id": "3184", "name": "Ponto 3184"}, "geometry": {"type": "Point", "coordinates": [-39.03151054799096, -4.972624461031233]}}, {"type": "Feature", "properties": {"id": "3185", "name": "Ponto 3185"}, "geometry": {"type": "Point", "coordinates": [-39.0324577273852, -4.972138613098001]}}, {"type": "Feature", "properties": {"id": "3186", "name": "Ponto 3186"}, "geometry": {"type": "Point", "coordinates": [-39.02063969358054, -4.973346616814583]}}, {"type": "Feature", "properties": {"id": "3187", "name": "Ponto 3187"}, "geometry": {"type": "Point", "coordinates": [-39.00959574960687, -4.970818511623968]}}, {"type": "Feature", "properties": {"id": "3188", "name": "Ponto 3188"}, "geometry": {"type": "Point", "coordinates": [-39.030019345486174, -4.967998289129823]}}, {"type": "Feature", "properties": {"id": "3189", "name": "Ponto 3189"}, "geometry": {"type": "Point", "coordinates": [-39.02462704345171, -4.9615037955891985]}}, {"type": "Feature", "properties": {"id": "3190", "name": "Ponto 3190"}, "geometry": {"type": "Point", "coordinates": [-39.00858469959638, -4.97390471637131]}}, {"type": "Feature", "properties": {"id": "3191", "name": "Ponto 3191"}, "geometry": {"type": "Point", "coordinates": [-39.01835312719458, -4.972807779031602]}}, {"type": "Feature", "properties": {"id": "3192", "name": "Ponto 3192"}, "geometry": {"type": "Point", "coordinates": [-39.030905462335156, -4.9650745448116025]}}, {"type": "Feature", "properties": {"id": "3193", "name": "Ponto 3193"}, "geometry": {"type": "Point", "coordinates": [-39.02780141636357, -4.966624424746542]}}, {"type": "Feature", "properties": {"id": "3194", "name": "Ponto 3194"}, "geometry": {"type": "Point", "coordinates": [-39.012585313022626, -4.968887041215995]}}, {"type": "Feature", "properties": {"id": "3195", "name": "Ponto 3195"}, "geometry": {"type": "Point", "coordinates": [-39.00752528975927, -4.9718500694025325]}}, {"type": "Feature", "properties": {"id": "3196", "name": "Ponto 3196"}, "geometry": {"type": "Point", "coordinates": [-39.00671190546522, -4.970052883119059]}}, {"type": "Feature", "properties": {"id": "3197", "name": "Ponto 3197"}, "geometry": {"type": "Point", "coordinates": [-39.018389386568536, -4.964561905828091]}}, {"type": "Feature", "properties": {"id": "3198", "name": "Ponto 3198"}, "geometry": {"type": "Point", "coordinates": [-39.02917413657714, -4.968870172141673]}}, {"type": "Feature", "properties": {"id": "3199", "name": "Ponto 3199"}, "geometry": {"type": "Point", "coordinates": [-39.02926002004441, -4.964561269576447]}}, {"type": "Feature", "properties": {"id": "3200", "name": "Ponto 3200"}, "geometry": {"type": "Point", "coordinates": [-39.01093326791977, -4.9738826961207545]}}, {"type": "Feature", "properties": {"id": "3201", "name": "Ponto 3201"}, "geometry": {"type": "Point", "coordinates": [-39.01801837935602, -4.965968360714261]}}, {"type": "Feature", "properties": {"id": "3202", "name": "Ponto 3202"}, "geometry": {"type": "Point", "coordinates": [-39.02938300026522, -4.9615135410061875]}}, {"type": "Feature", "properties": {"id": "3203", "name": "Ponto 3203"}, "geometry": {"type": "Point", "coordinates": [-39.028602466695105, -4.969278052023225]}}, {"type": "Feature", "properties": {"id": "3204", "name": "Ponto 3204"}, "geometry": {"type": "Point", "coordinates": [-39.01923546890346, -4.962326266973119]}}, {"type": "Feature", "properties": {"id": "3205", "name": "Ponto 3205"}, "geometry": {"type": "Point", "coordinates": [-39.01104666169768, -4.961330638759812]}}, {"type": "Feature", "properties": {"id": "3206", "name": "Ponto 3206"}, "geometry": {"type": "Point", "coordinates": [-39.02450619704447, -4.966382597195917]}}, {"type": "Feature", "properties": {"id": "3207", "name": "Ponto 3207"}, "geometry": {"type": "Point", "coordinates": [-39.017801378651534, -4.969167820884649]}}, {"type": "Feature", "properties": {"id": "3208", "name": "Ponto 3208"}, "geometry": {"type": "Point", "coordinates": [-39.029347103936274, -4.969635377999998]}}, {"type": "Feature", "properties": {"id": "3209", "name": "Ponto 3209"}, "geometry": {"type": "Point", "coordinates": [-39.01164167426912, -4.9615088575072654]}}, {"type": "Feature", "properties": {"id": "3210", "name": "Ponto 3210"}, "geometry": {"type": "Point", "coordinates": [-39.01940386474669, -4.965042823720079]}}, {"type": "Feature", "properties": {"id": "3211", "name": "Ponto 3211"}, "geometry": {"type": "Point", "coordinates": [-39.020612740247664, -4.968374441150489]}}, {"type": "Feature", "properties": {"id": "3212", "name": "Ponto 3212"}, "geometry": {"type": "Point", "coordinates": [-39.01684643020943, -4.965752065547491]}}, {"type": "Feature", "properties": {"id": "3213", "name": "Ponto 3213"}, "geometry": {"type": "Point", "coordinates": [-39.021610364630014, -4.966604697638003]}}, {"type": "Feature", "properties": {"id": "3214", "name": "Ponto 3214"}, "geometry": {"type": "Point", "coordinates": [-39.007047366897375, -4.974295881056881]}}, {"type": "Feature", "properties": {"id": "3215", "name": "Ponto 3215"}, "geometry": {"type": "Point", "coordinates": [-39.02513794543033, -4.964748533514872]}}, {"type": "Feature", "properties": {"id": "3216", "name": "Ponto 3216"}, "geometry": {"type": "Point", "coordinates": [-39.00931090233684, -4.966773805207877]}}, {"type": "Feature", "properties": {"id": "3217", "name": "Ponto 3217"}, "geometry": {"type": "Point", "coordinates": [-39.007095958065456, -4.967329450710645]}}, {"type": "Feature", "properties": {"id": "3218", "name": "Ponto 3218"}, "geometry": {"type": "Point", "coordinates": [-39.02377910034091, -4.9721707799590895]}}, {"type": "Feature", "properties": {"id": "3219", "name": "Ponto 3219"}, "geometry": {"type": "Point", "coordinates": [-39.023639807874005, -4.965899148625763]}}, {"type": "Feature", "properties": {"id": "3220", "name": "Ponto 3220"}, "geometry": {"type": "Point", "coordinates": [-39.0164637816381, -4.974281074952259]}}, {"type": "Feature", "properties": {"id": "3221", "name": "Ponto 3221"}, "geometry": {"type": "Point", "coordinates": [-39.029082930830135, -4.966624094983083]}}, {"type": "Feature", "properties": {"id": "3222", "name": "Ponto 3222"}, "geometry": {"type": "Point", "coordinates": [-39.01267241600704, -4.96548167809447]}}, {"type": "Feature", "properties": {"id": "3223", "name": "Ponto 3223"}, "geometry": {"type": "Point", "coordinates": [-39.0231459530844, -4.965735635598799]}}, {"type": "Feature", "properties": {"id": "3224", "name": "Ponto 3224"}, "geometry": {"type": "Point", "coordinates": [-39.03222620627401, -4.973789201233189]}}, {"type": "Feature", "properties": {"id": "3225", "name": "Ponto 3225"}, "geometry": {"type": "Point", "coordinates": [-39.017386983524496, -4.973136832871199]}}, {"type": "Feature", "properties": {"id": "3226", "name": "Ponto 3226"}, "geometry": {"type": "Point", "coordinates": [-39.01926163736326, -4.963334445144298]}}, {"type": "Feature", "properties": {"id": "3227", "name": "Ponto 3227"}, "geometry": {"type": "Point", "coordinates": [-39.02561002386996, -4.9673529556582565]}}, {"type": "Feature", "properties": {"id": "3228", "name": "Ponto 3228"}, "geometry": {"type": "Point", "coordinates": [-39.01909017285029, -4.972818431707311]}}, {"type": "Feature", "properties": {"id": "3229", "name": "Ponto 3229"}, "geometry": {"type": "Point", "coordinates": [-39.02006518264275, -4.97037124126189]}}, {"type": "Feature", "properties": {"id": "3230", "name": "Ponto 3230"}, "geometry": {"type": "Point", "coordinates": [-39.02974841637418, -4.9685956961652336]}}, {"type": "Feature", "properties": {"id": "3231", "name": "Ponto 3231"}, "geometry": {"type": "Point", "coordinates": [-39.02441459652638, -4.970817001744051]}}, {"type": "Feature", "properties": {"id": "3232", "name": "Ponto 3232"}, "geometry": {"type": "Point", "coordinates": [-39.02725854546962, -4.9620663682882835]}}, {"type": "Feature", "properties": {"id": "3233", "name": "Ponto 3233"}, "geometry": {"type": "Point", "coordinates": [-39.01217556851306, -4.965446951748755]}}, {"type": "Feature", "properties": {"id": "3234", "name": "Ponto 3234"}, "geometry": {"type": "Point", "coordinates": [-39.02672457005042, -4.970451156486516]}}, {"type": "Feature", "properties": {"id": "3235", "name": "Ponto 3235"}, "geometry": {"type": "Point", "coordinates": [-39.01563503328106, -4.965134927981882]}}, {"type": "Feature", "properties": {"id": "3236", "name": "Ponto 3236"}, "geometry": {"type": "Point", "coordinates": [-39.01956270889536, -4.963392406977534]}}, {"type": "Feature", "properties": {"id": "3237", "name": "Ponto 3237"}, "geometry": {"type": "Point", "coordinates": [-39.01253330295863, -4.964062610447527]}}, {"type": "Feature", "properties": {"id": "3238", "name": "Ponto 3238"}, "geometry": {"type": "Point", "coordinates": [-39.01422861051437, -4.962935694975976]}}, {"type": "Feature", "properties": {"id": "3239", "name": "Ponto 3239"}, "geometry": {"type": "Point", "coordinates": [-39.02116858942599, -4.969621597533354]}}, {"type": "Feature", "properties": {"id": "3240", "name": "Ponto 3240"}, "geometry": {"type": "Point", "coordinates": [-39.03158176125063, -4.973901730149035]}}, {"type": "Feature", "properties": {"id": "3241", "name": "Ponto 3241"}, "geometry": {"type": "Point", "coordinates": [-39.025510142517554, -4.968455101574472]}}, {"type": "Feature", "properties": {"id": "3242", "name": "Ponto 3242"}, "geometry": {"type": "Point", "coordinates": [-39.01987544348278, -4.967956673380361]}}, {"type": "Feature", "properties": {"id": "3243", "name": "Ponto 3243"}, "geometry": {"type": "Point", "coordinates": [-39.031355557831695, -4.974320900935186]}}, {"type": "Feature", "properties": {"id": "3244", "name": "Ponto 3244"}, "geometry": {"type": "Point", "coordinates": [-39.010691211990164, -4.967980259671276]}}, {"type": "Feature", "properties": {"id": "3245", "name": "Ponto 3245"}, "geometry": {"type": "Point", "coordinates": [-39.01448467456995, -4.965384725028028]}}, {"type": "Feature", "properties": {"id": "3246", "name": "Ponto 3246"}, "geometry": {"type": "Point", "coordinates": [-39.023780930330815, -4.963250586862717]}}, {"type": "Feature", "properties": {"id": "3247", "name": "Ponto 3247"}, "geometry": {"type": "Point", "coordinates": [-39.00672231463945, -4.961069417322616]}}, {"type": "Feature", "properties": {"id": "3248", "name": "Ponto 3248"}, "geometry": {"type": "Point", "coordinates": [-39.025358787448006, -4.971512468018813]}}, {"type": "Feature", "properties": {"id": "3249", "name": "Ponto 3249"}, "geometry": {"type": "Point", "coordinates": [-39.023523546901906, -4.967391712746384]}}, {"type": "Feature", "properties": {"id": "3250", "name": "Ponto 3250"}, "geometry": {"type": "Point", "coordinates": [-39.00923290664997, -4.962464179187195]}}, {"type": "Feature", "properties": {"id": "3251", "name": "Ponto 3251"}, "geometry": {"type": "Point", "coordinates": [-39.0276903296771, -4.972962052333129]}}, {"type": "Feature", "properties": {"id": "3252", "name": "Ponto 3252"}, "geometry": {"type": "Point", "coordinates": [-39.01010326812375, -4.96983509280741]}}, {"type": "Feature", "properties": {"id": "3253", "name": "Ponto 3253"}, "geometry": {"type": "Point", "coordinates": [-39.025946045708906, -4.962381145838742]}}, {"type": "Feature", "properties": {"id": "3254", "name": "Ponto 3254"}, "geometry": {"type": "Point", "coordinates": [-39.029885088552504, -4.97266819286331]}}, {"type": "Feature", "properties": {"id": "3255", "name": "Ponto 3255"}, "geometry": {"type": "Point", "coordinates": [-39.01750356347063, -4.965684611430141]}}, {"type": "Feature", "properties": {"id": "3256", "name": "Ponto 3256"}, "geometry": {"type": "Point", "coordinates": [-39.02713033372956, -4.970827236019962]}}, {"type": "Feature", "properties": {"id": "3257", "name": "Ponto 3257"}, "geometry": {"type": "Point", "coordinates": [-39.01258451726316, -4.968196850986586]}}, {"type": "Feature", "properties": {"id": "3258", "name": "Ponto 3258"}, "geometry": {"type": "Point", "coordinates": [-39.00973547806746, -4.965086168982693]}}, {"type": "Feature", "properties": {"id": "3259", "name": "Ponto 3259"}, "geometry": {"type": "Point", "coordinates": [-39.01523133401369, -4.974316081148753]}}, {"type": "Feature", "properties": {"id": "3260", "name": "Ponto 3260"}, "geometry": {"type": "Point", "coordinates": [-39.02911614470065, -4.963483971875723]}}, {"type": "Feature", "properties": {"id": "3261", "name": "Ponto 3261"}, "geometry": {"type": "Point", "coordinates": [-39.02928528631977, -4.969473847285867]}}, {"type": "Feature", "properties": {"id": "3262", "name": "Ponto 3262"}, "geometry": {"type": "Point", "coordinates": [-39.02530647056411, -4.962982414787754]}}, {"type": "Feature", "properties": {"id": "3263", "name": "Ponto 3263"}, "geometry": {"type": "Point", "coordinates": [-39.00921004153262, -4.961315058453202]}}, {"type": "Feature", "properties": {"id": "3264", "name": "Ponto 3264"}, "geometry": {"type": "Point", "coordinates": [-39.01592361459132, -4.9686274606547896]}}, {"type": "Feature", "properties": {"id": "3265", "name": "Ponto 3265"}, "geometry": {"type": "Point", "coordinates": [-39.02568508748109, -4.967386317262648]}}, {"type": "Feature", "properties": {"id": "3266", "name": "Ponto 3266"}, "geometry": {"type": "Point", "coordinates": [-39.02937728448907, -4.965125373363568]}}, {"type": "Feature", "properties": {"id": "3267", "name": "Ponto 3267"}, "geometry": {"type": "Point", "coordinates": [-39.024177668947424, -4.9661135664918605]}}, {"type": "Feature", "properties": {"id": "3268", "name": "Ponto 3268"}, "geometry": {"type": "Point", "coordinates": [-39.02746682668848, -4.967664400055733]}}, {"type": "Feature", "properties": {"id": "3269", "name": "Ponto 3269"}, "geometry": {"type": "Point", "coordinates": [-39.01527261801564, -4.962050246935511]}}, {"type": "Feature", "properties": {"id": "3270", "name": "Ponto 3270"}, "geometry": {"type": "Point", "coordinates": [-39.031464348455415, -4.972282043510704]}}, {"type": "Feature", "properties": {"id": "3271", "name": "Ponto 3271"}, "geometry": {"type": "Point", "coordinates": [-39.015179316943865, -4.969785999580503]}}, {"type": "Feature", "properties": {"id": "3272", "name": "Ponto 3272"}, "geometry": {"type": "Point", "coordinates": [-39.024951908588925, -4.964843767775066]}}, {"type": "Feature", "properties": {"id": "3273", "name": "Ponto 3273"}, "geometry": {"type": "Point", "coordinates": [-39.02243177977853, -4.96961335654382]}}, {"type": "Feature", "properties": {"id": "3274", "name": "Ponto 3274"}, "geometry": {"type": "Point", "coordinates": [-39.01896657526856, -4.972396828135218]}}, {"type": "Feature", "properties": {"id": "3275", "name": "Ponto 3275"}, "geometry": {"type": "Point", "coordinates": [-39.02002237630967, -4.969857257512036]}}, {"type": "Feature", "properties": {"id": "3276", "name": "Ponto 3276"}, "geometry": {"type": "Point", "coordinates": [-39.012719262390675, -4.968078790270412]}}, {"type": "Feature", "properties": {"id": "3277", "name": "Ponto 3277"}, "geometry": {"type": "Point", "coordinates": [-39.00719200425084, -4.965132871677247]}}, {"type": "Feature", "properties": {"id": "3278", "name": "Ponto 3278"}, "geometry": {"type": "Point", "coordinates": [-39.011942072040036, -4.970766475613713]}}, {"type": "Feature", "properties": {"id": "3279", "name": "Ponto 3279"}, "geometry": {"type": "Point", "coordinates": [-39.01460794970963, -4.96389412635443]}}, {"type": "Feature", "properties": {"id": "3280", "name": "Ponto 3280"}, "geometry": {"type": "Point", "coordinates": [-39.02249048653178, -4.961530136142786]}}, {"type": "Feature", "properties": {"id": "3281", "name": "Ponto 3281"}, "geometry": {"type": "Point", "coordinates": [-39.01474980155248, -4.974164853928596]}}, {"type": "Feature", "properties": {"id": "3282", "name": "Ponto 3282"}, "geometry": {"type": "Point", "coordinates": [-39.03078570079206, -4.973172208248997]}}, {"type": "Feature", "properties": {"id": "3283", "name": "Ponto 3283"}, "geometry": {"type": "Point", "coordinates": [-39.016682161659084, -4.973837098139838]}}, {"type": "Feature", "properties": {"id": "3284", "name": "Ponto 3284"}, "geometry": {"type": "Point", "coordinates": [-39.02834445772463, -4.973957329883286]}}, {"type": "Feature", "properties": {"id": "3285", "name": "Ponto 3285"}, "geometry": {"type": "Point", "coordinates": [-39.01825748395443, -4.970370342277348]}}, {"type": "Feature", "properties": {"id": "3286", "name": "Ponto 3286"}, "geometry": {"type": "Point", "coordinates": [-39.03015772883568, -4.968404703148196]}}, {"type": "Feature", "properties": {"id": "3287", "name": "Ponto 3287"}, "geometry": {"type": "Point", "coordinates": [-39.019516470228126, -4.972738387186779]}}, {"type": "Feature", "properties": {"id": "3288", "name": "Ponto 3288"}, "geometry": {"type": "Point", "coordinates": [-39.025243998939374, -4.962437410972851]}}, {"type": "Feature", "properties": {"id": "3289", "name": "Ponto 3289"}, "geometry": {"type": "Point", "coordinates": [-39.02979815187812, -4.967912411480904]}}, {"type": "Feature", "properties": {"id": "3290", "name": "Ponto 3290"}, "geometry": {"type": "Point", "coordinates": [-39.00847706879686, -4.972848225051535]}}, {"type": "Feature", "properties": {"id": "3291", "name": "Ponto 3291"}, "geometry": {"type": "Point", "coordinates": [-39.009762330467645, -4.961239544841171]}}, {"type": "Feature", "properties": {"id": "3292", "name": "Ponto 3292"}, "geometry": {"type": "Point", "coordinates": [-39.010761535978, -4.961086461194725]}}, {"type": "Feature", "properties": {"id": "3293", "name": "Ponto 3293"}, "geometry": {"type": "Point", "coordinates": [-39.03106538931501, -4.961449897883158]}}, {"type": "Feature", "properties": {"id": "3294", "name": "Ponto 3294"}, "geometry": {"type": "Point", "coordinates": [-39.016114060552695, -4.967271047558259]}}, {"type": "Feature", "properties": {"id": "3295", "name": "Ponto 3295"}, "geometry": {"type": "Point", "coordinates": [-39.01318181146131, -4.96526011770845]}}, {"type": "Feature", "properties": {"id": "3296", "name": "Ponto 3296"}, "geometry": {"type": "Point", "coordinates": [-39.01414612745963, -4.973751438588963]}}, {"type": "Feature", "properties": {"id": "3297", "name": "Ponto 3297"}, "geometry": {"type": "Point", "coordinates": [-39.008807335263285, -4.9704591678643615]}}, {"type": "Feature", "properties": {"id": "3298", "name": "Ponto 3298"}, "geometry": {"type": "Point", "coordinates": [-39.03136045458533, -4.971961631298124]}}, {"type": "Feature", "properties": {"id": "3299", "name": "Ponto 3299"}, "geometry": {"type": "Point", "coordinates": [-39.00972556840322, -4.970713998487586]}}, {"type": "Feature", "properties": {"id": "3300", "name": "Ponto 3300"}, "geometry": {"type": "Point", "coordinates": [-39.02324538764447, -4.966088804834135]}}, {"type": "Feature", "properties": {"id": "3301", "name": "Ponto 3301"}, "geometry": {"type": "Point", "coordinates": [-39.03063800576847, -4.967212171052421]}}, {"type": "Feature", "properties": {"id": "3302", "name": "Ponto 3302"}, "geometry": {"type": "Point", "coordinates": [-39.00907576905277, -4.970762500809776]}}, {"type": "Feature", "properties": {"id": "3303", "name": "Ponto 3303"}, "geometry": {"type": "Point", "coordinates": [-39.022627974529165, -4.961665337646234]}}, {"type": "Feature", "properties": {"id": "3304", "name": "Ponto 3304"}, "geometry": {"type": "Point", "coordinates": [-39.03019619291464, -4.963687921407573]}}, {"type": "Feature", "properties": {"id": "3305", "name": "Ponto 3305"}, "geometry": {"type": "Point", "coordinates": [-39.028747987672375, -4.971987552001647]}}, {"type": "Feature", "properties": {"id": "3306", "name": "Ponto 3306"}, "geometry": {"type": "Point", "coordinates": [-39.029862487239235, -4.969807391906652]}}, {"type": "Feature", "properties": {"id": "3307", "name": "Ponto 3307"}, "geometry": {"type": "Point", "coordinates": [-39.0222899008663, -4.965126110077103]}}, {"type": "Feature", "properties": {"id": "3308", "name": "Ponto 3308"}, "geometry": {"type": "Point", "coordinates": [-39.012822493061904, -4.9703625785672605]}}, {"type": "Feature", "properties": {"id": "3309", "name": "Ponto 3309"}, "geometry": {"type": "Point", "coordinates": [-39.02087692439085, -4.966273678989604]}}, {"type": "Feature", "properties": {"id": "3310", "name": "Ponto 3310"}, "geometry": {"type": "Point", "coordinates": [-39.025113564370066, -4.969218502852379]}}, {"type": "Feature", "properties": {"id": "3311", "name": "Ponto 3311"}, "geometry": {"type": "Point", "coordinates": [-39.02413372555997, -4.962072495303854]}}, {"type": "Feature", "properties": {"id": "3312", "name": "Ponto 3312"}, "geometry": {"type": "Point", "coordinates": [-39.026590063805344, -4.973212031327217]}}, {"type": "Feature", "properties": {"id": "3313", "name": "Ponto 3313"}, "geometry": {"type": "Point", "coordinates": [-39.024383117419326, -4.962217368433319]}}, {"type": "Feature", "properties": {"id": "3314", "name": "Ponto 3314"}, "geometry": {"type": "Point", "coordinates": [-39.01995571786502, -4.962714394521721]}}, {"type": "Feature", "properties": {"id": "3315", "name": "Ponto 3315"}, "geometry": {"type": "Point", "coordinates": [-39.02589617605901, -4.964287324228304]}}, {"type": "Feature", "properties": {"id": "3316", "name": "Ponto 3316"}, "geometry": {"type": "Point", "coordinates": [-39.01251155200333, -4.971329558128837]}}, {"type": "Feature", "properties": {"id": "3317", "name": "Ponto 3317"}, "geometry": {"type": "Point", "coordinates": [-39.00856582492962, -4.963455842355486]}}, {"type": "Feature", "properties": {"id": "3318", "name": "Ponto 3318"}, "geometry": {"type": "Point", "coordinates": [-39.02756814233484, -4.967720089661121]}}, {"type": "Feature", "properties": {"id": "3319", "name": "Ponto 3319"}, "geometry": {"type": "Point", "coordinates": [-39.00698216622213, -4.9673525872414155]}}, {"type": "Feature", "properties": {"id": "3320", "name": "Ponto 3320"}, "geometry": {"type": "Point", "coordinates": [-39.0140195576426, -4.966266341076206]}}, {"type": "Feature", "properties": {"id": "3321", "name": "Ponto 3321"}, "geometry": {"type": "Point", "coordinates": [-39.026759265962674, -4.973330636198261]}}, {"type": "Feature", "properties": {"id": "3322", "name": "Ponto 3322"}, "geometry": {"type": "Point", "coordinates": [-39.01622820257159, -4.9675654762855475]}}, {"type": "Feature", "properties": {"id": "3323", "name": "Ponto 3323"}, "geometry": {"type": "Point", "coordinates": [-39.01906375115554, -4.965627212632519]}}, {"type": "Feature", "properties": {"id": "3324", "name": "Ponto 3324"}, "geometry": {"type": "Point", "coordinates": [-39.027983766031234, -4.960963429516083]}}, {"type": "Feature", "properties": {"id": "3325", "name": "Ponto 3325"}, "geometry": {"type": "Point", "coordinates": [-39.02385166073317, -4.970658421466216]}}, {"type": "Feature", "properties": {"id": "3326", "name": "Ponto 3326"}, "geometry": {"type": "Point", "coordinates": [-39.02668170316309, -4.960991660763129]}}, {"type": "Feature", "properties": {"id": "3327", "name": "Ponto 3327"}, "geometry": {"type": "Point", "coordinates": [-39.01367722560447, -4.964999242352775]}}, {"type": "Feature", "properties": {"id": "3328", "name": "Ponto 3328"}, "geometry": {"type": "Point", "coordinates": [-39.025980170276185, -4.972026334862039]}}, {"type": "Feature", "properties": {"id": "3329", "name": "Ponto 3329"}, "geometry": {"type": "Point", "coordinates": [-39.01450379319966, -4.973479078768016]}}, {"type": "Feature", "properties": {"id": "3330", "name": "Ponto 3330"}, "geometry": {"type": "Point", "coordinates": [-39.02125037636653, -4.970751160014152]}}, {"type": "Feature", "properties": {"id": "3331", "name": "Ponto 3331"}, "geometry": {"type": "Point", "coordinates": [-39.010563822757724, -4.961513012832959]}}, {"type": "Feature", "properties": {"id": "3332", "name": "Ponto 3332"}, "geometry": {"type": "Point", "coordinates": [-39.0305663393221, -4.9682776208927475]}}, {"type": "Feature", "properties": {"id": "3333", "name": "Ponto 3333"}, "geometry": {"type": "Point", "coordinates": [-39.02191390965962, -4.965221788574336]}}, {"type": "Feature", "properties": {"id": "3334", "name": "Ponto 3334"}, "geometry": {"type": "Point", "coordinates": [-39.0205282846749, -4.9712988196619365]}}, {"type": "Feature", "properties": {"id": "3335", "name": "Ponto 3335"}, "geometry": {"type": "Point", "coordinates": [-39.03162177069137, -4.962718760553428]}}, {"type": "Feature", "properties": {"id": "3336", "name": "Ponto 3336"}, "geometry": {"type": "Point", "coordinates": [-39.02940741162393, -4.96640515758672]}}, {"type": "Feature", "properties": {"id": "3337", "name": "Ponto 3337"}, "geometry": {"type": "Point", "coordinates": [-39.020475460398096, -4.9624341435157575]}}, {"type": "Feature", "properties": {"id": "3338", "name": "Ponto 3338"}, "geometry": {"type": "Point", "coordinates": [-39.03000973184223, -4.961743973166398]}}, {"type": "Feature", "properties": {"id": "3339", "name": "Ponto 3339"}, "geometry": {"type": "Point", "coordinates": [-39.016529178594205, -4.966522565975234]}}, {"type": "Feature", "properties": {"id": "3340", "name": "Ponto 3340"}, "geometry": {"type": "Point", "coordinates": [-39.031068147084284, -4.965039392734653]}}, {"type": "Feature", "properties": {"id": "3341", "name": "Ponto 3341"}, "geometry": {"type": "Point", "coordinates": [-39.020011406909816, -4.969395421552868]}}, {"type": "Feature", "properties": {"id": "3342", "name": "Ponto 3342"}, "geometry": {"type": "Point", "coordinates": [-39.02239421734467, -4.967558068949025]}}, {"type": "Feature", "properties": {"id": "3343", "name": "Ponto 3343"}, "geometry": {"type": "Point", "coordinates": [-39.02824406028164, -4.96892830792466]}}, {"type": "Feature", "properties": {"id": "3344", "name": "Ponto 3344"}, "geometry": {"type": "Point", "coordinates": [-39.03044673628645, -4.967468086651144]}}, {"type": "Feature", "properties": {"id": "3345", "name": "Ponto 3345"}, "geometry": {"type": "Point", "coordinates": [-39.02444202364071, -4.9702379208035685]}}, {"type": "Feature", "properties": {"id": "3346", "name": "Ponto 3346"}, "geometry": {"type": "Point", "coordinates": [-39.01579508262949, -4.964856908444993]}}, {"type": "Feature", "properties": {"id": "3347", "name": "Ponto 3347"}, "geometry": {"type": "Point", "coordinates": [-39.00674653222659, -4.972607148482484]}}, {"type": "Feature", "properties": {"id": "3348", "name": "Ponto 3348"}, "geometry": {"type": "Point", "coordinates": [-39.031898266233824, -4.972936303162048]}}, {"type": "Feature", "properties": {"id": "3349", "name": "Ponto 3349"}, "geometry": {"type": "Point", "coordinates": [-39.01191016710721, -4.970594030595627]}}, {"type": "Feature", "properties": {"id": "3350", "name": "Ponto 3350"}, "geometry": {"type": "Point", "coordinates": [-39.03123212131135, -4.969960514790071]}}, {"type": "Feature", "properties": {"id": "3351", "name": "Ponto 3351"}, "geometry": {"type": "Point", "coordinates": [-39.02121151807437, -4.973560451506987]}}, {"type": "Feature", "properties": {"id": "3352", "name": "Ponto 3352"}, "geometry": {"type": "Point", "coordinates": [-39.02401672848006, -4.964949934457803]}}, {"type": "Feature", "properties": {"id": "3353", "name": "Ponto 3353"}, "geometry": {"type": "Point", "coordinates": [-39.02983063671195, -4.970246668046289]}}, {"type": "Feature", "properties": {"id": "3354", "name": "Ponto 3354"}, "geometry": {"type": "Point", "coordinates": [-39.03072868625236, -4.969306556419457]}}, {"type": "Feature", "properties": {"id": "3355", "name": "Ponto 3355"}, "geometry": {"type": "Point", "coordinates": [-39.008264911605345, -4.968330893123284]}}, {"type": "Feature", "properties": {"id": "3356", "name": "Ponto 3356"}, "geometry": {"type": "Point", "coordinates": [-39.01788161398444, -4.974015858139543]}}, {"type": "Feature", "properties": {"id": "3357", "name": "Ponto 3357"}, "geometry": {"type": "Point", "coordinates": [-39.01468619947052, -4.963892011409736]}}, {"type": "Feature", "properties": {"id": "3358", "name": "Ponto 3358"}, "geometry": {"type": "Point", "coordinates": [-39.02390448491876, -4.96643930718605]}}, {"type": "Feature", "properties": {"id": "3359", "name": "Ponto 3359"}, "geometry": {"type": "Point", "coordinates": [-39.00981203361629, -4.972515454200243]}}, {"type": "Feature", "properties": {"id": "3360", "name": "Ponto 3360"}, "geometry": {"type": "Point", "coordinates": [-39.02751029172971, -4.97336732963333]}}, {"type": "Feature", "properties": {"id": "3361", "name": "Ponto 3361"}, "geometry": {"type": "Point", "coordinates": [-39.02491527682984, -4.965076071799191]}}, {"type": "Feature", "properties": {"id": "3362", "name": "Ponto 3362"}, "geometry": {"type": "Point", "coordinates": [-39.01215745320691, -4.963786672827806]}}, {"type": "Feature", "properties": {"id": "3363", "name": "Ponto 3363"}, "geometry": {"type": "Point", "coordinates": [-39.01728816520049, -4.970286235338229]}}, {"type": "Feature", "properties": {"id": "3364", "name": "Ponto 3364"}, "geometry": {"type": "Point", "coordinates": [-39.01234860811639, -4.967692878458842]}}, {"type": "Feature", "properties": {"id": "3365", "name": "Ponto 3365"}, "geometry": {"type": "Point", "coordinates": [-39.013459597167376, -4.966052721181732]}}, {"type": "Feature", "properties": {"id": "3366", "name": "Ponto 3366"}, "geometry": {"type": "Point", "coordinates": [-39.027094415374236, -4.969358050773777]}}, {"type": "Feature", "properties": {"id": "3367", "name": "Ponto 3367"}, "geometry": {"type": "Point", "coordinates": [-39.01632984857574, -4.9675989997404555]}}, {"type": "Feature", "properties": {"id": "3368", "name": "Ponto 3368"}, "geometry": {"type": "Point", "coordinates": [-39.0076069482175, -4.966504964005683]}}, {"type": "Feature", "properties": {"id": "3369", "name": "Ponto 3369"}, "geometry": {"type": "Point", "coordinates": [-39.03040205795581, -4.968679882696199]}}, {"type": "Feature", "properties": {"id": "3370", "name": "Ponto 3370"}, "geometry": {"type": "Point", "coordinates": [-39.02070485743578, -4.969191446741359]}}, {"type": "Feature", "properties": {"id": "3371", "name": "Ponto 3371"}, "geometry": {"type": "Point", "coordinates": [-39.02474945603497, -4.962812048971513]}}, {"type": "Feature", "properties": {"id": "3372", "name": "Ponto 3372"}, "geometry": {"type": "Point", "coordinates": [-39.03231613220804, -4.962909099386541]}}, {"type": "Feature", "properties": {"id": "3373", "name": "Ponto 3373"}, "geometry": {"type": "Point", "coordinates": [-39.02573795663797, -4.964714143245293]}}, {"type": "Feature", "properties": {"id": "3374", "name": "Ponto 3374"}, "geometry": {"type": "Point", "coordinates": [-39.01903243285264, -4.9741052307819045]}}, {"type": "Feature", "properties": {"id": "3375", "name": "Ponto 3375"}, "geometry": {"type": "Point", "coordinates": [-39.0324059426529, -4.967220230336405]}}, {"type": "Feature", "properties": {"id": "3376", "name": "Ponto 3376"}, "geometry": {"type": "Point", "coordinates": [-39.01384606510749, -4.964299073156869]}}, {"type": "Feature", "properties": {"id": "3377", "name": "Ponto 3377"}, "geometry": {"type": "Point", "coordinates": [-39.031268839270645, -4.961020104920557]}}, {"type": "Feature", "properties": {"id": "3378", "name": "Ponto 3378"}, "geometry": {"type": "Point", "coordinates": [-39.02603213491095, -4.966912138263061]}}, {"type": "Feature", "properties": {"id": "3379", "name": "Ponto 3379"}, "geometry": {"type": "Point", "coordinates": [-39.00711752865733, -4.97188312378741]}}, {"type": "Feature", "properties": {"id": "3380", "name": "Ponto 3380"}, "geometry": {"type": "Point", "coordinates": [-39.03221090007405, -4.966847324312469]}}, {"type": "Feature", "properties": {"id": "3381", "name": "Ponto 3381"}, "geometry": {"type": "Point", "coordinates": [-39.008360696549026, -4.9688125037777695]}}, {"type": "Feature", "properties": {"id": "3382", "name": "Ponto 3382"}, "geometry": {"type": "Point", "coordinates": [-39.03047769516317, -4.964950212700897]}}, {"type": "Feature", "properties": {"id": "3383", "name": "Ponto 3383"}, "geometry": {"type": "Point", "coordinates": [-39.01261108659502, -4.961945353676568]}}, {"type": "Feature", "properties": {"id": "3384", "name": "Ponto 3384"}, "geometry": {"type": "Point", "coordinates": [-39.02822326562327, -4.97395591828708]}}, {"type": "Feature", "properties": {"id": "3385", "name": "Ponto 3385"}, "geometry": {"type": "Point", "coordinates": [-39.017033127808105, -4.97061649817733]}}, {"type": "Feature", "properties": {"id": "3386", "name": "Ponto 3386"}, "geometry": {"type": "Point", "coordinates": [-39.02974013855446, -4.965056503494523]}}, {"type": "Feature", "properties": {"id": "3387", "name": "Ponto 3387"}, "geometry": {"type": "Point", "coordinates": [-39.00811039645394, -4.973378796081044]}}, {"type": "Feature", "properties": {"id": "3388", "name": "Ponto 3388"}, "geometry": {"type": "Point", "coordinates": [-39.02995079104788, -4.964010912382857]}}, {"type": "Feature", "properties": {"id": "3389", "name": "Ponto 3389"}, "geometry": {"type": "Point", "coordinates": [-39.01444571675495, -4.97245624353731]}}, {"type": "Feature", "properties": {"id": "3390", "name": "Ponto 3390"}, "geometry": {"type": "Point", "coordinates": [-39.02662431598771, -4.963050744548082]}}, {"type": "Feature", "properties": {"id": "3391", "name": "Ponto 3391"}, "geometry": {"type": "Point", "coordinates": [-39.0131582737706, -4.964210847003293]}}, {"type": "Feature", "properties": {"id": "3392", "name": "Ponto 3392"}, "geometry": {"type": "Point", "coordinates": [-39.019301759573345, -4.971560119348816]}}, {"type": "Feature", "properties": {"id": "3393", "name": "Ponto 3393"}, "geometry": {"type": "Point", "coordinates": [-39.00886895631, -4.971519695840777]}}, {"type": "Feature", "properties": {"id": "3394", "name": "Ponto 3394"}, "geometry": {"type": "Point", "coordinates": [-39.01704317092348, -4.967754113042077]}}, {"type": "Feature", "properties": {"id": "3395", "name": "Ponto 3395"}, "geometry": {"type": "Point", "coordinates": [-39.021150027213885, -4.966458230490587]}}, {"type": "Feature", "properties": {"id": "3396", "name": "Ponto 3396"}, "geometry": {"type": "Point", "coordinates": [-39.022563560860725, -4.972671705385101]}}, {"type": "Feature", "properties": {"id": "3397", "name": "Ponto 3397"}, "geometry": {"type": "Point", "coordinates": [-39.024459895026375, -4.9613841688495635]}}, {"type": "Feature", "properties": {"id": "3398", "name": "Ponto 3398"}, "geometry": {"type": "Point", "coordinates": [-39.00770908940546, -4.966223351982618]}}, {"type": "Feature", "properties": {"id": "3399", "name": "Ponto 3399"}, "geometry": {"type": "Point", "coordinates": [-39.020507161099914, -4.971397849659531]}}, {"type": "Feature", "properties": {"id": "3400", "name": "Ponto 3400"}, "geometry": {"type": "Point", "coordinates": [-39.02068392283484, -4.965127122908638]}}, {"type": "Feature", "properties": {"id": "3401", "name": "Ponto 3401"}, "geometry": {"type": "Point", "coordinates": [-39.02855624565538, -4.966725541145032]}}, {"type": "Feature", "properties": {"id": "3402", "name": "Ponto 3402"}, "geometry": {"type": "Point", "coordinates": [-39.01018876860028, -4.961516104335334]}}, {"type": "Feature", "properties": {"id": "3403", "name": "Ponto 3403"}, "geometry": {"type": "Point", "coordinates": [-39.01389095982227, -4.97163017940602]}}, {"type": "Feature", "properties": {"id": "3404", "name": "Ponto 3404"}, "geometry": {"type": "Point", "coordinates": [-39.022448377239655, -4.97089171609543]}}, {"type": "Feature", "properties": {"id": "3405", "name": "Ponto 3405"}, "geometry": {"type": "Point", "coordinates": [-39.01823639216826, -4.964930571138958]}}, {"type": "Feature", "properties": {"id": "3406", "name": "Ponto 3406"}, "geometry": {"type": "Point", "coordinates": [-39.01702111261104, -4.961954524389381]}}, {"type": "Feature", "properties": {"id": "3407", "name": "Ponto 3407"}, "geometry": {"type": "Point", "coordinates": [-39.024841701116316, -4.974094581501719]}}, {"type": "Feature", "properties": {"id": "3408", "name": "Ponto 3408"}, "geometry": {"type": "Point", "coordinates": [-39.01159194380489, -4.961412979960473]}}, {"type": "Feature", "properties": {"id": "3409", "name": "Ponto 3409"}, "geometry": {"type": "Point", "coordinates": [-39.00780640721211, -4.972867869238119]}}, {"type": "Feature", "properties": {"id": "3410", "name": "Ponto 3410"}, "geometry": {"type": "Point", "coordinates": [-39.00772223251487, -4.9619985564646525]}}, {"type": "Feature", "properties": {"id": "3411", "name": "Ponto 3411"}, "geometry": {"type": "Point", "coordinates": [-39.00859985800647, -4.9648242993879155]}}, {"type": "Feature", "properties": {"id": "3412", "name": "Ponto 3412"}, "geometry": {"type": "Point", "coordinates": [-39.0191850327883, -4.9629549057876865]}}, {"type": "Feature", "properties": {"id": "3413", "name": "Ponto 3413"}, "geometry": {"type": "Point", "coordinates": [-39.03224720752788, -4.970375446567318]}}, {"type": "Feature", "properties": {"id": "3414", "name": "Ponto 3414"}, "geometry": {"type": "Point", "coordinates": [-39.02183706399002, -4.97011399537198]}}, {"type": "Feature", "properties": {"id": "3415", "name": "Ponto 3415"}, "geometry": {"type": "Point", "coordinates": [-39.015613271544574, -4.972834953819731]}}, {"type": "Feature", "properties": {"id": "3416", "name": "Ponto 3416"}, "geometry": {"type": "Point", "coordinates": [-39.019281508753, -4.962673188847861]}}, {"type": "Feature", "properties": {"id": "3417", "name": "Ponto 3417"}, "geometry": {"type": "Point", "coordinates": [-39.01224801220477, -4.961019088413411]}}, {"type": "Feature", "properties": {"id": "3418", "name": "Ponto 3418"}, "geometry": {"type": "Point", "coordinates": [-39.017166397887614, -4.974061804451546]}}, {"type": "Feature", "properties": {"id": "3419", "name": "Ponto 3419"}, "geometry": {"type": "Point", "coordinates": [-39.02352827668708, -4.973752872693393]}}, {"type": "Feature", "properties": {"id": "3420", "name": "Ponto 3420"}, "geometry": {"type": "Point", "coordinates": [-39.02803935316799, -4.964874696484613]}}, {"type": "Feature", "properties": {"id": "3421", "name": "Ponto 3421"}, "geometry": {"type": "Point", "coordinates": [-39.01392079518071, -4.96244817641606]}}, {"type": "Feature", "properties": {"id": "3422", "name": "Ponto 3422"}, "geometry": {"type": "Point", "coordinates": [-39.01358840870627, -4.966886173711526]}}, {"type": "Feature", "properties": {"id": "3423", "name": "Ponto 3423"}, "geometry": {"type": "Point", "coordinates": [-39.02014462438767, -4.970120780894157]}}, {"type": "Feature", "properties": {"id": "3424", "name": "Ponto 3424"}, "geometry": {"type": "Point", "coordinates": [-39.008945076540215, -4.963027391415871]}}, {"type": "Feature", "properties": {"id": "3425", "name": "Ponto 3425"}, "geometry": {"type": "Point", "coordinates": [-39.013727041621216, -4.964111046277805]}}, {"type": "Feature", "properties": {"id": "3426", "name": "Ponto 3426"}, "geometry": {"type": "Point", "coordinates": [-39.02359493389729, -4.965329158696357]}}, {"type": "Feature", "properties": {"id": "3427", "name": "Ponto 3427"}, "geometry": {"type": "Point", "coordinates": [-39.01009612012538, -4.973644853369974]}}, {"type": "Feature", "properties": {"id": "3428", "name": "Ponto 3428"}, "geometry": {"type": "Point", "coordinates": [-39.02519121350129, -4.972626895568064]}}, {"type": "Feature", "properties": {"id": "3429", "name": "Ponto 3429"}, "geometry": {"type": "Point", "coordinates": [-39.01489235251583, -4.960993103362112]}}, {"type": "Feature", "properties": {"id": "3430", "name": "Ponto 3430"}, "geometry": {"type": "Point", "coordinates": [-39.01295842448828, -4.968901276045123]}}, {"type": "Feature", "properties": {"id": "3431", "name": "Ponto 3431"}, "geometry": {"type": "Point", "coordinates": [-39.02467960068489, -4.963019311059346]}}, {"type": "Feature", "properties": {"id": "3432", "name": "Ponto 3432"}, "geometry": {"type": "Point", "coordinates": [-39.00870967720019, -4.969345900349295]}}, {"type": "Feature", "properties": {"id": "3433", "name": "Ponto 3433"}, "geometry": {"type": "Point", "coordinates": [-39.03167998408968, -4.961803438350377]}}, {"type": "Feature", "properties": {"id": "3434", "name": "Ponto 3434"}, "geometry": {"type": "Point", "coordinates": [-39.030632247666844, -4.969798480048047]}}, {"type": "Feature", "properties": {"id": "3435", "name": "Ponto 3435"}, "geometry": {"type": "Point", "coordinates": [-39.01506276380375, -4.962235741924516]}}, {"type": "Feature", "properties": {"id": "3436", "name": "Ponto 3436"}, "geometry": {"type": "Point", "coordinates": [-39.019544844218885, -4.971390319084823]}}, {"type": "Feature", "properties": {"id": "3437", "name": "Ponto 3437"}, "geometry": {"type": "Point", "coordinates": [-39.02343337883215, -4.973332861848875]}}, {"type": "Feature", "properties": {"id": "3438", "name": "Ponto 3438"}, "geometry": {"type": "Point", "coordinates": [-39.01473566530675, -4.961209919592853]}}, {"type": "Feature", "properties": {"id": "3439", "name": "Ponto 3439"}, "geometry": {"type": "Point", "coordinates": [-39.02286112854838, -4.968239708863678]}}, {"type": "Feature", "properties": {"id": "3440", "name": "Ponto 3440"}, "geometry": {"type": "Point", "coordinates": [-39.025057700461396, -4.970934255161135]}}, {"type": "Feature", "properties": {"id": "3441", "name": "Ponto 3441"}, "geometry": {"type": "Point", "coordinates": [-39.00776092272784, -4.963257070812018]}}, {"type": "Feature", "properties": {"id": "3442", "name": "Ponto 3442"}, "geometry": {"type": "Point", "coordinates": [-39.027520144733636, -4.968550038150001]}}, {"type": "Feature", "properties": {"id": "3443", "name": "Ponto 3443"}, "geometry": {"type": "Point", "coordinates": [-39.01037791820523, -4.968320293710105]}}, {"type": "Feature", "properties": {"id": "3444", "name": "Ponto 3444"}, "geometry": {"type": "Point", "coordinates": [-39.013556458230894, -4.966067746293588]}}, {"type": "Feature", "properties": {"id": "3445", "name": "Ponto 3445"}, "geometry": {"type": "Point", "coordinates": [-39.02757319240649, -4.968838359634369]}}, {"type": "Feature", "properties": {"id": "3446", "name": "Ponto 3446"}, "geometry": {"type": "Point", "coordinates": [-39.00768930761378, -4.965217206649292]}}, {"type": "Feature", "properties": {"id": "3447", "name": "Ponto 3447"}, "geometry": {"type": "Point", "coordinates": [-39.01909996862549, -4.962650093559666]}}, {"type": "Feature", "properties": {"id": "3448", "name": "Ponto 3448"}, "geometry": {"type": "Point", "coordinates": [-39.00698263578598, -4.967646653343841]}}, {"type": "Feature", "properties": {"id": "3449", "name": "Ponto 3449"}, "geometry": {"type": "Point", "coordinates": [-39.031656477119355, -4.969094716019429]}}, {"type": "Feature", "properties": {"id": "3450", "name": "Ponto 3450"}, "geometry": {"type": "Point", "coordinates": [-39.02172909888585, -4.968260916423349]}}, {"type": "Feature", "properties": {"id": "3451", "name": "Ponto 3451"}, "geometry": {"type": "Point", "coordinates": [-39.0084925120064, -4.967826416964999]}}, {"type": "Feature", "properties": {"id": "3452", "name": "Ponto 3452"}, "geometry": {"type": "Point", "coordinates": [-39.01234530395558, -4.965649925616498]}}, {"type": "Feature", "properties": {"id": "3453", "name": "Ponto 3453"}, "geometry": {"type": "Point", "coordinates": [-39.01599091204695, -4.966973904490318]}}, {"type": "Feature", "properties": {"id": "3454", "name": "Ponto 3454"}, "geometry": {"type": "Point", "coordinates": [-39.023047758896325, -4.973564595963847]}}, {"type": "Feature", "properties": {"id": "3455", "name": "Ponto 3455"}, "geometry": {"type": "Point", "coordinates": [-39.014058375064984, -4.97138115700524]}}, {"type": "Feature", "properties": {"id": "3456", "name": "Ponto 3456"}, "geometry": {"type": "Point", "coordinates": [-39.00851764773425, -4.971723421560418]}}, {"type": "Feature", "properties": {"id": "3457", "name": "Ponto 3457"}, "geometry": {"type": "Point", "coordinates": [-39.016072429533835, -4.96697994803683]}}, {"type": "Feature", "properties": {"id": "3458", "name": "Ponto 3458"}, "geometry": {"type": "Point", "coordinates": [-39.016712662965766, -4.961512913330845]}}, {"type": "Feature", "properties": {"id": "3459", "name": "Ponto 3459"}, "geometry": {"type": "Point", "coordinates": [-39.02151683650653, -4.97197016837871]}}, {"type": "Feature", "properties": {"id": "3460", "name": "Ponto 3460"}, "geometry": {"type": "Point", "coordinates": [-39.02273062178245, -4.961091869878053]}}, {"type": "Feature", "properties": {"id": "3461", "name": "Ponto 3461"}, "geometry": {"type": "Point", "coordinates": [-39.01782043808233, -4.962114908215411]}}, {"type": "Feature", "properties": {"id": "3462", "name": "Ponto 3462"}, "geometry": {"type": "Point", "coordinates": [-39.02374462111874, -4.962965472344508]}}, {"type": "Feature", "properties": {"id": "3463", "name": "Ponto 3463"}, "geometry": {"type": "Point", "coordinates": [-39.01269089271328, -4.9620541235863005]}}, {"type": "Feature", "properties": {"id": "3464", "name": "Ponto 3464"}, "geometry": {"type": "Point", "coordinates": [-39.02179045860682, -4.968817678537786]}}, {"type": "Feature", "properties": {"id": "3465", "name": "Ponto 3465"}, "geometry": {"type": "Point", "coordinates": [-39.00777717413497, -4.962486640984081]}}, {"type": "Feature", "properties": {"id": "3466", "name": "Ponto 3466"}, "geometry": {"type": "Point", "coordinates": [-39.0115086989028, -4.974267811251361]}}, {"type": "Feature", "properties": {"id": "3467", "name": "Ponto 3467"}, "geometry": {"type": "Point", "coordinates": [-39.014536767023415, -4.972986413173618]}}, {"type": "Feature", "properties": {"id": "3468", "name": "Ponto 3468"}, "geometry": {"type": "Point", "coordinates": [-39.024037470206906, -4.97012876995826]}}, {"type": "Feature", "properties": {"id": "3469", "name": "Ponto 3469"}, "geometry": {"type": "Point", "coordinates": [-39.01206283713232, -4.964161947966461]}}, {"type": "Feature", "properties": {"id": "3470", "name": "Ponto 3470"}, "geometry": {"type": "Point", "coordinates": [-39.020328801549674, -4.973567598703665]}}, {"type": "Feature", "properties": {"id": "3471", "name": "Ponto 3471"}, "geometry": {"type": "Point", "coordinates": [-39.01474677565612, -4.973590532799354]}}, {"type": "Feature", "properties": {"id": "3472", "name": "Ponto 3472"}, "geometry": {"type": "Point", "coordinates": [-39.024103371279026, -4.973788520161234]}}, {"type": "Feature", "properties": {"id": "3473", "name": "Ponto 3473"}, "geometry": {"type": "Point", "coordinates": [-39.00676450633427, -4.9723637442333795]}}, {"type": "Feature", "properties": {"id": "3474", "name": "Ponto 3474"}, "geometry": {"type": "Point", "coordinates": [-39.0168735251393, -4.967952702043181]}}, {"type": "Feature", "properties": {"id": "3475", "name": "Ponto 3475"}, "geometry": {"type": "Point", "coordinates": [-39.03129131702237, -4.972590894120911]}}, {"type": "Feature", "properties": {"id": "3476", "name": "Ponto 3476"}, "geometry": {"type": "Point", "coordinates": [-39.019029569662166, -4.966681283410177]}}, {"type": "Feature", "properties": {"id": "3477", "name": "Ponto 3477"}, "geometry": {"type": "Point", "coordinates": [-39.02566285094719, -4.971582525040177]}}, {"type": "Feature", "properties": {"id": "3478", "name": "Ponto 3478"}, "geometry": {"type": "Point", "coordinates": [-39.012206520774704, -4.974148812590346]}}, {"type": "Feature", "properties": {"id": "3479", "name": "Ponto 3479"}, "geometry": {"type": "Point", "coordinates": [-39.015415779914456, -4.970720187026007]}}, {"type": "Feature", "properties": {"id": "3480", "name": "Ponto 3480"}, "geometry": {"type": "Point", "coordinates": [-39.00714291726655, -4.969495840659055]}}, {"type": "Feature", "properties": {"id": "3481", "name": "Ponto 3481"}, "geometry": {"type": "Point", "coordinates": [-39.031212984927855, -4.968720953688152]}}, {"type": "Feature", "properties": {"id": "3482", "name": "Ponto 3482"}, "geometry": {"type": "Point", "coordinates": [-39.01835435098709, -4.963487992295747]}}, {"type": "Feature", "properties": {"id": "3483", "name": "Ponto 3483"}, "geometry": {"type": "Point", "coordinates": [-39.025029603930236, -4.966341592079531]}}, {"type": "Feature", "properties": {"id": "3484", "name": "Ponto 3484"}, "geometry": {"type": "Point", "coordinates": [-39.01063878863999, -4.962239900693233]}}, {"type": "Feature", "properties": {"id": "3485", "name": "Ponto 3485"}, "geometry": {"type": "Point", "coordinates": [-39.01426985676418, -4.968356569201398]}}, {"type": "Feature", "properties": {"id": "3486", "name": "Ponto 3486"}, "geometry": {"type": "Point", "coordinates": [-39.01815759835302, -4.968011184015187]}}, {"type": "Feature", "properties": {"id": "3487", "name": "Ponto 3487"}, "geometry": {"type": "Point", "coordinates": [-39.00785864647236, -4.97410606964574]}}, {"type": "Feature", "properties": {"id": "3488", "name": "Ponto 3488"}, "geometry": {"type": "Point", "coordinates": [-39.01864688574847, -4.964677002304858]}}, {"type": "Feature", "properties": {"id": "3489", "name": "Ponto 3489"}, "geometry": {"type": "Point", "coordinates": [-39.01891443558243, -4.960929573643815]}}, {"type": "Feature", "properties": {"id": "3490", "name": "Ponto 3490"}, "geometry": {"type": "Point", "coordinates": [-39.01636931117297, -4.963551364892711]}}, {"type": "Feature", "properties": {"id": "3491", "name": "Ponto 3491"}, "geometry": {"type": "Point", "coordinates": [-39.02516705555329, -4.962317883807289]}}, {"type": "Feature", "properties": {"id": "3492", "name": "Ponto 3492"}, "geometry": {"type": "Point", "coordinates": [-39.01150303487814, -4.965640442484409]}}, {"type": "Feature", "properties": {"id": "3493", "name": "Ponto 3493"}, "geometry": {"type": "Point", "coordinates": [-39.0141656234232, -4.96417240500189]}}, {"type": "Feature", "properties": {"id": "3494", "name": "Ponto 3494"}, "geometry": {"type": "Point", "coordinates": [-39.02555037221845, -4.966449008327022]}}, {"type": "Feature", "properties": {"id": "3495", "name": "Ponto 3495"}, "geometry": {"type": "Point", "coordinates": [-39.02968092351921, -4.963666583646096]}}, {"type": "Feature", "properties": {"id": "3496", "name": "Ponto 3496"}, "geometry": {"type": "Point", "coordinates": [-39.01999838627343, -4.973135577406007]}}, {"type": "Feature", "properties": {"id": "3497", "name": "Ponto 3497"}, "geometry": {"type": "Point", "coordinates": [-39.0162153888472, -4.961332773744444]}}, {"type": "Feature", "properties": {"id": "3498", "name": "Ponto 3498"}, "geometry": {"type": "Point", "coordinates": [-39.007595589984895, -4.9732904433976755]}}, {"type": "Feature", "properties": {"id": "3499", "name": "Ponto 3499"}, "geometry": {"type": "Point", "coordinates": [-39.02301274644581, -4.960966488636511]}}, {"type": "Feature", "properties": {"id": "3500", "name": "Ponto 3500"}, "geometry": {"type": "Point", "coordinates": [-39.010262076478284, -4.96172191255253]}}, {"type": "Feature", "properties": {"id": "3501", "name": "Ponto 3501"}, "geometry": {"type": "Point", "coordinates": [-39.01956660219406, -4.973902207602043]}}, {"type": "Feature", "properties": {"id": "3502", "name": "Ponto 3502"}, "geometry": {"type": "Point", "coordinates": [-39.02559125104059, -4.968498852987278]}}, {"type": "Feature", "properties": {"id": "3503", "name": "Ponto 3503"}, "geometry": {"type": "Point", "coordinates": [-39.030546359728866, -4.962710543733267]}}, {"type": "Feature", "properties": {"id": "3504", "name": "Ponto 3504"}, "geometry": {"type": "Point", "coordinates": [-39.02250068356666, -4.964655191946518]}}, {"type": "Feature", "properties": {"id": "3505", "name": "Ponto 3505"}, "geometry": {"type": "Point", "coordinates": [-39.0189527768263, -4.971526045769383]}}, {"type": "Feature", "properties": {"id": "3506", "name": "Ponto 3506"}, "geometry": {"type": "Point", "coordinates": [-39.01714977930627, -4.962206105793789]}}, {"type": "Feature", "properties": {"id": "3507", "name": "Ponto 3507"}, "geometry": {"type": "Point", "coordinates": [-39.01555635070308, -4.962383831930534]}}, {"type": "Feature", "properties": {"id": "3508", "name": "Ponto 3508"}, "geometry": {"type": "Point", "coordinates": [-39.01205552616282, -4.965341448036014]}}, {"type": "Feature", "properties": {"id": "3509", "name": "Ponto 3509"}, "geometry": {"type": "Point", "coordinates": [-39.01147711302433, -4.964730845486297]}}, {"type": "Feature", "properties": {"id": "3510", "name": "Ponto 3510"}, "geometry": {"type": "Point", "coordinates": [-39.010723808793195, -4.96555105138003]}}, {"type": "Feature", "properties": {"id": "3511", "name": "Ponto 3511"}, "geometry": {"type": "Point", "coordinates": [-39.01516682232119, -4.969416528076916]}}, {"type": "Feature", "properties": {"id": "3512", "name": "Ponto 3512"}, "geometry": {"type": "Point", "coordinates": [-39.025513396300454, -4.97378656182385]}}, {"type": "Feature", "properties": {"id": "3513", "name": "Ponto 3513"}, "geometry": {"type": "Point", "coordinates": [-39.0286596196785, -4.966210889176553]}}, {"type": "Feature", "properties": {"id": "3514", "name": "Ponto 3514"}, "geometry": {"type": "Point", "coordinates": [-39.027351068159135, -4.971143567236452]}}, {"type": "Feature", "properties": {"id": "3515", "name": "Ponto 3515"}, "geometry": {"type": "Point", "coordinates": [-39.01847714797644, -4.967014197899989]}}, {"type": "Feature", "properties": {"id": "3516", "name": "Ponto 3516"}, "geometry": {"type": "Point", "coordinates": [-39.02519950741508, -4.9687612926317275]}}, {"type": "Feature", "properties": {"id": "3517", "name": "Ponto 3517"}, "geometry": {"type": "Point", "coordinates": [-39.0277868811809, -4.964922218523388]}}, {"type": "Feature", "properties": {"id": "3518", "name": "Ponto 3518"}, "geometry": {"type": "Point", "coordinates": [-39.010193820026394, -4.971706438341339]}}, {"type": "Feature", "properties": {"id": "3519", "name": "Ponto 3519"}, "geometry": {"type": "Point", "coordinates": [-39.00879708658998, -4.96715506663588]}}, {"type": "Feature", "properties": {"id": "3520", "name": "Ponto 3520"}, "geometry": {"type": "Point", "coordinates": [-39.01746625507952, -4.965290786250828]}}, {"type": "Feature", "properties": {"id": "3521", "name": "Ponto 3521"}, "geometry": {"type": "Point", "coordinates": [-39.00818891503643, -4.968135063645708]}}, {"type": "Feature", "properties": {"id": "3522", "name": "Ponto 3522"}, "geometry": {"type": "Point", "coordinates": [-39.0148891457683, -4.969214592051114]}}, {"type": "Feature", "properties": {"id": "3523", "name": "Ponto 3523"}, "geometry": {"type": "Point", "coordinates": [-39.011568957086965, -4.970728989913162]}}, {"type": "Feature", "properties": {"id": "3524", "name": "Ponto 3524"}, "geometry": {"type": "Point", "coordinates": [-39.0262256563438, -4.963068634843715]}}, {"type": "Feature", "properties": {"id": "3525", "name": "Ponto 3525"}, "geometry": {"type": "Point", "coordinates": [-39.013016483973885, -4.965027367786498]}}, {"type": "Feature", "properties": {"id": "3526", "name": "Ponto 3526"}, "geometry": {"type": "Point", "coordinates": [-39.021823935225676, -4.968406131113784]}}, {"type": "Feature", "properties": {"id": "3527", "name": "Ponto 3527"}, "geometry": {"type": "Point", "coordinates": [-39.02347503931881, -4.961624137613046]}}, {"type": "Feature", "properties": {"id": "3528", "name": "Ponto 3528"}, "geometry": {"type": "Point", "coordinates": [-39.015343392327466, -4.973044305170999]}}, {"type": "Feature", "properties": {"id": "3529", "name": "Ponto 3529"}, "geometry": {"type": "Point", "coordinates": [-39.03028209203892, -4.963132331364308]}}, {"type": "Feature", "properties": {"id": "3530", "name": "Ponto 3530"}, "geometry": {"type": "Point", "coordinates": [-39.01494130732832, -4.9702354782901255]}}, {"type": "Feature", "properties": {"id": "3531", "name": "Ponto 3531"}, "geometry": {"type": "Point", "coordinates": [-39.02082070926082, -4.972794525023649]}}, {"type": "Feature", "properties": {"id": "3532", "name": "Ponto 3532"}, "geometry": {"type": "Point", "coordinates": [-39.01328747575921, -4.971296648903636]}}, {"type": "Feature", "properties": {"id": "3533", "name": "Ponto 3533"}, "geometry": {"type": "Point", "coordinates": [-39.00719415403295, -4.972215683559007]}}, {"type": "Feature", "properties": {"id": "3534", "name": "Ponto 3534"}, "geometry": {"type": "Point", "coordinates": [-39.02184686872266, -4.964173822306716]}}, {"type": "Feature", "properties": {"id": "3535", "name": "Ponto 3535"}, "geometry": {"type": "Point", "coordinates": [-39.00723771671705, -4.967532386228034]}}, {"type": "Feature", "properties": {"id": "3536", "name": "Ponto 3536"}, "geometry": {"type": "Point", "coordinates": [-39.01316977592887, -4.962884695053453]}}, {"type": "Feature", "properties": {"id": "3537", "name": "Ponto 3537"}, "geometry": {"type": "Point", "coordinates": [-39.0323971465282, -4.969863512236335]}}, {"type": "Feature", "properties": {"id": "3538", "name": "Ponto 3538"}, "geometry": {"type": "Point", "coordinates": [-39.01640755072088, -4.970729764043456]}}, {"type": "Feature", "properties": {"id": "3539", "name": "Ponto 3539"}, "geometry": {"type": "Point", "coordinates": [-39.00866346848463, -4.966101139659253]}}, {"type": "Feature", "properties": {"id": "3540", "name": "Ponto 3540"}, "geometry": {"type": "Point", "coordinates": [-39.0201871383284, -4.972546330776368]}}, {"type": "Feature", "properties": {"id": "3541", "name": "Ponto 3541"}, "geometry": {"type": "Point", "coordinates": [-39.025644463676365, -4.9673928818184185]}}, {"type": "Feature", "properties": {"id": "3542", "name": "Ponto 3542"}, "geometry": {"type": "Point", "coordinates": [-39.01374647425266, -4.969373790136513]}}, {"type": "Feature", "properties": {"id": "3543", "name": "Ponto 3543"}, "geometry": {"type": "Point", "coordinates": [-39.01255131856849, -4.961394015300567]}}, {"type": "Feature", "properties": {"id": "3544", "name": "Ponto 3544"}, "geometry": {"type": "Point", "coordinates": [-39.00880743274445, -4.972861169664323]}}, {"type": "Feature", "properties": {"id": "3545", "name": "Ponto 3545"}, "geometry": {"type": "Point", "coordinates": [-39.02027700419572, -4.9733158831595325]}}, {"type": "Feature", "properties": {"id": "3546", "name": "Ponto 3546"}, "geometry": {"type": "Point", "coordinates": [-39.00961190294267, -4.965940694902754]}}, {"type": "Feature", "properties": {"id": "3547", "name": "Ponto 3547"}, "geometry": {"type": "Point", "coordinates": [-39.02656033545466, -4.9719871316470785]}}, {"type": "Feature", "properties": {"id": "3548", "name": "Ponto 3548"}, "geometry": {"type": "Point", "coordinates": [-39.02756541876561, -4.968823494304078]}}, {"type": "Feature", "properties": {"id": "3549", "name": "Ponto 3549"}, "geometry": {"type": "Point", "coordinates": [-39.01018924064438, -4.968398560114611]}}, {"type": "Feature", "properties": {"id": "3550", "name": "Ponto 3550"}, "geometry": {"type": "Point", "coordinates": [-39.01141090969974, -4.964508991708212]}}, {"type": "Feature", "properties": {"id": "3551", "name": "Ponto 3551"}, "geometry": {"type": "Point", "coordinates": [-39.010370519382334, -4.9615646470016]}}, {"type": "Feature", "properties": {"id": "3552", "name": "Ponto 3552"}, "geometry": {"type": "Point", "coordinates": [-39.02692225854306, -4.969083645280187]}}, {"type": "Feature", "properties": {"id": "3553", "name": "Ponto 3553"}, "geometry": {"type": "Point", "coordinates": [-39.02022927269747, -4.969660030290262]}}, {"type": "Feature", "properties": {"id": "3554", "name": "Ponto 3554"}, "geometry": {"type": "Point", "coordinates": [-39.02343617532719, -4.962601724209557]}}, {"type": "Feature", "properties": {"id": "3555", "name": "Ponto 3555"}, "geometry": {"type": "Point", "coordinates": [-39.026861166815664, -4.961491926860632]}}, {"type": "Feature", "properties": {"id": "3556", "name": "Ponto 3556"}, "geometry": {"type": "Point", "coordinates": [-39.0190561812731, -4.961706027117095]}}, {"type": "Feature", "properties": {"id": "3557", "name": "Ponto 3557"}, "geometry": {"type": "Point", "coordinates": [-39.02394889307865, -4.964189428142241]}}, {"type": "Feature", "properties": {"id": "3558", "name": "Ponto 3558"}, "geometry": {"type": "Point", "coordinates": [-39.0256614422611, -4.972717431019833]}}, {"type": "Feature", "properties": {"id": "3559", "name": "Ponto 3559"}, "geometry": {"type": "Point", "coordinates": [-39.028146481334566, -4.969910021092212]}}, {"type": "Feature", "properties": {"id": "3560", "name": "Ponto 3560"}, "geometry": {"type": "Point", "coordinates": [-39.01159769542178, -4.96625013363929]}}, {"type": "Feature", "properties": {"id": "3561", "name": "Ponto 3561"}, "geometry": {"type": "Point", "coordinates": [-39.02447878387504, -4.965136265351301]}}, {"type": "Feature", "properties": {"id": "3562", "name": "Ponto 3562"}, "geometry": {"type": "Point", "coordinates": [-39.02449092087032, -4.970907257701787]}}, {"type": "Feature", "properties": {"id": "3563", "name": "Ponto 3563"}, "geometry": {"type": "Point", "coordinates": [-39.02770697074044, -4.96723327196707]}}, {"type": "Feature", "properties": {"id": "3564", "name": "Ponto 3564"}, "geometry": {"type": "Point", "coordinates": [-39.03246832652793, -4.974023355715481]}}, {"type": "Feature", "properties": {"id": "3565", "name": "Ponto 3565"}, "geometry": {"type": "Point", "coordinates": [-39.025017160798754, -4.971620214498737]}}, {"type": "Feature", "properties": {"id": "3566", "name": "Ponto 3566"}, "geometry": {"type": "Point", "coordinates": [-39.03114620963383, -4.968779394570575]}}, {"type": "Feature", "properties": {"id": "3567", "name": "Ponto 3567"}, "geometry": {"type": "Point", "coordinates": [-39.02891185540704, -4.973265999681449]}}, {"type": "Feature", "properties": {"id": "3568", "name": "Ponto 3568"}, "geometry": {"type": "Point", "coordinates": [-39.008073616312984, -4.966875796917763]}}, {"type": "Feature", "properties": {"id": "3569", "name": "Ponto 3569"}, "geometry": {"type": "Point", "coordinates": [-39.02643579509583, -4.969831155166644]}}, {"type": "Feature", "properties": {"id": "3570", "name": "Ponto 3570"}, "geometry": {"type": "Point", "coordinates": [-39.01765673055891, -4.961218983751583]}}, {"type": "Feature", "properties": {"id": "3571", "name": "Ponto 3571"}, "geometry": {"type": "Point", "coordinates": [-39.01472856262569, -4.974364458252741]}}, {"type": "Feature", "properties": {"id": "3572", "name": "Ponto 3572"}, "geometry": {"type": "Point", "coordinates": [-39.01628675629461, -4.973496399772842]}}, {"type": "Feature", "properties": {"id": "3573", "name": "Ponto 3573"}, "geometry": {"type": "Point", "coordinates": [-39.00921020418797, -4.965098880690714]}}, {"type": "Feature", "properties": {"id": "3574", "name": "Ponto 3574"}, "geometry": {"type": "Point", "coordinates": [-39.01160259420704, -4.973634702624756]}}, {"type": "Feature", "properties": {"id": "3575", "name": "Ponto 3575"}, "geometry": {"type": "Point", "coordinates": [-39.018540031421566, -4.963977778782712]}}, {"type": "Feature", "properties": {"id": "3576", "name": "Ponto 3576"}, "geometry": {"type": "Point", "coordinates": [-39.02683595650957, -4.971909461771438]}}, {"type": "Feature", "properties": {"id": "3577", "name": "Ponto 3577"}, "geometry": {"type": "Point", "coordinates": [-39.03152726036935, -4.967527254307476]}}, {"type": "Feature", "properties": {"id": "3578", "name": "Ponto 3578"}, "geometry": {"type": "Point", "coordinates": [-39.0240428683205, -4.9611666304006405]}}, {"type": "Feature", "properties": {"id": "3579", "name": "Ponto 3579"}, "geometry": {"type": "Point", "coordinates": [-39.027747624511285, -4.970471978254632]}}, {"type": "Feature", "properties": {"id": "3580", "name": "Ponto 3580"}, "geometry": {"type": "Point", "coordinates": [-39.0295000218756, -4.964876501603409]}}, {"type": "Feature", "properties": {"id": "3581", "name": "Ponto 3581"}, "geometry": {"type": "Point", "coordinates": [-39.02492497306745, -4.961354941702579]}}, {"type": "Feature", "properties": {"id": "3582", "name": "Ponto 3582"}, "geometry": {"type": "Point", "coordinates": [-39.00972596506606, -4.963046452491705]}}, {"type": "Feature", "properties": {"id": "3583", "name": "Ponto 3583"}, "geometry": {"type": "Point", "coordinates": [-39.025371693979366, -4.971993064284658]}}, {"type": "Feature", "properties": {"id": "3584", "name": "Ponto 3584"}, "geometry": {"type": "Point", "coordinates": [-39.02513496962311, -4.9619997310047665]}}, {"type": "Feature", "properties": {"id": "3585", "name": "Ponto 3585"}, "geometry": {"type": "Point", "coordinates": [-39.03211435557106, -4.971891909511256]}}, {"type": "Feature", "properties": {"id": "3586", "name": "Ponto 3586"}, "geometry": {"type": "Point", "coordinates": [-39.02209202660495, -4.961353099123894]}}, {"type": "Feature", "properties": {"id": "3587", "name": "Ponto 3587"}, "geometry": {"type": "Point", "coordinates": [-39.02543174464034, -4.97093683144462]}}, {"type": "Feature", "properties": {"id": "3588", "name": "Ponto 3588"}, "geometry": {"type": "Point", "coordinates": [-39.02594908771761, -4.964873870861572]}}, {"type": "Feature", "properties": {"id": "3589", "name": "Ponto 3589"}, "geometry": {"type": "Point", "coordinates": [-39.021503408259996, -4.970541892309305]}}, {"type": "Feature", "properties": {"id": "3590", "name": "Ponto 3590"}, "geometry": {"type": "Point", "coordinates": [-39.01792946253045, -4.969519718342425]}}, {"type": "Feature", "properties": {"id": "3591", "name": "Ponto 3591"}, "geometry": {"type": "Point", "coordinates": [-39.02455569534717, -4.971182289122986]}}, {"type": "Feature", "properties": {"id": "3592", "name": "Ponto 3592"}, "geometry": {"type": "Point", "coordinates": [-39.026173964480115, -4.960933762551129]}}, {"type": "Feature", "properties": {"id": "3593", "name": "Ponto 3593"}, "geometry": {"type": "Point", "coordinates": [-39.020612063731846, -4.96668288088039]}}, {"type": "Feature", "properties": {"id": "3594", "name": "Ponto 3594"}, "geometry": {"type": "Point", "coordinates": [-39.02285481473027, -4.974265515141697]}}, {"type": "Feature", "properties": {"id": "3595", "name": "Ponto 3595"}, "geometry": {"type": "Point", "coordinates": [-39.03216510783205, -4.96133580768778]}}, {"type": "Feature", "properties": {"id": "3596", "name": "Ponto 3596"}, "geometry": {"type": "Point", "coordinates": [-39.02939116018667, -4.96182911482844]}}, {"type": "Feature", "properties": {"id": "3597", "name": "Ponto 3597"}, "geometry": {"type": "Point", "coordinates": [-39.0086006061932, -4.961763443476351]}}, {"type": "Feature", "properties": {"id": "3598", "name": "Ponto 3598"}, "geometry": {"type": "Point", "coordinates": [-39.02385984641535, -4.971391453279914]}}, {"type": "Feature", "properties": {"id": "3599", "name": "Ponto 3599"}, "geometry": {"type": "Point", "coordinates": [-39.02378259605588, -4.9613401252555045]}}, {"type": "Feature", "properties": {"id": "3600", "name": "Ponto 3600"}, "geometry": {"type": "Point", "coordinates": [-39.01963800686506, -4.96486304960055]}}, {"type": "Feature", "properties": {"id": "3601", "name": "Ponto 3601"}, "geometry": {"type": "Point", "coordinates": [-39.014540407899986, -4.9621203937029446]}}, {"type": "Feature", "properties": {"id": "3602", "name": "Ponto 3602"}, "geometry": {"type": "Point", "coordinates": [-39.020522053858144, -4.962790633578706]}}, {"type": "Feature", "properties": {"id": "3603", "name": "Ponto 3603"}, "geometry": {"type": "Point", "coordinates": [-39.00993917279638, -4.961525367162453]}}, {"type": "Feature", "properties": {"id": "3604", "name": "Ponto 3604"}, "geometry": {"type": "Point", "coordinates": [-39.028691072118626, -4.965936365642268]}}, {"type": "Feature", "properties": {"id": "3605", "name": "Ponto 3605"}, "geometry": {"type": "Point", "coordinates": [-39.0254911828439, -4.961842185402821]}}, {"type": "Feature", "properties": {"id": "3606", "name": "Ponto 3606"}, "geometry": {"type": "Point", "coordinates": [-39.014358037577374, -4.970299754444538]}}, {"type": "Feature", "properties": {"id": "3607", "name": "Ponto 3607"}, "geometry": {"type": "Point", "coordinates": [-39.007676109840645, -4.9661760269581325]}}, {"type": "Feature", "properties": {"id": "3608", "name": "Ponto 3608"}, "geometry": {"type": "Point", "coordinates": [-39.011652470788775, -4.9662500521716035]}}, {"type": "Feature", "properties": {"id": "3609", "name": "Ponto 3609"}, "geometry": {"type": "Point", "coordinates": [-39.02871910363259, -4.961185245067541]}}, {"type": "Feature", "properties": {"id": "3610", "name": "Ponto 3610"}, "geometry": {"type": "Point", "coordinates": [-39.02511890494951, -4.964409420612479]}}, {"type": "Feature", "properties": {"id": "3611", "name": "Ponto 3611"}, "geometry": {"type": "Point", "coordinates": [-39.02430746665603, -4.971939859610822]}}, {"type": "Feature", "properties": {"id": "3612", "name": "Ponto 3612"}, "geometry": {"type": "Point", "coordinates": [-39.0221954223784, -4.96967815180587]}}, {"type": "Feature", "properties": {"id": "3613", "name": "Ponto 3613"}, "geometry": {"type": "Point", "coordinates": [-39.025177387895376, -4.973666826359132]}}, {"type": "Feature", "properties": {"id": "3614", "name": "Ponto 3614"}, "geometry": {"type": "Point", "coordinates": [-39.012681374688256, -4.971819686361836]}}, {"type": "Feature", "properties": {"id": "3615", "name": "Ponto 3615"}, "geometry": {"type": "Point", "coordinates": [-39.018826190040315, -4.974356784856986]}}, {"type": "Feature", "properties": {"id": "3616", "name": "Ponto 3616"}, "geometry": {"type": "Point", "coordinates": [-39.02241636319619, -4.963874992244797]}}, {"type": "Feature", "properties": {"id": "3617", "name": "Ponto 3617"}, "geometry": {"type": "Point", "coordinates": [-39.01004045256705, -4.9645168461238445]}}, {"type": "Feature", "properties": {"id": "3618", "name": "Ponto 3618"}, "geometry": {"type": "Point", "coordinates": [-39.02668763011816, -4.968717857988544]}}, {"type": "Feature", "properties": {"id": "3619", "name": "Ponto 3619"}, "geometry": {"type": "Point", "coordinates": [-39.01380878338584, -4.961948594863592]}}, {"type": "Feature", "properties": {"id": "3620", "name": "Ponto 3620"}, "geometry": {"type": "Point", "coordinates": [-39.01924268580997, -4.970962975957352]}}, {"type": "Feature", "properties": {"id": "3621", "name": "Ponto 3621"}, "geometry": {"type": "Point", "coordinates": [-39.02947031315347, -4.968595399231415]}}, {"type": "Feature", "properties": {"id": "3622", "name": "Ponto 3622"}, "geometry": {"type": "Point", "coordinates": [-39.00920636246903, -4.973334037887635]}}, {"type": "Feature", "properties": {"id": "3623", "name": "Ponto 3623"}, "geometry": {"type": "Point", "coordinates": [-39.01846528619389, -4.971003959850547]}}, {"type": "Feature", "properties": {"id": "3624", "name": "Ponto 3624"}, "geometry": {"type": "Point", "coordinates": [-39.02918673647959, -4.973406300659286]}}, {"type": "Feature", "properties": {"id": "3625", "name": "Ponto 3625"}, "geometry": {"type": "Point", "coordinates": [-39.02083010276027, -4.966174933532153]}}, {"type": "Feature", "properties": {"id": "3626", "name": "Ponto 3626"}, "geometry": {"type": "Point", "coordinates": [-39.016194397910965, -4.971334131718569]}}, {"type": "Feature", "properties": {"id": "3627", "name": "Ponto 3627"}, "geometry": {"type": "Point", "coordinates": [-39.02669554154299, -4.961286861724558]}}, {"type": "Feature", "properties": {"id": "3628", "name": "Ponto 3628"}, "geometry": {"type": "Point", "coordinates": [-39.03046067370916, -4.963787396361587]}}, {"type": "Feature", "properties": {"id": "3629", "name": "Ponto 3629"}, "geometry": {"type": "Point", "coordinates": [-39.030134165103455, -4.962155539995047]}}, {"type": "Feature", "properties": {"id": "3630", "name": "Ponto 3630"}, "geometry": {"type": "Point", "coordinates": [-39.02491502788973, -4.967049919210287]}}, {"type": "Feature", "properties": {"id": "3631", "name": "Ponto 3631"}, "geometry": {"type": "Point", "coordinates": [-39.021668323442064, -4.969847317825643]}}, {"type": "Feature", "properties": {"id": "3632", "name": "Ponto 3632"}, "geometry": {"type": "Point", "coordinates": [-39.013816781951256, -4.969273361155914]}}, {"type": "Feature", "properties": {"id": "3633", "name": "Ponto 3633"}, "geometry": {"type": "Point", "coordinates": [-39.03161725571197, -4.972135102485878]}}, {"type": "Feature", "properties": {"id": "3634", "name": "Ponto 3634"}, "geometry": {"type": "Point", "coordinates": [-39.01353702331603, -4.972348711603135]}}, {"type": "Feature", "properties": {"id": "3635", "name": "Ponto 3635"}, "geometry": {"type": "Point", "coordinates": [-39.025155932100105, -4.971195926566775]}}, {"type": "Feature", "properties": {"id": "3636", "name": "Ponto 3636"}, "geometry": {"type": "Point", "coordinates": [-39.02285271619434, -4.972691505118924]}}, {"type": "Feature", "properties": {"id": "3637", "name": "Ponto 3637"}, "geometry": {"type": "Point", "coordinates": [-39.0311693572289, -4.966485520240453]}}, {"type": "Feature", "properties": {"id": "3638", "name": "Ponto 3638"}, "geometry": {"type": "Point", "coordinates": [-39.020462083718044, -4.965213031815312]}}, {"type": "Feature", "properties": {"id": "3639", "name": "Ponto 3639"}, "geometry": {"type": "Point", "coordinates": [-39.029576005417326, -4.966864756593673]}}, {"type": "Feature", "properties": {"id": "3640", "name": "Ponto 3640"}, "geometry": {"type": "Point", "coordinates": [-39.01886956790543, -4.968647591702095]}}, {"type": "Feature", "properties": {"id": "3641", "name": "Ponto 3641"}, "geometry": {"type": "Point", "coordinates": [-39.015310483612765, -4.9727308486237805]}}, {"type": "Feature", "properties": {"id": "3642", "name": "Ponto 3642"}, "geometry": {"type": "Point", "coordinates": [-39.01682741869779, -4.967774481360774]}}, {"type": "Feature", "properties": {"id": "3643", "name": "Ponto 3643"}, "geometry": {"type": "Point", "coordinates": [-39.03039041161662, -4.971763874426977]}}, {"type": "Feature", "properties": {"id": "3644", "name": "Ponto 3644"}, "geometry": {"type": "Point", "coordinates": [-39.02794723621445, -4.96540767678297]}}, {"type": "Feature", "properties": {"id": "3645", "name": "Ponto 3645"}, "geometry": {"type": "Point", "coordinates": [-39.03158652247247, -4.961775303343158]}}, {"type": "Feature", "properties": {"id": "3646", "name": "Ponto 3646"}, "geometry": {"type": "Point", "coordinates": [-39.00680686916426, -4.966717000351469]}}, {"type": "Feature", "properties": {"id": "3647", "name": "Ponto 3647"}, "geometry": {"type": "Point", "coordinates": [-39.02805482621433, -4.97296463021262]}}, {"type": "Feature", "properties": {"id": "3648", "name": "Ponto 3648"}, "geometry": {"type": "Point", "coordinates": [-39.02579460299071, -4.966620724327408]}}, {"type": "Feature", "properties": {"id": "3649", "name": "Ponto 3649"}, "geometry": {"type": "Point", "coordinates": [-39.01321183466113, -4.968609937088605]}}, {"type": "Feature", "properties": {"id": "3650", "name": "Ponto 3650"}, "geometry": {"type": "Point", "coordinates": [-39.03082971718693, -4.967820396161131]}}, {"type": "Feature", "properties": {"id": "3651", "name": "Ponto 3651"}, "geometry": {"type": "Point", "coordinates": [-39.00718581905055, -4.96846833003473]}}, {"type": "Feature", "properties": {"id": "3652", "name": "Ponto 3652"}, "geometry": {"type": "Point", "coordinates": [-39.01742082627788, -4.964123212710784]}}, {"type": "Feature", "properties": {"id": "3653", "name": "Ponto 3653"}, "geometry": {"type": "Point", "coordinates": [-39.006813772656514, -4.969802527582936]}}, {"type": "Feature", "properties": {"id": "3654", "name": "Ponto 3654"}, "geometry": {"type": "Point", "coordinates": [-39.01572043236762, -4.970641023029914]}}, {"type": "Feature", "properties": {"id": "3655", "name": "Ponto 3655"}, "geometry": {"type": "Point", "coordinates": [-39.00854907343353, -4.970753643564426]}}, {"type": "Feature", "properties": {"id": "3656", "name": "Ponto 3656"}, "geometry": {"type": "Point", "coordinates": [-39.01454246137364, -4.968182740839745]}}, {"type": "Feature", "properties": {"id": "3657", "name": "Ponto 3657"}, "geometry": {"type": "Point", "coordinates": [-39.02217625356376, -4.9616500232208045]}}, {"type": "Feature", "properties": {"id": "3658", "name": "Ponto 3658"}, "geometry": {"type": "Point", "coordinates": [-39.02474970019416, -4.973446835803925]}}, {"type": "Feature", "properties": {"id": "3659", "name": "Ponto 3659"}, "geometry": {"type": "Point", "coordinates": [-39.016665652660656, -4.963464312656567]}}, {"type": "Feature", "properties": {"id": "3660", "name": "Ponto 3660"}, "geometry": {"type": "Point", "coordinates": [-39.02338264468892, -4.973577637597233]}}, {"type": "Feature", "properties": {"id": "3661", "name": "Ponto 3661"}, "geometry": {"type": "Point", "coordinates": [-39.009695531869, -4.965158376787484]}}, {"type": "Feature", "properties": {"id": "3662", "name": "Ponto 3662"}, "geometry": {"type": "Point", "coordinates": [-39.01272347892733, -4.963203895355735]}}, {"type": "Feature", "properties": {"id": "3663", "name": "Ponto 3663"}, "geometry": {"type": "Point", "coordinates": [-39.00980601310052, -4.964777312229434]}}, {"type": "Feature", "properties": {"id": "3664", "name": "Ponto 3664"}, "geometry": {"type": "Point", "coordinates": [-39.01584884166801, -4.970856605014923]}}, {"type": "Feature", "properties": {"id": "3665", "name": "Ponto 3665"}, "geometry": {"type": "Point", "coordinates": [-39.02328646743934, -4.963818185765808]}}, {"type": "Feature", "properties": {"id": "3666", "name": "Ponto 3666"}, "geometry": {"type": "Point", "coordinates": [-39.00968470483164, -4.962359735172069]}}, {"type": "Feature", "properties": {"id": "3667", "name": "Ponto 3667"}, "geometry": {"type": "Point", "coordinates": [-39.01853002295377, -4.968275089114313]}}, {"type": "Feature", "properties": {"id": "3668", "name": "Ponto 3668"}, "geometry": {"type": "Point", "coordinates": [-39.01563458471788, -4.968861595787712]}}, {"type": "Feature", "properties": {"id": "3669", "name": "Ponto 3669"}, "geometry": {"type": "Point", "coordinates": [-39.010818407217485, -4.9680744177947505]}}, {"type": "Feature", "properties": {"id": "3670", "name": "Ponto 3670"}, "geometry": {"type": "Point", "coordinates": [-39.00894278153417, -4.970283731154639]}}, {"type": "Feature", "properties": {"id": "3671", "name": "Ponto 3671"}, "geometry": {"type": "Point", "coordinates": [-39.012333468373804, -4.962433434936533]}}, {"type": "Feature", "properties": {"id": "3672", "name": "Ponto 3672"}, "geometry": {"type": "Point", "coordinates": [-39.00773953407145, -4.974013335596493]}}, {"type": "Feature", "properties": {"id": "3673", "name": "Ponto 3673"}, "geometry": {"type": "Point", "coordinates": [-39.01637108956023, -4.962287775682043]}}, {"type": "Feature", "properties": {"id": "3674", "name": "Ponto 3674"}, "geometry": {"type": "Point", "coordinates": [-39.02068407242802, -4.968468894681587]}}, {"type": "Feature", "properties": {"id": "3675", "name": "Ponto 3675"}, "geometry": {"type": "Point", "coordinates": [-39.031745011446674, -4.9617918754136054]}}, {"type": "Feature", "properties": {"id": "3676", "name": "Ponto 3676"}, "geometry": {"type": "Point", "coordinates": [-39.01994507768896, -4.97313154899687]}}, {"type": "Feature", "properties": {"id": "3677", "name": "Ponto 3677"}, "geometry": {"type": "Point", "coordinates": [-39.01287974562112, -4.963153269364401]}}, {"type": "Feature", "properties": {"id": "3678", "name": "Ponto 3678"}, "geometry": {"type": "Point", "coordinates": [-39.02830333784219, -4.9678210517082535]}}, {"type": "Feature", "properties": {"id": "3679", "name": "Ponto 3679"}, "geometry": {"type": "Point", "coordinates": [-39.03008525190733, -4.960927178749974]}}, {"type": "Feature", "properties": {"id": "3680", "name": "Ponto 3680"}, "geometry": {"type": "Point", "coordinates": [-39.02759495953009, -4.963229361598005]}}, {"type": "Feature", "properties": {"id": "3681", "name": "Ponto 3681"}, "geometry": {"type": "Point", "coordinates": [-39.00671080030599, -4.962872832908719]}}, {"type": "Feature", "properties": {"id": "3682", "name": "Ponto 3682"}, "geometry": {"type": "Point", "coordinates": [-39.032406265047875, -4.969994519977464]}}, {"type": "Feature", "properties": {"id": "3683", "name": "Ponto 3683"}, "geometry": {"type": "Point", "coordinates": [-39.0205777591614, -4.9609339528416765]}}, {"type": "Feature", "properties": {"id": "3684", "name": "Ponto 3684"}, "geometry": {"type": "Point", "coordinates": [-39.02841228683203, -4.967913902920271]}}, {"type": "Feature", "properties": {"id": "3685", "name": "Ponto 3685"}, "geometry": {"type": "Point", "coordinates": [-39.025022362298756, -4.965382333110213]}}, {"type": "Feature", "properties": {"id": "3686", "name": "Ponto 3686"}, "geometry": {"type": "Point", "coordinates": [-39.00950315384919, -4.974232110037791]}}, {"type": "Feature", "properties": {"id": "3687", "name": "Ponto 3687"}, "geometry": {"type": "Point", "coordinates": [-39.0242791125799, -4.96384166816668]}}, {"type": "Feature", "properties": {"id": "3688", "name": "Ponto 3688"}, "geometry": {"type": "Point", "coordinates": [-39.028587506747904, -4.973835351945767]}}, {"type": "Feature", "properties": {"id": "3689", "name": "Ponto 3689"}, "geometry": {"type": "Point", "coordinates": [-39.01274518905697, -4.971195729036471]}}, {"type": "Feature", "properties": {"id": "3690", "name": "Ponto 3690"}, "geometry": {"type": "Point", "coordinates": [-39.019404136101805, -4.962820509680946]}}, {"type": "Feature", "properties": {"id": "3691", "name": "Ponto 3691"}, "geometry": {"type": "Point", "coordinates": [-39.01634841939948, -4.970942790321813]}}, {"type": "Feature", "properties": {"id": "3692", "name": "Ponto 3692"}, "geometry": {"type": "Point", "coordinates": [-39.0275130387419, -4.969995605642133]}}, {"type": "Feature", "properties": {"id": "3693", "name": "Ponto 3693"}, "geometry": {"type": "Point", "coordinates": [-39.02872248146062, -4.96694055664375]}}, {"type": "Feature", "properties": {"id": "3694", "name": "Ponto 3694"}, "geometry": {"type": "Point", "coordinates": [-39.00843331115058, -4.9705616315695975]}}, {"type": "Feature", "properties": {"id": "3695", "name": "Ponto 3695"}, "geometry": {"type": "Point", "coordinates": [-39.01004688617404, -4.966778992152471]}}, {"type": "Feature", "properties": {"id": "3696", "name": "Ponto 3696"}, "geometry": {"type": "Point", "coordinates": [-39.01737906327473, -4.9666207452525795]}}, {"type": "Feature", "properties": {"id": "3697", "name": "Ponto 3697"}, "geometry": {"type": "Point", "coordinates": [-39.02859259643832, -4.965206317674672]}}, {"type": "Feature", "properties": {"id": "3698", "name": "Ponto 3698"}, "geometry": {"type": "Point", "coordinates": [-39.015320436509334, -4.969167070681576]}}, {"type": "Feature", "properties": {"id": "3699", "name": "Ponto 3699"}, "geometry": {"type": "Point", "coordinates": [-39.015837299324595, -4.967964815239297]}}, {"type": "Feature", "properties": {"id": "3700", "name": "Ponto 3700"}, "geometry": {"type": "Point", "coordinates": [-39.007172232163335, -4.971023720211721]}}, {"type": "Feature", "properties": {"id": "3701", "name": "Ponto 3701"}, "geometry": {"type": "Point", "coordinates": [-39.01815965466232, -4.966165041851463]}}, {"type": "Feature", "properties": {"id": "3702", "name": "Ponto 3702"}, "geometry": {"type": "Point", "coordinates": [-39.02411375795831, -4.969691294085322]}}, {"type": "Feature", "properties": {"id": "3703", "name": "Ponto 3703"}, "geometry": {"type": "Point", "coordinates": [-39.02361467803252, -4.960901733091417]}}, {"type": "Feature", "properties": {"id": "3704", "name": "Ponto 3704"}, "geometry": {"type": "Point", "coordinates": [-39.01021229026049, -4.961356084676319]}}, {"type": "Feature", "properties": {"id": "3705", "name": "Ponto 3705"}, "geometry": {"type": "Point", "coordinates": [-39.01328238542774, -4.968817134241504]}}, {"type": "Feature", "properties": {"id": "3706", "name": "Ponto 3706"}, "geometry": {"type": "Point", "coordinates": [-39.02891152848287, -4.961453838439108]}}, {"type": "Feature", "properties": {"id": "3707", "name": "Ponto 3707"}, "geometry": {"type": "Point", "coordinates": [-39.01815885346615, -4.9663379922081505]}}, {"type": "Feature", "properties": {"id": "3708", "name": "Ponto 3708"}, "geometry": {"type": "Point", "coordinates": [-39.01410841173129, -4.973115240608152]}}, {"type": "Feature", "properties": {"id": "3709", "name": "Ponto 3709"}, "geometry": {"type": "Point", "coordinates": [-39.02080292214724, -4.962816329280084]}}, {"type": "Feature", "properties": {"id": "3710", "name": "Ponto 3710"}, "geometry": {"type": "Point", "coordinates": [-39.013484558264516, -4.9673808910127]}}, {"type": "Feature", "properties": {"id": "3711", "name": "Ponto 3711"}, "geometry": {"type": "Point", "coordinates": [-39.01778592515448, -4.971766426206864]}}, {"type": "Feature", "properties": {"id": "3712", "name": "Ponto 3712"}, "geometry": {"type": "Point", "coordinates": [-39.01158534416417, -4.970366982844966]}}, {"type": "Feature", "properties": {"id": "3713", "name": "Ponto 3713"}, "geometry": {"type": "Point", "coordinates": [-39.01255046329529, -4.971484969799555]}}, {"type": "Feature", "properties": {"id": "3714", "name": "Ponto 3714"}, "geometry": {"type": "Point", "coordinates": [-39.0172485746116, -4.965444260188183]}}, {"type": "Feature", "properties": {"id": "3715", "name": "Ponto 3715"}, "geometry": {"type": "Point", "coordinates": [-39.01167571433745, -4.964244299607013]}}, {"type": "Feature", "properties": {"id": "3716", "name": "Ponto 3716"}, "geometry": {"type": "Point", "coordinates": [-39.01742601040725, -4.962498988172607]}}, {"type": "Feature", "properties": {"id": "3717", "name": "Ponto 3717"}, "geometry": {"type": "Point", "coordinates": [-39.01599906393671, -4.963170067959853]}}, {"type": "Feature", "properties": {"id": "3718", "name": "Ponto 3718"}, "geometry": {"type": "Point", "coordinates": [-39.020838148233835, -4.96385708326311]}}, {"type": "Feature", "properties": {"id": "3719", "name": "Ponto 3719"}, "geometry": {"type": "Point", "coordinates": [-39.023498558526256, -4.9656997755683765]}}, {"type": "Feature", "properties": {"id": "3720", "name": "Ponto 3720"}, "geometry": {"type": "Point", "coordinates": [-39.02945244463246, -4.965599751301905]}}, {"type": "Feature", "properties": {"id": "3721", "name": "Ponto 3721"}, "geometry": {"type": "Point", "coordinates": [-39.02120757770989, -4.9692399737309545]}}, {"type": "Feature", "properties": {"id": "3722", "name": "Ponto 3722"}, "geometry": {"type": "Point", "coordinates": [-39.01579042635945, -4.965166666914495]}}, {"type": "Feature", "properties": {"id": "3723", "name": "Ponto 3723"}, "geometry": {"type": "Point", "coordinates": [-39.02547763314599, -4.968724752240762]}}, {"type": "Feature", "properties": {"id": "3724", "name": "Ponto 3724"}, "geometry": {"type": "Point", "coordinates": [-39.00880101572038, -4.963076488957705]}}, {"type": "Feature", "properties": {"id": "3725", "name": "Ponto 3725"}, "geometry": {"type": "Point", "coordinates": [-39.0192951919954, -4.963126337695916]}}, {"type": "Feature", "properties": {"id": "3726", "name": "Ponto 3726"}, "geometry": {"type": "Point", "coordinates": [-39.03123114602064, -4.963232061077756]}}, {"type": "Feature", "properties": {"id": "3727", "name": "Ponto 3727"}, "geometry": {"type": "Point", "coordinates": [-39.009753571032896, -4.968614816775111]}}, {"type": "Feature", "properties": {"id": "3728", "name": "Ponto 3728"}, "geometry": {"type": "Point", "coordinates": [-39.02401170186958, -4.972573991716337]}}, {"type": "Feature", "properties": {"id": "3729", "name": "Ponto 3729"}, "geometry": {"type": "Point", "coordinates": [-39.029951277712975, -4.972251839657868]}}, {"type": "Feature", "properties": {"id": "3730", "name": "Ponto 3730"}, "geometry": {"type": "Point", "coordinates": [-39.03128268884517, -4.969812981087357]}}, {"type": "Feature", "properties": {"id": "3731", "name": "Ponto 3731"}, "geometry": {"type": "Point", "coordinates": [-39.00968916457796, -4.9716926932986345]}}, {"type": "Feature", "properties": {"id": "3732", "name": "Ponto 3732"}, "geometry": {"type": "Point", "coordinates": [-39.023950659546536, -4.970427776166286]}}, {"type": "Feature", "properties": {"id": "3733", "name": "Ponto 3733"}, "geometry": {"type": "Point", "coordinates": [-39.01155045572686, -4.969729651932253]}}, {"type": "Feature", "properties": {"id": "3734", "name": "Ponto 3734"}, "geometry": {"type": "Point", "coordinates": [-39.00987860688714, -4.968615646194713]}}, {"type": "Feature", "properties": {"id": "3735", "name": "Ponto 3735"}, "geometry": {"type": "Point", "coordinates": [-39.02322777943521, -4.9684633184612235]}}, {"type": "Feature", "properties": {"id": "3736", "name": "Ponto 3736"}, "geometry": {"type": "Point", "coordinates": [-39.01262296140258, -4.965215626248595]}}, {"type": "Feature", "properties": {"id": "3737", "name": "Ponto 3737"}, "geometry": {"type": "Point", "coordinates": [-39.02130810325466, -4.968095264705635]}}, {"type": "Feature", "properties": {"id": "3738", "name": "Ponto 3738"}, "geometry": {"type": "Point", "coordinates": [-39.0157297284841, -4.972965932758589]}}, {"type": "Feature", "properties": {"id": "3739", "name": "Ponto 3739"}, "geometry": {"type": "Point", "coordinates": [-39.012166612407015, -4.9699450969230154]}}, {"type": "Feature", "properties": {"id": "3740", "name": "Ponto 3740"}, "geometry": {"type": "Point", "coordinates": [-39.02568689704783, -4.968035676984965]}}, {"type": "Feature", "properties": {"id": "3741", "name": "Ponto 3741"}, "geometry": {"type": "Point", "coordinates": [-39.01432216290484, -4.965305382159974]}}, {"type": "Feature", "properties": {"id": "3742", "name": "Ponto 3742"}, "geometry": {"type": "Point", "coordinates": [-39.01414111115763, -4.9657713305508295]}}, {"type": "Feature", "properties": {"id": "3743", "name": "Ponto 3743"}, "geometry": {"type": "Point", "coordinates": [-39.0270232196371, -4.961581433480934]}}, {"type": "Feature", "properties": {"id": "3744", "name": "Ponto 3744"}, "geometry": {"type": "Point", "coordinates": [-39.01467890884386, -4.9615657312183075]}}, {"type": "Feature", "properties": {"id": "3745", "name": "Ponto 3745"}, "geometry": {"type": "Point", "coordinates": [-39.00655828555772, -4.971469130770132]}}, {"type": "Feature", "properties": {"id": "3746", "name": "Ponto 3746"}, "geometry": {"type": "Point", "coordinates": [-39.00848038823251, -4.962519926617199]}}, {"type": "Feature", "properties": {"id": "3747", "name": "Ponto 3747"}, "geometry": {"type": "Point", "coordinates": [-39.023753521062176, -4.966694228751461]}}, {"type": "Feature", "properties": {"id": "3748", "name": "Ponto 3748"}, "geometry": {"type": "Point", "coordinates": [-39.01098933806155, -4.968757738653162]}}, {"type": "Feature", "properties": {"id": "3749", "name": "Ponto 3749"}, "geometry": {"type": "Point", "coordinates": [-39.01046861639298, -4.972337232524355]}}, {"type": "Feature", "properties": {"id": "3750", "name": "Ponto 3750"}, "geometry": {"type": "Point", "coordinates": [-39.02428604092239, -4.969157253037819]}}, {"type": "Feature", "properties": {"id": "3751", "name": "Ponto 3751"}, "geometry": {"type": "Point", "coordinates": [-39.029684026526695, -4.967372386339813]}}, {"type": "Feature", "properties": {"id": "3752", "name": "Ponto 3752"}, "geometry": {"type": "Point", "coordinates": [-39.014977898462405, -4.973618107592989]}}, {"type": "Feature", "properties": {"id": "3753", "name": "Ponto 3753"}, "geometry": {"type": "Point", "coordinates": [-39.03131041911489, -4.961476126630736]}}, {"type": "Feature", "properties": {"id": "3754", "name": "Ponto 3754"}, "geometry": {"type": "Point", "coordinates": [-39.01113253074893, -4.963979155784157]}}, {"type": "Feature", "properties": {"id": "3755", "name": "Ponto 3755"}, "geometry": {"type": "Point", "coordinates": [-39.03206612826938, -4.962623277013657]}}, {"type": "Feature", "properties": {"id": "3756", "name": "Ponto 3756"}, "geometry": {"type": "Point", "coordinates": [-39.021628795877604, -4.967224357479583]}}, {"type": "Feature", "properties": {"id": "3757", "name": "Ponto 3757"}, "geometry": {"type": "Point", "coordinates": [-39.015536554279734, -4.966628817247103]}}, {"type": "Feature", "properties": {"id": "3758", "name": "Ponto 3758"}, "geometry": {"type": "Point", "coordinates": [-39.00843061509378, -4.966610022757516]}}, {"type": "Feature", "properties": {"id": "3759", "name": "Ponto 3759"}, "geometry": {"type": "Point", "coordinates": [-39.01060626922669, -4.96848691820931]}}, {"type": "Feature", "properties": {"id": "3760", "name": "Ponto 3760"}, "geometry": {"type": "Point", "coordinates": [-39.02827546051977, -4.9740748520664715]}}, {"type": "Feature", "properties": {"id": "3761", "name": "Ponto 3761"}, "geometry": {"type": "Point", "coordinates": [-39.00923080317404, -4.973037909000339]}}, {"type": "Feature", "properties": {"id": "3762", "name": "Ponto 3762"}, "geometry": {"type": "Point", "coordinates": [-39.00806999991267, -4.965721508416822]}}, {"type": "Feature", "properties": {"id": "3763", "name": "Ponto 3763"}, "geometry": {"type": "Point", "coordinates": [-39.01063251984899, -4.9647131206750625]}}, {"type": "Feature", "properties": {"id": "3764", "name": "Ponto 3764"}, "geometry": {"type": "Point", "coordinates": [-39.020668293942144, -4.97309947842824]}}, {"type": "Feature", "properties": {"id": "3765", "name": "Ponto 3765"}, "geometry": {"type": "Point", "coordinates": [-39.01436919574928, -4.965152604006407]}}, {"type": "Feature", "properties": {"id": "3766", "name": "Ponto 3766"}, "geometry": {"type": "Point", "coordinates": [-39.01005022111059, -4.968193479747768]}}, {"type": "Feature", "properties": {"id": "3767", "name": "Ponto 3767"}, "geometry": {"type": "Point", "coordinates": [-39.01847474207978, -4.964150628220031]}}, {"type": "Feature", "properties": {"id": "3768", "name": "Ponto 3768"}, "geometry": {"type": "Point", "coordinates": [-39.01077923980421, -4.96195466636325]}}, {"type": "Feature", "properties": {"id": "3769", "name": "Ponto 3769"}, "geometry": {"type": "Point", "coordinates": [-39.010585013367724, -4.9626320387729095]}}, {"type": "Feature", "properties": {"id": "3770", "name": "Ponto 3770"}, "geometry": {"type": "Point", "coordinates": [-39.01481120160681, -4.961734509300316]}}, {"type": "Feature", "properties": {"id": "3771", "name": "Ponto 3771"}, "geometry": {"type": "Point", "coordinates": [-39.032488001761216, -4.973811744994746]}}, {"type": "Feature", "properties": {"id": "3772", "name": "Ponto 3772"}, "geometry": {"type": "Point", "coordinates": [-39.023052440161884, -4.968976674124194]}}, {"type": "Feature", "properties": {"id": "3773", "name": "Ponto 3773"}, "geometry": {"type": "Point", "coordinates": [-39.031722834853085, -4.9611154496626835]}}, {"type": "Feature", "properties": {"id": "3774", "name": "Ponto 3774"}, "geometry": {"type": "Point", "coordinates": [-39.00888679049692, -4.972359883844002]}}, {"type": "Feature", "properties": {"id": "3775", "name": "Ponto 3775"}, "geometry": {"type": "Point", "coordinates": [-39.018318796314716, -4.974302823549844]}}, {"type": "Feature", "properties": {"id": "3776", "name": "Ponto 3776"}, "geometry": {"type": "Point", "coordinates": [-39.03121051014199, -4.9634649200742675]}}, {"type": "Feature", "properties": {"id": "3777", "name": "Ponto 3777"}, "geometry": {"type": "Point", "coordinates": [-39.00690863913548, -4.964979619439726]}}, {"type": "Feature", "properties": {"id": "3778", "name": "Ponto 3778"}, "geometry": {"type": "Point", "coordinates": [-39.00884733796623, -4.967262221016406]}}, {"type": "Feature", "properties": {"id": "3779", "name": "Ponto 3779"}, "geometry": {"type": "Point", "coordinates": [-39.01128864581845, -4.973882795805745]}}, {"type": "Feature", "properties": {"id": "3780", "name": "Ponto 3780"}, "geometry": {"type": "Point", "coordinates": [-39.01057592397595, -4.96181975911765]}}, {"type": "Feature", "properties": {"id": "3781", "name": "Ponto 3781"}, "geometry": {"type": "Point", "coordinates": [-39.01659028749234, -4.965443214416145]}}, {"type": "Feature", "properties": {"id": "3782", "name": "Ponto 3782"}, "geometry": {"type": "Point", "coordinates": [-39.02902333015011, -4.971817195065514]}}, {"type": "Feature", "properties": {"id": "3783", "name": "Ponto 3783"}, "geometry": {"type": "Point", "coordinates": [-39.02819401605295, -4.963132085068751]}}, {"type": "Feature", "properties": {"id": "3784", "name": "Ponto 3784"}, "geometry": {"type": "Point", "coordinates": [-39.00657690081492, -4.963034558328618]}}, {"type": "Feature", "properties": {"id": "3785", "name": "Ponto 3785"}, "geometry": {"type": "Point", "coordinates": [-39.027614810349164, -4.964571737550239]}}, {"type": "Feature", "properties": {"id": "3786", "name": "Ponto 3786"}, "geometry": {"type": "Point", "coordinates": [-39.02245490156009, -4.972404007270146]}}, {"type": "Feature", "properties": {"id": "3787", "name": "Ponto 3787"}, "geometry": {"type": "Point", "coordinates": [-39.01041587123369, -4.9733743286048195]}}, {"type": "Feature", "properties": {"id": "3788", "name": "Ponto 3788"}, "geometry": {"type": "Point", "coordinates": [-39.02421266749209, -4.971070839992663]}}, {"type": "Feature", "properties": {"id": "3789", "name": "Ponto 3789"}, "geometry": {"type": "Point", "coordinates": [-39.024204694641114, -4.961815070648542]}}, {"type": "Feature", "properties": {"id": "3790", "name": "Ponto 3790"}, "geometry": {"type": "Point", "coordinates": [-39.02458160623276, -4.967052421090166]}}, {"type": "Feature", "properties": {"id": "3791", "name": "Ponto 3791"}, "geometry": {"type": "Point", "coordinates": [-39.03145328247039, -4.969372242339161]}}, {"type": "Feature", "properties": {"id": "3792", "name": "Ponto 3792"}, "geometry": {"type": "Point", "coordinates": [-39.00928258129389, -4.970357016191654]}}, {"type": "Feature", "properties": {"id": "3793", "name": "Ponto 3793"}, "geometry": {"type": "Point", "coordinates": [-39.01529137141358, -4.967603792263771]}}, {"type": "Feature", "properties": {"id": "3794", "name": "Ponto 3794"}, "geometry": {"type": "Point", "coordinates": [-39.02053067345283, -4.962522015715061]}}, {"type": "Feature", "properties": {"id": "3795", "name": "Ponto 3795"}, "geometry": {"type": "Point", "coordinates": [-39.02801573814324, -4.964585460851862]}}, {"type": "Feature", "properties": {"id": "3796", "name": "Ponto 3796"}, "geometry": {"type": "Point", "coordinates": [-39.02817871692243, -4.96670247068136]}}, {"type": "Feature", "properties": {"id": "3797", "name": "Ponto 3797"}, "geometry": {"type": "Point", "coordinates": [-39.026150662316304, -4.966012393161277]}}, {"type": "Feature", "properties": {"id": "3798", "name": "Ponto 3798"}, "geometry": {"type": "Point", "coordinates": [-39.009844311166994, -4.964471519344984]}}, {"type": "Feature", "properties": {"id": "3799", "name": "Ponto 3799"}, "geometry": {"type": "Point", "coordinates": [-39.01524312336316, -4.967849612917911]}}, {"type": "Feature", "properties": {"id": "3800", "name": "Ponto 3800"}, "geometry": {"type": "Point", "coordinates": [-39.020436536002606, -4.965116922134529]}}, {"type": "Feature", "properties": {"id": "3801", "name": "Ponto 3801"}, "geometry": {"type": "Point", "coordinates": [-39.02969156870709, -4.962740550982731]}}, {"type": "Feature", "properties": {"id": "3802", "name": "Ponto 3802"}, "geometry": {"type": "Point", "coordinates": [-39.02511437623405, -4.962690177925402]}}, {"type": "Feature", "properties": {"id": "3803", "name": "Ponto 3803"}, "geometry": {"type": "Point", "coordinates": [-39.01478333244631, -4.961622947580191]}}, {"type": "Feature", "properties": {"id": "3804", "name": "Ponto 3804"}, "geometry": {"type": "Point", "coordinates": [-39.008205751785766, -4.966470691546788]}}, {"type": "Feature", "properties": {"id": "3805", "name": "Ponto 3805"}, "geometry": {"type": "Point", "coordinates": [-39.02300532309904, -4.973169759488768]}}, {"type": "Feature", "properties": {"id": "3806", "name": "Ponto 3806"}, "geometry": {"type": "Point", "coordinates": [-39.01350300645698, -4.968087604537447]}}, {"type": "Feature", "properties": {"id": "3807", "name": "Ponto 3807"}, "geometry": {"type": "Point", "coordinates": [-39.00792098642625, -4.961458112797879]}}, {"type": "Feature", "properties": {"id": "3808", "name": "Ponto 3808"}, "geometry": {"type": "Point", "coordinates": [-39.01564608650471, -4.963794614872384]}}, {"type": "Feature", "properties": {"id": "3809", "name": "Ponto 3809"}, "geometry": {"type": "Point", "coordinates": [-39.031834933585735, -4.970980941902477]}}, {"type": "Feature", "properties": {"id": "3810", "name": "Ponto 3810"}, "geometry": {"type": "Point", "coordinates": [-39.00990443754878, -4.965885901206968]}}, {"type": "Feature", "properties": {"id": "3811", "name": "Ponto 3811"}, "geometry": {"type": "Point", "coordinates": [-39.02372923531548, -4.970130041999442]}}, {"type": "Feature", "properties": {"id": "3812", "name": "Ponto 3812"}, "geometry": {"type": "Point", "coordinates": [-39.03234309751968, -4.967571453515156]}}, {"type": "Feature", "properties": {"id": "3813", "name": "Ponto 3813"}, "geometry": {"type": "Point", "coordinates": [-39.023951577445764, -4.974216050294767]}}, {"type": "Feature", "properties": {"id": "3814", "name": "Ponto 3814"}, "geometry": {"type": "Point", "coordinates": [-39.01674563170263, -4.973961131410875]}}, {"type": "Feature", "properties": {"id": "3815", "name": "Ponto 3815"}, "geometry": {"type": "Point", "coordinates": [-39.03080378547467, -4.97102458645404]}}, {"type": "Feature", "properties": {"id": "3816", "name": "Ponto 3816"}, "geometry": {"type": "Point", "coordinates": [-39.01350071006629, -4.969667409546228]}}, {"type": "Feature", "properties": {"id": "3817", "name": "Ponto 3817"}, "geometry": {"type": "Point", "coordinates": [-39.031082083376326, -4.968444380168029]}}, {"type": "Feature", "properties": {"id": "3818", "name": "Ponto 3818"}, "geometry": {"type": "Point", "coordinates": [-39.027606051912585, -4.964188462502638]}}, {"type": "Feature", "properties": {"id": "3819", "name": "Ponto 3819"}, "geometry": {"type": "Point", "coordinates": [-39.032162583906995, -4.967557097483375]}}, {"type": "Feature", "properties": {"id": "3820", "name": "Ponto 3820"}, "geometry": {"type": "Point", "coordinates": [-39.01118653072763, -4.9648990704052345]}}, {"type": "Feature", "properties": {"id": "3821", "name": "Ponto 3821"}, "geometry": {"type": "Point", "coordinates": [-39.02866987350087, -4.969582551149466]}}, {"type": "Feature", "properties": {"id": "3822", "name": "Ponto 3822"}, "geometry": {"type": "Point", "coordinates": [-39.008621246250264, -4.9657766939933925]}}, {"type": "Feature", "properties": {"id": "3823", "name": "Ponto 3823"}, "geometry": {"type": "Point", "coordinates": [-39.0255994739568, -4.971358237930803]}}, {"type": "Feature", "properties": {"id": "3824", "name": "Ponto 3824"}, "geometry": {"type": "Point", "coordinates": [-39.0071487872255, -4.966365967162204]}}, {"type": "Feature", "properties": {"id": "3825", "name": "Ponto 3825"}, "geometry": {"type": "Point", "coordinates": [-39.00876764000153, -4.964303623427127]}}, {"type": "Feature", "properties": {"id": "3826", "name": "Ponto 3826"}, "geometry": {"type": "Point", "coordinates": [-39.02799171482197, -4.970993739073973]}}, {"type": "Feature", "properties": {"id": "3827", "name": "Ponto 3827"}, "geometry": {"type": "Point", "coordinates": [-39.029702323834556, -4.966944970013271]}}, {"type": "Feature", "properties": {"id": "3828", "name": "Ponto 3828"}, "geometry": {"type": "Point", "coordinates": [-39.02688264138126, -4.964954170014328]}}, {"type": "Feature", "properties": {"id": "3829", "name": "Ponto 3829"}, "geometry": {"type": "Point", "coordinates": [-39.01688772980197, -4.970959792991745]}}, {"type": "Feature", "properties": {"id": "3830", "name": "Ponto 3830"}, "geometry": {"type": "Point", "coordinates": [-39.01980654166161, -4.9652139492183975]}}, {"type": "Feature", "properties": {"id": "3831", "name": "Ponto 3831"}, "geometry": {"type": "Point", "coordinates": [-39.02691264194473, -4.964835588773905]}}, {"type": "Feature", "properties": {"id": "3832", "name": "Ponto 3832"}, "geometry": {"type": "Point", "coordinates": [-39.009699379702994, -4.961783236200232]}}, {"type": "Feature", "properties": {"id": "3833", "name": "Ponto 3833"}, "geometry": {"type": "Point", "coordinates": [-39.02691711763385, -4.965804786650376]}}, {"type": "Feature", "properties": {"id": "3834", "name": "Ponto 3834"}, "geometry": {"type": "Point", "coordinates": [-39.01354758347474, -4.972924881183569]}}, {"type": "Feature", "properties": {"id": "3835", "name": "Ponto 3835"}, "geometry": {"type": "Point", "coordinates": [-39.02625238953507, -4.969278432718669]}}, {"type": "Feature", "properties": {"id": "3836", "name": "Ponto 3836"}, "geometry": {"type": "Point", "coordinates": [-39.02813966569648, -4.971067436792003]}}, {"type": "Feature", "properties": {"id": "3837", "name": "Ponto 3837"}, "geometry": {"type": "Point", "coordinates": [-39.01871173877994, -4.964589772418079]}}, {"type": "Feature", "properties": {"id": "3838", "name": "Ponto 3838"}, "geometry": {"type": "Point", "coordinates": [-39.009785335097945, -4.96259576801445]}}, {"type": "Feature", "properties": {"id": "3839", "name": "Ponto 3839"}, "geometry": {"type": "Point", "coordinates": [-39.01474914465627, -4.97131064330695]}}, {"type": "Feature", "properties": {"id": "3840", "name": "Ponto 3840"}, "geometry": {"type": "Point", "coordinates": [-39.017386838761134, -4.972192750199899]}}, {"type": "Feature", "properties": {"id": "3841", "name": "Ponto 3841"}, "geometry": {"type": "Point", "coordinates": [-39.01818691199283, -4.962579062744741]}}, {"type": "Feature", "properties": {"id": "3842", "name": "Ponto 3842"}, "geometry": {"type": "Point", "coordinates": [-39.008171331020776, -4.971782393747222]}}, {"type": "Feature", "properties": {"id": "3843", "name": "Ponto 3843"}, "geometry": {"type": "Point", "coordinates": [-39.0252265003346, -4.9692410075655395]}}, {"type": "Feature", "properties": {"id": "3844", "name": "Ponto 3844"}, "geometry": {"type": "Point", "coordinates": [-39.01090644360578, -4.9625893979287765]}}, {"type": "Feature", "properties": {"id": "3845", "name": "Ponto 3845"}, "geometry": {"type": "Point", "coordinates": [-39.017266502461155, -4.973803972183911]}}, {"type": "Feature", "properties": {"id": "3846", "name": "Ponto 3846"}, "geometry": {"type": "Point", "coordinates": [-39.0233005304186, -4.972442681296569]}}, {"type": "Feature", "properties": {"id": "3847", "name": "Ponto 3847"}, "geometry": {"type": "Point", "coordinates": [-39.01255099918874, -4.968605389208996]}}, {"type": "Feature", "properties": {"id": "3848", "name": "Ponto 3848"}, "geometry": {"type": "Point", "coordinates": [-39.014400944716, -4.9723155121185]}}, {"type": "Feature", "properties": {"id": "3849", "name": "Ponto 3849"}, "geometry": {"type": "Point", "coordinates": [-39.02711809412255, -4.9701616904617305]}}, {"type": "Feature", "properties": {"id": "3850", "name": "Ponto 3850"}, "geometry": {"type": "Point", "coordinates": [-39.01760346227753, -4.961301711693106]}}, {"type": "Feature", "properties": {"id": "3851", "name": "Ponto 3851"}, "geometry": {"type": "Point", "coordinates": [-39.02001103918059, -4.967575719205704]}}, {"type": "Feature", "properties": {"id": "3852", "name": "Ponto 3852"}, "geometry": {"type": "Point", "coordinates": [-39.00897946017696, -4.969003185761096]}}, {"type": "Feature", "properties": {"id": "3853", "name": "Ponto 3853"}, "geometry": {"type": "Point", "coordinates": [-39.023836017119905, -4.972657045726464]}}, {"type": "Feature", "properties": {"id": "3854", "name": "Ponto 3854"}, "geometry": {"type": "Point", "coordinates": [-39.01284377508577, -4.964736389385098]}}, {"type": "Feature", "properties": {"id": "3855", "name": "Ponto 3855"}, "geometry": {"type": "Point", "coordinates": [-39.02666776760212, -4.972614934497747]}}, {"type": "Feature", "properties": {"id": "3856", "name": "Ponto 3856"}, "geometry": {"type": "Point", "coordinates": [-39.02426342522565, -4.967367539228631]}}, {"type": "Feature", "properties": {"id": "3857", "name": "Ponto 3857"}, "geometry": {"type": "Point", "coordinates": [-39.01746459595292, -4.971489669787225]}}, {"type": "Feature", "properties": {"id": "3858", "name": "Ponto 3858"}, "geometry": {"type": "Point", "coordinates": [-39.01312899175797, -4.961475183567561]}}, {"type": "Feature", "properties": {"id": "3859", "name": "Ponto 3859"}, "geometry": {"type": "Point", "coordinates": [-39.01185256404421, -4.9717269268430275]}}, {"type": "Feature", "properties": {"id": "3860", "name": "Ponto 3860"}, "geometry": {"type": "Point", "coordinates": [-39.0260624227618, -4.972269020133824]}}, {"type": "Feature", "properties": {"id": "3861", "name": "Ponto 3861"}, "geometry": {"type": "Point", "coordinates": [-39.01844498531281, -4.971301972867895]}}, {"type": "Feature", "properties": {"id": "3862", "name": "Ponto 3862"}, "geometry": {"type": "Point", "coordinates": [-39.03176010196611, -4.967172544734573]}}, {"type": "Feature", "properties": {"id": "3863", "name": "Ponto 3863"}, "geometry": {"type": "Point", "coordinates": [-39.016906334348114, -4.9723538121221615]}}, {"type": "Feature", "properties": {"id": "3864", "name": "Ponto 3864"}, "geometry": {"type": "Point", "coordinates": [-39.023960175135485, -4.968193691101621]}}, {"type": "Feature", "properties": {"id": "3865", "name": "Ponto 3865"}, "geometry": {"type": "Point", "coordinates": [-39.01370082870844, -4.967284168989945]}}, {"type": "Feature", "properties": {"id": "3866", "name": "Ponto 3866"}, "geometry": {"type": "Point", "coordinates": [-39.0122841795165, -4.966892295382286]}}, {"type": "Feature", "properties": {"id": "3867", "name": "Ponto 3867"}, "geometry": {"type": "Point", "coordinates": [-39.00661231624274, -4.968934542651835]}}, {"type": "Feature", "properties": {"id": "3868", "name": "Ponto 3868"}, "geometry": {"type": "Point", "coordinates": [-39.015413562096455, -4.971290190243133]}}, {"type": "Feature", "properties": {"id": "3869", "name": "Ponto 3869"}, "geometry": {"type": "Point", "coordinates": [-39.028067943772854, -4.967669485434793]}}, {"type": "Feature", "properties": {"id": "3870", "name": "Ponto 3870"}, "geometry": {"type": "Point", "coordinates": [-39.01544310312467, -4.961555559531381]}}, {"type": "Feature", "properties": {"id": "3871", "name": "Ponto 3871"}, "geometry": {"type": "Point", "coordinates": [-39.02969958114353, -4.970164173509327]}}, {"type": "Feature", "properties": {"id": "3872", "name": "Ponto 3872"}, "geometry": {"type": "Point", "coordinates": [-39.02971569060654, -4.97151486727515]}}, {"type": "Feature", "properties": {"id": "3873", "name": "Ponto 3873"}, "geometry": {"type": "Point", "coordinates": [-39.02019276118608, -4.974058536478647]}}, {"type": "Feature", "properties": {"id": "3874", "name": "Ponto 3874"}, "geometry": {"type": "Point", "coordinates": [-39.01125983122095, -4.962968125115204]}}, {"type": "Feature", "properties": {"id": "3875", "name": "Ponto 3875"}, "geometry": {"type": "Point", "coordinates": [-39.00975085229809, -4.961536987835353]}}, {"type": "Feature", "properties": {"id": "3876", "name": "Ponto 3876"}, "geometry": {"type": "Point", "coordinates": [-39.017405568513304, -4.972280967815306]}}, {"type": "Feature", "properties": {"id": "3877", "name": "Ponto 3877"}, "geometry": {"type": "Point", "coordinates": [-39.012099226483464, -4.963500475634399]}}, {"type": "Feature", "properties": {"id": "3878", "name": "Ponto 3878"}, "geometry": {"type": "Point", "coordinates": [-39.02445390234861, -4.9653750474277825]}}, {"type": "Feature", "properties": {"id": "3879", "name": "Ponto 3879"}, "geometry": {"type": "Point", "coordinates": [-39.01251728346646, -4.972442084028958]}}, {"type": "Feature", "properties": {"id": "3880", "name": "Ponto 3880"}, "geometry": {"type": "Point", "coordinates": [-39.016951326841564, -4.971900988808331]}}, {"type": "Feature", "properties": {"id": "3881", "name": "Ponto 3881"}, "geometry": {"type": "Point", "coordinates": [-39.01050244992843, -4.967859120447795]}}, {"type": "Feature", "properties": {"id": "3882", "name": "Ponto 3882"}, "geometry": {"type": "Point", "coordinates": [-39.01716058407514, -4.971545988615359]}}, {"type": "Feature", "properties": {"id": "3883", "name": "Ponto 3883"}, "geometry": {"type": "Point", "coordinates": [-39.015310794472015, -4.963692417185484]}}, {"type": "Feature", "properties": {"id": "3884", "name": "Ponto 3884"}, "geometry": {"type": "Point", "coordinates": [-39.02378641936924, -4.973553695213669]}}, {"type": "Feature", "properties": {"id": "3885", "name": "Ponto 3885"}, "geometry": {"type": "Point", "coordinates": [-39.010639547058176, -4.9713081784122055]}}, {"type": "Feature", "properties": {"id": "3886", "name": "Ponto 3886"}, "geometry": {"type": "Point", "coordinates": [-39.024318892295895, -4.962870950045494]}}, {"type": "Feature", "properties": {"id": "3887", "name": "Ponto 3887"}, "geometry": {"type": "Point", "coordinates": [-39.00997002495651, -4.970859258180705]}}, {"type": "Feature", "properties": {"id": "3888", "name": "Ponto 3888"}, "geometry": {"type": "Point", "coordinates": [-39.012367746321104, -4.9686418318714445]}}, {"type": "Feature", "properties": {"id": "3889", "name": "Ponto 3889"}, "geometry": {"type": "Point", "coordinates": [-39.019228340220494, -4.973959441632153]}}, {"type": "Feature", "properties": {"id": "3890", "name": "Ponto 3890"}, "geometry": {"type": "Point", "coordinates": [-39.01238408287449, -4.963720982082203]}}, {"type": "Feature", "properties": {"id": "3891", "name": "Ponto 3891"}, "geometry": {"type": "Point", "coordinates": [-39.00905654770316, -4.962615598882809]}}, {"type": "Feature", "properties": {"id": "3892", "name": "Ponto 3892"}, "geometry": {"type": "Point", "coordinates": [-39.00964603009474, -4.969528558000352]}}, {"type": "Feature", "properties": {"id": "3893", "name": "Ponto 3893"}, "geometry": {"type": "Point", "coordinates": [-39.02855431362757, -4.969162514174138]}}, {"type": "Feature", "properties": {"id": "3894", "name": "Ponto 3894"}, "geometry": {"type": "Point", "coordinates": [-39.01086975596137, -4.964949619863907]}}, {"type": "Feature", "properties": {"id": "3895", "name": "Ponto 3895"}, "geometry": {"type": "Point", "coordinates": [-39.02186506400917, -4.964047424922581]}}, {"type": "Feature", "properties": {"id": "3896", "name": "Ponto 3896"}, "geometry": {"type": "Point", "coordinates": [-39.01939560647092, -4.966969416407378]}}, {"type": "Feature", "properties": {"id": "3897", "name": "Ponto 3897"}, "geometry": {"type": "Point", "coordinates": [-39.01603446453755, -4.96969698930499]}}, {"type": "Feature", "properties": {"id": "3898", "name": "Ponto 3898"}, "geometry": {"type": "Point", "coordinates": [-39.02348677411378, -4.966800153191281]}}, {"type": "Feature", "properties": {"id": "3899", "name": "Ponto 3899"}, "geometry": {"type": "Point", "coordinates": [-39.02337661098508, -4.968107622464698]}}, {"type": "Feature", "properties": {"id": "3900", "name": "Ponto 3900"}, "geometry": {"type": "Point", "coordinates": [-39.019429935148914, -4.962184355965971]}}, {"type": "Feature", "properties": {"id": "3901", "name": "Ponto 3901"}, "geometry": {"type": "Point", "coordinates": [-39.01575246141196, -4.971926430285095]}}, {"type": "Feature", "properties": {"id": "3902", "name": "Ponto 3902"}, "geometry": {"type": "Point", "coordinates": [-39.03118297939176, -4.968516438437979]}}, {"type": "Feature", "properties": {"id": "3903", "name": "Ponto 3903"}, "geometry": {"type": "Point", "coordinates": [-39.00839793861645, -4.966511198999634]}}, {"type": "Feature", "properties": {"id": "3904", "name": "Ponto 3904"}, "geometry": {"type": "Point", "coordinates": [-39.02894064455362, -4.962000495768332]}}, {"type": "Feature", "properties": {"id": "3905", "name": "Ponto 3905"}, "geometry": {"type": "Point", "coordinates": [-39.010488599780295, -4.967130570514575]}}, {"type": "Feature", "properties": {"id": "3906", "name": "Ponto 3906"}, "geometry": {"type": "Point", "coordinates": [-39.0172596059057, -4.968943170723866]}}, {"type": "Feature", "properties": {"id": "3907", "name": "Ponto 3907"}, "geometry": {"type": "Point", "coordinates": [-39.03104457730947, -4.966341574987353]}}, {"type": "Feature", "properties": {"id": "3908", "name": "Ponto 3908"}, "geometry": {"type": "Point", "coordinates": [-39.02984888638574, -4.965967288805537]}}, {"type": "Feature", "properties": {"id": "3909", "name": "Ponto 3909"}, "geometry": {"type": "Point", "coordinates": [-39.02471261077102, -4.963985707083968]}}, {"type": "Feature", "properties": {"id": "3910", "name": "Ponto 3910"}, "geometry": {"type": "Point", "coordinates": [-39.01329512127388, -4.970840855326253]}}, {"type": "Feature", "properties": {"id": "3911", "name": "Ponto 3911"}, "geometry": {"type": "Point", "coordinates": [-39.02339793102523, -4.96201794999961]}}, {"type": "Feature", "properties": {"id": "3912", "name": "Ponto 3912"}, "geometry": {"type": "Point", "coordinates": [-39.00907656393553, -4.963495360245467]}}, {"type": "Feature", "properties": {"id": "3913", "name": "Ponto 3913"}, "geometry": {"type": "Point", "coordinates": [-39.008649177692305, -4.967972204749574]}}, {"type": "Feature", "properties": {"id": "3914", "name": "Ponto 3914"}, "geometry": {"type": "Point", "coordinates": [-39.028375291887706, -4.961788247621515]}}, {"type": "Feature", "properties": {"id": "3915", "name": "Ponto 3915"}, "geometry": {"type": "Point", "coordinates": [-39.027137567362075, -4.970156144926522]}}, {"type": "Feature", "properties": {"id": "3916", "name": "Ponto 3916"}, "geometry": {"type": "Point", "coordinates": [-39.028855688196174, -4.961150878830169]}}, {"type": "Feature", "properties": {"id": "3917", "name": "Ponto 3917"}, "geometry": {"type": "Point", "coordinates": [-39.03072691678909, -4.9655536616887375]}}, {"type": "Feature", "properties": {"id": "3918", "name": "Ponto 3918"}, "geometry": {"type": "Point", "coordinates": [-39.00832778829007, -4.965291505105274]}}, {"type": "Feature", "properties": {"id": "3919", "name": "Ponto 3919"}, "geometry": {"type": "Point", "coordinates": [-39.01249976319852, -4.968424585347768]}}, {"type": "Feature", "properties": {"id": "3920", "name": "Ponto 3920"}, "geometry": {"type": "Point", "coordinates": [-39.0194708872409, -4.963648397212819]}}, {"type": "Feature", "properties": {"id": "3921", "name": "Ponto 3921"}, "geometry": {"type": "Point", "coordinates": [-39.023151419691835, -4.964297546869359]}}, {"type": "Feature", "properties": {"id": "3922", "name": "Ponto 3922"}, "geometry": {"type": "Point", "coordinates": [-39.015320016119965, -4.967977128800047]}}, {"type": "Feature", "properties": {"id": "3923", "name": "Ponto 3923"}, "geometry": {"type": "Point", "coordinates": [-39.0220884865476, -4.961157832435042]}}, {"type": "Feature", "properties": {"id": "3924", "name": "Ponto 3924"}, "geometry": {"type": "Point", "coordinates": [-39.018741141909075, -4.969375085197212]}}, {"type": "Feature", "properties": {"id": "3925", "name": "Ponto 3925"}, "geometry": {"type": "Point", "coordinates": [-39.02999835806088, -4.96737103255074]}}, {"type": "Feature", "properties": {"id": "3926", "name": "Ponto 3926"}, "geometry": {"type": "Point", "coordinates": [-39.020725436285794, -4.968450567305831]}}, {"type": "Feature", "properties": {"id": "3927", "name": "Ponto 3927"}, "geometry": {"type": "Point", "coordinates": [-39.010556541581494, -4.969498521896061]}}, {"type": "Feature", "properties": {"id": "3928", "name": "Ponto 3928"}, "geometry": {"type": "Point", "coordinates": [-39.02633052514983, -4.97435295476315]}}, {"type": "Feature", "properties": {"id": "3929", "name": "Ponto 3929"}, "geometry": {"type": "Point", "coordinates": [-39.019003437896764, -4.973752038214007]}}, {"type": "Feature", "properties": {"id": "3930", "name": "Ponto 3930"}, "geometry": {"type": "Point", "coordinates": [-39.02115869342409, -4.97017962989317]}}, {"type": "Feature", "properties": {"id": "3931", "name": "Ponto 3931"}, "geometry": {"type": "Point", "coordinates": [-39.02346260388907, -4.9664171984687675]}}, {"type": "Feature", "properties": {"id": "3932", "name": "Ponto 3932"}, "geometry": {"type": "Point", "coordinates": [-39.01546672184641, -4.971918446526753]}}, {"type": "Feature", "properties": {"id": "3933", "name": "Ponto 3933"}, "geometry": {"type": "Point", "coordinates": [-39.02312084894437, -4.970259358504692]}}, {"type": "Feature", "properties": {"id": "3934", "name": "Ponto 3934"}, "geometry": {"type": "Point", "coordinates": [-39.01869305789098, -4.962566559964853]}}, {"type": "Feature", "properties": {"id": "3935", "name": "Ponto 3935"}, "geometry": {"type": "Point", "coordinates": [-39.01203355963216, -4.961388132497028]}}, {"type": "Feature", "properties": {"id": "3936", "name": "Ponto 3936"}, "geometry": {"type": "Point", "coordinates": [-39.013936037165315, -4.969367473821391]}}, {"type": "Feature", "properties": {"id": "3937", "name": "Ponto 3937"}, "geometry": {"type": "Point", "coordinates": [-39.01348844318686, -4.962877344067224]}}, {"type": "Feature", "properties": {"id": "3938", "name": "Ponto 3938"}, "geometry": {"type": "Point", "coordinates": [-39.013148500608104, -4.962255450772372]}}, {"type": "Feature", "properties": {"id": "3939", "name": "Ponto 3939"}, "geometry": {"type": "Point", "coordinates": [-39.01147744496629, -4.9732397939822315]}}, {"type": "Feature", "properties": {"id": "3940", "name": "Ponto 3940"}, "geometry": {"type": "Point", "coordinates": [-39.01986909865429, -4.965291609656466]}}, {"type": "Feature", "properties": {"id": "3941", "name": "Ponto 3941"}, "geometry": {"type": "Point", "coordinates": [-39.02530510436879, -4.974286950994035]}}, {"type": "Feature", "properties": {"id": "3942", "name": "Ponto 3942"}, "geometry": {"type": "Point", "coordinates": [-39.027771825126756, -4.973951858727733]}}, {"type": "Feature", "properties": {"id": "3943", "name": "Ponto 3943"}, "geometry": {"type": "Point", "coordinates": [-39.009214251420296, -4.97350152128452]}}, {"type": "Feature", "properties": {"id": "3944", "name": "Ponto 3944"}, "geometry": {"type": "Point", "coordinates": [-39.010777509348955, -4.961284631304708]}}, {"type": "Feature", "properties": {"id": "3945", "name": "Ponto 3945"}, "geometry": {"type": "Point", "coordinates": [-39.0259808676053, -4.973858414239893]}}, {"type": "Feature", "properties": {"id": "3946", "name": "Ponto 3946"}, "geometry": {"type": "Point", "coordinates": [-39.020326213791, -4.9716994039598115]}}, {"type": "Feature", "properties": {"id": "3947", "name": "Ponto 3947"}, "geometry": {"type": "Point", "coordinates": [-39.03007774002928, -4.971343857953339]}}, {"type": "Feature", "properties": {"id": "3948", "name": "Ponto 3948"}, "geometry": {"type": "Point", "coordinates": [-39.02109770211288, -4.967380929956077]}}, {"type": "Feature", "properties": {"id": "3949", "name": "Ponto 3949"}, "geometry": {"type": "Point", "coordinates": [-39.03143583159932, -4.969232102370312]}}, {"type": "Feature", "properties": {"id": "3950", "name": "Ponto 3950"}, "geometry": {"type": "Point", "coordinates": [-39.02220780038591, -4.970686627153157]}}, {"type": "Feature", "properties": {"id": "3951", "name": "Ponto 3951"}, "geometry": {"type": "Point", "coordinates": [-39.018648317071396, -4.9635968914021555]}}, {"type": "Feature", "properties": {"id": "3952", "name": "Ponto 3952"}, "geometry": {"type": "Point", "coordinates": [-39.00713255774959, -4.970976056691757]}}, {"type": "Feature", "properties": {"id": "3953", "name": "Ponto 3953"}, "geometry": {"type": "Point", "coordinates": [-39.02149344006081, -4.96274309007286]}}, {"type": "Feature", "properties": {"id": "3954", "name": "Ponto 3954"}, "geometry": {"type": "Point", "coordinates": [-39.01903264509758, -4.964641301084965]}}, {"type": "Feature", "properties": {"id": "3955", "name": "Ponto 3955"}, "geometry": {"type": "Point", "coordinates": [-39.03114093123763, -4.967276797416155]}}, {"type": "Feature", "properties": {"id": "3956", "name": "Ponto 3956"}, "geometry": {"type": "Point", "coordinates": [-39.02760924684306, -4.9719664979273865]}}, {"type": "Feature", "properties": {"id": "3957", "name": "Ponto 3957"}, "geometry": {"type": "Point", "coordinates": [-39.00869024341875, -4.962119421227373]}}, {"type": "Feature", "properties": {"id": "3958", "name": "Ponto 3958"}, "geometry": {"type": "Point", "coordinates": [-39.02477512505206, -4.966641879627824]}}, {"type": "Feature", "properties": {"id": "3959", "name": "Ponto 3959"}, "geometry": {"type": "Point", "coordinates": [-39.022603169974616, -4.969276697993527]}}, {"type": "Feature", "properties": {"id": "3960", "name": "Ponto 3960"}, "geometry": {"type": "Point", "coordinates": [-39.02784298301483, -4.96878301169389]}}, {"type": "Feature", "properties": {"id": "3961", "name": "Ponto 3961"}, "geometry": {"type": "Point", "coordinates": [-39.021364903263176, -4.969343418566234]}}, {"type": "Feature", "properties": {"id": "3962", "name": "Ponto 3962"}, "geometry": {"type": "Point", "coordinates": [-39.02708597674047, -4.969942711357744]}}, {"type": "Feature", "properties": {"id": "3963", "name": "Ponto 3963"}, "geometry": {"type": "Point", "coordinates": [-39.01116663515402, -4.969362886749326]}}, {"type": "Feature", "properties": {"id": "3964", "name": "Ponto 3964"}, "geometry": {"type": "Point", "coordinates": [-39.007713317287234, -4.9631042279143145]}}, {"type": "Feature", "properties": {"id": "3965", "name": "Ponto 3965"}, "geometry": {"type": "Point", "coordinates": [-39.01373931746444, -4.961771444486081]}}, {"type": "Feature", "properties": {"id": "3966", "name": "Ponto 3966"}, "geometry": {"type": "Point", "coordinates": [-39.00747729666702, -4.973121466824111]}}, {"type": "Feature", "properties": {"id": "3967", "name": "Ponto 3967"}, "geometry": {"type": "Point", "coordinates": [-39.02333671492561, -4.969784025813905]}}, {"type": "Feature", "properties": {"id": "3968", "name": "Ponto 3968"}, "geometry": {"type": "Point", "coordinates": [-39.02001137851935, -4.970962240829694]}}, {"type": "Feature", "properties": {"id": "3969", "name": "Ponto 3969"}, "geometry": {"type": "Point", "coordinates": [-39.0272009362201, -4.961715334625283]}}, {"type": "Feature", "properties": {"id": "3970", "name": "Ponto 3970"}, "geometry": {"type": "Point", "coordinates": [-39.011737770817305, -4.961260527150283]}}, {"type": "Feature", "properties": {"id": "3971", "name": "Ponto 3971"}, "geometry": {"type": "Point", "coordinates": [-39.01448854815755, -4.968334031934728]}}, {"type": "Feature", "properties": {"id": "3972", "name": "Ponto 3972"}, "geometry": {"type": "Point", "coordinates": [-39.026618141584244, -4.971383128626145]}}, {"type": "Feature", "properties": {"id": "3973", "name": "Ponto 3973"}, "geometry": {"type": "Point", "coordinates": [-39.024157135032475, -4.963870426040982]}}, {"type": "Feature", "properties": {"id": "3974", "name": "Ponto 3974"}, "geometry": {"type": "Point", "coordinates": [-39.014338240209426, -4.9701093060335895]}}, {"type": "Feature", "properties": {"id": "3975", "name": "Ponto 3975"}, "geometry": {"type": "Point", "coordinates": [-39.00824370627048, -4.965604228308577]}}, {"type": "Feature", "properties": {"id": "3976", "name": "Ponto 3976"}, "geometry": {"type": "Point", "coordinates": [-39.02525965919419, -4.965252897891511]}}, {"type": "Feature", "properties": {"id": "3977", "name": "Ponto 3977"}, "geometry": {"type": "Point", "coordinates": [-39.01980384345402, -4.965043699551308]}}, {"type": "Feature", "properties": {"id": "3978", "name": "Ponto 3978"}, "geometry": {"type": "Point", "coordinates": [-39.02262676058327, -4.9712786639637345]}}, {"type": "Feature", "properties": {"id": "3979", "name": "Ponto 3979"}, "geometry": {"type": "Point", "coordinates": [-39.006924152437826, -4.971306102318485]}}, {"type": "Feature", "properties": {"id": "3980", "name": "Ponto 3980"}, "geometry": {"type": "Point", "coordinates": [-39.022595953207315, -4.968934600618813]}}, {"type": "Feature", "properties": {"id": "3981", "name": "Ponto 3981"}, "geometry": {"type": "Point", "coordinates": [-39.02521805768831, -4.972307615137362]}}, {"type": "Feature", "properties": {"id": "3982", "name": "Ponto 3982"}, "geometry": {"type": "Point", "coordinates": [-39.01556450526906, -4.964352122279113]}}, {"type": "Feature", "properties": {"id": "3983", "name": "Ponto 3983"}, "geometry": {"type": "Point", "coordinates": [-39.01563742655663, -4.9623700867555725]}}, {"type": "Feature", "properties": {"id": "3984", "name": "Ponto 3984"}, "geometry": {"type": "Point", "coordinates": [-39.02875100872516, -4.962994648313843]}}, {"type": "Feature", "properties": {"id": "3985", "name": "Ponto 3985"}, "geometry": {"type": "Point", "coordinates": [-39.02194146034599, -4.961146681974148]}}, {"type": "Feature", "properties": {"id": "3986", "name": "Ponto 3986"}, "geometry": {"type": "Point", "coordinates": [-39.006576456903396, -4.965719275056115]}}, {"type": "Feature", "properties": {"id": "3987", "name": "Ponto 3987"}, "geometry": {"type": "Point", "coordinates": [-39.02753435569007, -4.96751254652232]}}, {"type": "Feature", "properties": {"id": "3988", "name": "Ponto 3988"}, "geometry": {"type": "Point", "coordinates": [-39.02512990185752, -4.9737637050683565]}}, {"type": "Feature", "properties": {"id": "3989", "name": "Ponto 3989"}, "geometry": {"type": "Point", "coordinates": [-39.030623532474884, -4.964878283242829]}}, {"type": "Feature", "properties": {"id": "3990", "name": "Ponto 3990"}, "geometry": {"type": "Point", "coordinates": [-39.01644145101112, -4.963190784028151]}}, {"type": "Feature", "properties": {"id": "3991", "name": "Ponto 3991"}, "geometry": {"type": "Point", "coordinates": [-39.01558189035659, -4.969034563366976]}}, {"type": "Feature", "properties": {"id": "3992", "name": "Ponto 3992"}, "geometry": {"type": "Point", "coordinates": [-39.02690817964108, -4.970987748168082]}}, {"type": "Feature", "properties": {"id": "3993", "name": "Ponto 3993"}, "geometry": {"type": "Point", "coordinates": [-39.011026491667, -4.965484824588598]}}, {"type": "Feature", "properties": {"id": "3994", "name": "Ponto 3994"}, "geometry": {"type": "Point", "coordinates": [-39.015364961418435, -4.9621531577810485]}}, {"type": "Feature", "properties": {"id": "3995", "name": "Ponto 3995"}, "geometry": {"type": "Point", "coordinates": [-39.03070397864653, -4.969742281366256]}}, {"type": "Feature", "properties": {"id": "3996", "name": "Ponto 3996"}, "geometry": {"type": "Point", "coordinates": [-39.01376116116511, -4.96128409125601]}}, {"type": "Feature", "properties": {"id": "3997", "name": "Ponto 3997"}, "geometry": {"type": "Point", "coordinates": [-39.01695473238276, -4.960895296831228]}}, {"type": "Feature", "properties": {"id": "3998", "name": "Ponto 3998"}, "geometry": {"type": "Point", "coordinates": [-39.02905701926747, -4.963964624007392]}}, {"type": "Feature", "properties": {"id": "3999", "name": "Ponto 3999"}, "geometry": {"type": "Point", "coordinates": [-39.02343351242473, -4.961931716565811]}}]}